-- phpMyAdmin SQL Dump
-- version 4.9.5
-- https://www.phpmyadmin.net/
--
-- Host: localhost:3306
-- Generation Time: Jun 19, 2021 at 02:52 PM
-- Server version: 5.6.41-84.1
-- PHP Version: 7.3.28

SET SQL_MODE = "NO_AUTO_VALUE_ON_ZERO";
SET AUTOCOMMIT = 0;
START TRANSACTION;
SET time_zone = "+00:00";


/*!40101 SET @OLD_CHARACTER_SET_CLIENT=@@CHARACTER_SET_CLIENT */;
/*!40101 SET @OLD_CHARACTER_SET_RESULTS=@@CHARACTER_SET_RESULTS */;
/*!40101 SET @OLD_COLLATION_CONNECTION=@@COLLATION_CONNECTION */;
/*!40101 SET NAMES utf8mb4 */;

--
-- Database: `euroinst_latest-euroinst_institute_soft`
--

-- --------------------------------------------------------

--
-- Table structure for table `accounts`
--

CREATE TABLE `accounts` (
  `id` int(10) UNSIGNED NOT NULL,
  `student_id` int(10) UNSIGNED NOT NULL,
  `course_id` int(10) UNSIGNED NOT NULL,
  `discount_percent` decimal(8,2) NOT NULL,
  `discount_amount` decimal(8,2) NOT NULL,
  `installment_quantity` int(10) UNSIGNED NOT NULL,
  `user_id` int(10) UNSIGNED DEFAULT NULL,
  `created_at` timestamp NULL DEFAULT NULL,
  `updated_at` timestamp NULL DEFAULT NULL
) ENGINE=InnoDB DEFAULT CHARSET=utf8;

--
-- Dumping data for table `accounts`
--

INSERT INTO `accounts` (`id`, `student_id`, `course_id`, `discount_percent`, `discount_amount`, `installment_quantity`, `user_id`, `created_at`, `updated_at`) VALUES
(2, 2, 6, 0.00, 0.00, 1, 3, '2020-01-27 17:35:38', '2020-02-26 12:12:51'),
(3, 3, 6, 0.00, 0.00, 1, 1, '2020-01-27 17:37:35', '2020-01-27 17:37:35'),
(9, 9, 5, 0.00, 2000.00, 1, 3, '2020-01-28 15:53:45', '2020-01-28 15:53:45'),
(10, 10, 5, 0.00, 2000.00, 1, 3, '2020-01-29 11:39:55', '2020-01-29 11:39:55'),
(11, 11, 3, 0.00, 2000.00, 1, 3, '2020-01-29 13:51:15', '2020-02-05 15:10:07'),
(12, 12, 3, 0.00, 2000.00, 1, 3, '2020-01-29 14:04:58', '2020-02-05 15:10:54'),
(14, 15, 1, 0.00, 0.00, 1, 3, '2020-01-30 11:12:21', '2020-01-30 11:12:21'),
(17, 16, 1, 0.00, 0.00, 1, 3, '2020-01-30 11:42:12', '2020-01-30 11:42:12'),
(18, 19, 2, 0.00, 0.00, 1, 3, '2020-01-30 13:17:16', '2020-02-03 17:36:07'),
(19, 21, 3, 0.00, 0.00, 1, 1, '2020-01-30 13:19:00', '2020-01-30 13:19:00'),
(22, 22, 3, 0.00, 0.00, 1, 1, '2020-01-30 13:32:12', '2020-01-30 13:32:12'),
(26, 26, 3, 0.00, 0.00, 1, 1, '2020-01-30 13:43:25', '2020-01-30 13:43:25'),
(29, 29, 1, 0.00, 0.00, 1, 1, '2020-01-30 15:16:06', '2020-01-30 15:16:06'),
(31, 31, 7, 0.00, 0.00, 1, 1, '2020-01-31 11:23:58', '2020-01-31 11:23:58'),
(33, 33, 3, 0.00, 0.00, 1, 3, '2020-01-31 11:42:50', '2020-01-31 11:42:50'),
(34, 35, 1, 0.00, 0.00, 1, 3, '2020-01-31 12:10:47', '2020-01-31 12:10:47'),
(36, 36, 1, 0.00, 0.00, 1, 1, '2020-01-31 12:26:12', '2020-01-31 12:26:12'),
(37, 37, 1, 0.00, 0.00, 1, 3, '2020-01-31 12:31:12', '2020-01-31 12:31:12'),
(39, 39, 1, 0.00, 0.00, 1, 3, '2020-01-31 16:32:41', '2020-01-31 16:32:41'),
(40, 41, 2, 0.00, 0.00, 1, 3, '2020-01-31 17:13:11', '2020-01-31 17:13:11'),
(41, 40, 3, 0.00, 0.00, 1, 1, '2020-01-31 17:14:43', '2020-02-04 11:12:31'),
(42, 42, 1, 0.00, 0.00, 1, 1, '2020-01-31 17:27:25', '2020-01-31 17:27:25'),
(43, 43, 2, 0.00, 0.00, 1, 3, '2020-01-31 17:28:55', '2020-01-31 17:28:55'),
(44, 44, 5, 0.00, 0.00, 1, 1, '2020-01-31 17:40:03', '2020-01-31 17:40:03'),
(45, 45, 2, 0.00, 0.00, 1, 3, '2020-01-31 17:43:18', '2020-01-31 17:43:18'),
(46, 46, 5, 0.00, 0.00, 1, 1, '2020-01-31 17:50:43', '2020-01-31 17:50:43'),
(47, 47, 2, 0.00, 0.00, 1, 3, '2020-01-31 17:55:38', '2020-01-31 17:55:38'),
(48, 48, 5, 0.00, 0.00, 1, 1, '2020-01-31 17:57:10', '2020-01-31 17:57:10'),
(49, 49, 5, 0.00, 0.00, 1, 1, '2020-01-31 18:07:48', '2020-01-31 18:07:48'),
(50, 50, 5, 0.00, 0.00, 1, 3, '2020-01-31 18:13:14', '2020-01-31 18:13:14'),
(51, 51, 5, 0.00, 0.00, 1, 1, '2020-01-31 18:18:11', '2020-01-31 18:18:11'),
(52, 52, 5, 0.00, 0.00, 1, 3, '2020-01-31 18:25:34', '2020-01-31 18:25:34'),
(53, 53, 5, 0.00, 0.00, 1, 1, '2020-01-31 18:25:43', '2020-01-31 18:25:43'),
(54, 54, 5, 0.00, 0.00, 1, 3, '2020-01-31 18:33:54', '2020-01-31 18:33:54'),
(55, 55, 5, 0.00, 0.00, 1, 1, '2020-01-31 18:41:47', '2020-01-31 18:41:47'),
(56, 56, 1, 0.00, 0.00, 1, 1, '2020-01-31 18:55:23', '2020-01-31 18:55:23'),
(57, 57, 2, 0.00, 0.00, 1, 3, '2020-01-31 18:59:19', '2020-01-31 18:59:19'),
(58, 59, 5, 0.00, 0.00, 1, 3, '2020-01-31 19:13:11', '2020-01-31 19:13:11'),
(59, 58, 1, 0.00, 0.00, 1, 1, '2020-01-31 19:13:58', '2020-01-31 19:13:58'),
(60, 60, 2, 0.00, 0.00, 1, 1, '2020-01-31 19:24:11', '2020-02-15 09:53:50'),
(61, 61, 2, 0.00, 0.00, 1, 3, '2020-01-31 19:26:43', '2020-01-31 19:26:43'),
(62, 62, 1, 0.00, 0.00, 1, 1, '2020-01-31 19:35:37', '2020-01-31 19:35:37'),
(64, 63, 2, 0.00, 0.00, 1, 1, '2020-01-31 19:44:16', '2020-01-31 19:44:16'),
(65, 65, 1, 0.00, 0.00, 1, 1, '2020-01-31 19:57:06', '2020-01-31 19:57:06'),
(68, 68, 1, 0.00, 0.00, 1, 3, '2020-02-02 08:46:01', '2020-02-02 08:46:01'),
(72, 73, 2, 0.00, 0.00, 1, 3, '2020-02-02 10:32:55', '2020-02-09 13:17:11'),
(76, 77, 5, 0.00, 0.00, 1, 3, '2020-02-02 10:49:32', '2020-02-02 10:49:32'),
(82, 83, 1, 0.00, 0.00, 1, 1, '2020-02-02 11:03:10', '2020-02-02 11:03:10'),
(83, 85, 5, 0.00, 0.00, 1, 3, '2020-02-02 11:03:59', '2020-02-02 11:03:59'),
(86, 89, 1, 0.00, 0.00, 1, 1, '2020-02-02 11:20:19', '2020-02-02 11:20:19'),
(89, 93, 1, 0.00, 0.00, 1, 1, '2020-02-02 11:29:18', '2020-02-02 11:29:18'),
(103, 105, 6, 0.00, 0.00, 1, 1, '2020-02-02 12:17:01', '2020-02-02 12:17:01'),
(110, 111, 1, 0.00, 0.00, 1, 3, '2020-02-02 12:37:58', '2020-02-02 12:37:58'),
(111, 113, 5, 0.00, 0.00, 1, 1, '2020-02-02 12:38:56', '2020-02-02 12:38:56'),
(114, 110, 1, 0.00, 0.00, 1, 3, '2020-02-02 12:42:57', '2020-02-02 12:42:57'),
(115, 117, 5, 0.00, 0.00, 1, 1, '2020-02-02 12:49:10', '2020-02-02 12:49:10'),
(117, 119, 5, 0.00, 0.00, 1, 3, '2020-02-02 13:16:04', '2020-02-02 13:16:04'),
(119, 121, 1, 0.00, 4000.00, 0, 3, '2020-02-02 13:53:27', '2020-02-02 13:53:27'),
(121, 122, 1, 50.00, 0.00, 0, 1, '2020-02-02 13:56:37', '2020-02-02 13:56:37'),
(123, 125, 5, 0.00, 0.00, 1, 1, '2020-02-02 14:06:21', '2020-02-02 14:06:21'),
(128, 129, 3, 0.00, 0.00, 1, 1, '2020-02-02 14:45:34', '2020-02-02 14:45:34'),
(130, 132, 2, 0.00, 0.00, 1, 1, '2020-02-02 14:53:02', '2020-02-02 14:53:02'),
(133, 135, 1, 0.00, 4000.00, 0, 3, '2020-02-02 14:59:41', '2020-02-02 14:59:41'),
(134, 136, 7, 0.00, 0.00, 1, 1, '2020-02-02 15:01:46', '2020-02-02 15:01:46'),
(135, 137, 2, 0.00, 0.00, 1, 1, '2020-02-02 15:09:19', '2020-02-02 15:09:19'),
(137, 139, 1, 0.00, 0.00, 1, 3, '2020-02-02 15:14:44', '2020-02-02 15:14:44'),
(138, 140, 7, 0.00, 0.00, 1, 1, '2020-02-02 15:17:19', '2020-02-02 15:17:19'),
(141, 143, 2, 0.00, 0.00, 1, 1, '2020-02-02 15:27:13', '2020-02-02 15:27:13'),
(142, 144, 2, 0.00, 0.00, 1, 3, '2020-02-02 15:27:16', '2020-02-02 15:27:16'),
(144, 146, 2, 0.00, 0.00, 1, 1, '2020-02-02 15:33:10', '2020-02-02 15:33:10'),
(151, 153, 5, 0.00, 1000.00, 1, 1, '2020-02-02 16:18:20', '2020-02-02 16:18:20'),
(155, 157, 3, 0.00, 0.00, 1, 3, '2020-02-02 16:27:40', '2020-02-02 16:27:40'),
(156, 158, 1, 0.00, 0.00, 1, 1, '2020-02-02 16:30:23', '2020-02-02 16:30:23'),
(161, 163, 1, 0.00, 0.00, 1, 1, '2020-02-02 16:40:09', '2020-02-02 16:40:09'),
(164, 166, 3, 0.00, 0.00, 1, 3, '2020-02-02 16:43:36', '2020-02-02 16:43:36'),
(169, 169, 2, 0.00, 0.00, 1, 1, '2020-02-02 16:50:20', '2020-02-02 16:50:20'),
(171, 174, 2, 0.00, 0.00, 1, 3, '2020-02-02 16:59:56', '2020-02-02 16:59:56'),
(174, 176, 2, 0.00, 0.00, 1, 1, '2020-02-02 17:06:17', '2020-02-02 17:06:17'),
(178, 180, 7, 0.00, 4000.00, 0, 3, '2020-02-02 17:23:18', '2020-03-07 06:49:29'),
(180, 183, 2, 0.00, 0.00, 1, 1, '2020-02-02 17:34:58', '2020-02-02 17:34:58'),
(181, 184, 7, 0.00, 0.00, 0, 3, '2020-02-02 17:36:57', '2020-02-06 17:16:05'),
(183, 185, 2, 0.00, 0.00, 1, 1, '2020-02-02 17:43:44', '2020-02-02 17:43:44'),
(184, 186, 3, 0.00, 0.00, 1, 3, '2020-02-02 17:51:26', '2020-02-02 17:51:26'),
(195, 197, 1, 0.00, 0.00, 1, 3, '2020-02-02 19:34:26', '2020-02-02 19:34:26'),
(196, 198, 2, 0.00, 0.00, 2, 1, '2020-02-02 20:05:19', '2020-03-15 05:34:56'),
(197, 199, 2, 0.00, 0.00, 1, 1, '2020-02-02 20:17:07', '2020-02-02 20:17:07'),
(200, 202, 6, 0.00, 0.00, 1, 3, '2020-02-02 20:19:39', '2020-02-02 20:19:39'),
(202, 204, 5, 0.00, 0.00, 1, 3, '2020-02-02 20:32:15', '2020-02-02 20:32:15'),
(205, 207, 2, 0.00, 0.00, 1, 1, '2020-02-03 09:23:34', '2020-02-03 09:23:34'),
(206, 208, 2, 0.00, 0.00, 1, 1, '2020-02-03 09:35:41', '2020-02-03 09:35:41'),
(210, 212, 5, 0.00, 0.00, 1, 1, '2020-02-03 09:58:59', '2020-02-03 09:58:59'),
(212, 214, 5, 0.00, 0.00, 1, 1, '2020-02-03 10:07:43', '2020-02-03 10:07:43'),
(214, 215, 1, 0.00, 0.00, 0, 3, '2020-02-03 10:16:06', '2020-02-03 10:16:06'),
(215, 217, 2, 0.00, 0.00, 1, 1, '2020-02-03 10:21:17', '2020-02-03 10:21:17'),
(216, 220, 1, 0.00, 0.00, 1, 3, '2020-02-03 10:29:53', '2020-02-03 10:29:53'),
(219, 221, 5, 0.00, 0.00, 1, 1, '2020-02-03 10:30:57', '2020-02-03 10:30:57'),
(222, 224, 5, 0.00, 0.00, 1, 3, '2020-02-03 10:43:00', '2020-02-03 10:43:00'),
(224, 227, 1, 0.00, 0.00, 1, 3, '2020-02-03 11:01:24', '2020-02-03 11:01:24'),
(233, 234, 2, 0.00, 0.00, 1, 3, '2020-02-03 11:46:03', '2020-02-03 11:46:03'),
(237, 238, 2, 0.00, 0.00, 1, 3, '2020-02-03 11:56:30', '2020-02-03 11:56:30'),
(239, 240, 2, 0.00, 0.00, 1, 3, '2020-02-03 12:10:34', '2020-02-03 12:10:34'),
(245, 246, 1, 50.00, 0.00, 0, 1, '2020-02-03 12:53:38', '2020-02-03 12:53:38'),
(247, 248, 1, 0.00, 2000.00, 1, 3, '2020-02-03 14:48:04', '2020-03-14 06:30:07'),
(250, 251, 1, 0.00, 0.00, 1, 3, '2020-02-03 14:58:36', '2020-02-03 14:58:36'),
(252, 253, 1, 0.00, 2000.00, 1, 3, '2020-02-03 15:09:10', '2020-03-14 06:29:05'),
(256, 258, 1, 0.00, 2000.00, 1, 3, '2020-02-03 15:19:45', '2020-03-14 06:38:14'),
(259, 260, 2, 0.00, 0.00, 1, 3, '2020-02-03 16:24:40', '2020-02-09 14:02:22'),
(260, 261, 3, 0.00, 0.00, 1, 3, '2020-02-03 16:36:59', '2020-02-03 16:36:59'),
(264, 265, 7, 0.00, 4000.00, 0, 3, '2020-02-03 17:34:48', '2020-02-03 17:34:48'),
(265, 266, 7, 0.00, 4000.00, 0, 3, '2020-02-03 17:56:36', '2020-02-03 17:56:36'),
(274, 275, 2, 0.00, 0.00, 1, 3, '2020-02-04 10:09:53', '2020-02-04 10:09:53'),
(277, 277, 5, 0.00, 1000.00, 1, 3, '2020-02-04 10:50:06', '2020-02-04 10:50:06'),
(280, 281, 2, 0.00, 0.00, 1, 1, '2020-02-04 10:57:29', '2020-02-06 18:52:54'),
(281, 283, 5, 0.00, 1000.00, 1, 3, '2020-02-04 11:02:22', '2020-02-04 11:02:22'),
(283, 285, 2, 0.00, 0.00, 1, 3, '2020-02-04 11:21:13', '2020-02-04 11:21:13'),
(285, 287, 2, 0.00, 0.00, 1, 1, '2020-02-04 11:23:03', '2020-02-04 11:23:03'),
(287, 289, 2, 0.00, 0.00, 1, 3, '2020-02-04 11:31:31', '2020-02-04 11:31:31'),
(288, 279, 5, 0.00, 1000.00, 1, 1, '2020-02-04 11:33:54', '2020-02-04 11:33:54'),
(291, 292, 5, 0.00, 1000.00, 1, 1, '2020-02-04 11:46:52', '2020-02-04 11:46:52'),
(292, 293, 5, 0.00, 1000.00, 1, 1, '2020-02-04 11:55:35', '2020-02-04 11:55:35'),
(293, 294, 5, 0.00, 1000.00, 1, 1, '2020-02-04 12:06:25', '2020-02-04 12:06:25'),
(296, 297, 1, 0.00, 4000.00, 0, 3, '2020-02-04 12:29:58', '2020-02-04 12:29:58'),
(297, 298, 1, 50.00, 0.00, 0, 1, '2020-02-04 12:30:49', '2020-02-04 12:30:49'),
(299, 301, 1, 0.00, 4000.00, 0, 3, '2020-02-04 12:46:41', '2020-02-04 12:46:41'),
(301, 303, 2, 0.00, 0.00, 1, 3, '2020-02-04 13:50:54', '2020-02-04 14:03:08'),
(304, 306, 2, 0.00, 0.00, 1, 3, '2020-02-04 14:04:26', '2020-02-04 14:04:26'),
(307, 309, 5, 0.00, 1000.00, 1, 3, '2020-02-05 12:15:48', '2020-02-05 12:15:48'),
(308, 312, 5, 0.00, 1000.00, 1, 3, '2020-02-05 12:31:46', '2020-02-05 12:31:46'),
(312, 313, 7, 0.00, 4000.00, 0, 3, '2020-02-05 13:37:39', '2020-02-05 13:37:39'),
(314, 316, 1, 0.00, 2000.00, 0, 3, '2020-02-05 13:58:32', '2020-02-05 13:58:32'),
(320, 321, 2, 0.00, 0.00, 1, 3, '2020-02-05 18:43:44', '2020-02-05 18:43:44'),
(321, 322, 1, 0.00, 2000.00, 1, 3, '2020-02-06 10:45:01', '2020-07-27 15:29:15'),
(324, 325, 3, 0.00, 2000.00, 1, 3, '2020-02-06 18:32:01', '2020-07-27 15:28:39'),
(331, 331, 6, 0.00, 2000.00, 1, 3, '2020-02-11 07:13:59', '2020-02-11 07:13:59'),
(332, 332, 6, 0.00, 2000.00, 1, 3, '2020-02-11 07:23:46', '2020-02-11 07:23:46'),
(334, 334, 5, 0.00, 1000.00, 1, 3, '2020-02-13 09:51:22', '2020-02-13 09:51:22'),
(337, 374, 2, 0.00, 2000.00, 1, 3, '2020-02-16 11:15:04', '2020-02-16 11:15:04'),
(373, 380, 8, 70.00, 0.00, 1, 1, '2020-02-23 09:23:12', '2020-02-23 09:23:12'),
(376, 337, 8, 100.00, 0.00, 0, 1, '2020-02-26 07:46:07', '2020-02-26 07:46:07'),
(389, 103, 1, 100.00, 0.00, 0, 7, '2020-07-25 07:27:14', '2020-07-25 07:27:14'),
(414, 416, 8, 0.00, 22000.00, 1, 1, '2020-11-20 08:55:21', '2020-11-20 08:55:21'),
(416, 418, 9, 0.00, 22000.00, 1, 1, '2020-12-03 06:25:51', '2020-12-03 06:25:51'),
(417, 419, 8, 0.00, 24000.00, 1, 1, '2020-12-08 07:41:29', '2020-12-08 07:41:29'),
(418, 420, 8, 0.00, 22000.00, 1, 1, '2020-12-14 09:47:20', '2020-12-14 09:47:20'),
(419, 421, 9, 0.00, 23000.00, 1, 1, '2020-12-31 09:21:05', '2020-12-31 09:21:05'),
(420, 422, 9, 0.00, 23000.00, 2, 1, '2021-01-01 10:12:36', '2021-01-01 10:12:36'),
(421, 423, 9, 0.00, 0.00, 1, 1, '2021-01-01 10:19:59', '2021-01-01 10:19:59'),
(422, 424, 9, 0.00, 22000.00, 1, 1, '2021-01-01 10:30:17', '2021-01-01 10:30:17'),
(423, 425, 9, 0.00, 22000.00, 0, 1, '2021-01-07 09:08:18', '2021-01-07 09:08:18'),
(424, 426, 9, 0.00, 28500.00, 0, 1, '2021-01-12 12:42:22', '2021-01-12 12:42:22'),
(425, 427, 9, 0.00, 22000.00, 3, 1, '2021-01-13 14:13:07', '2021-01-13 14:13:07'),
(426, 428, 9, 0.00, 28500.00, 0, 1, '2021-01-14 07:45:54', '2021-01-14 07:45:54'),
(427, 429, 9, 0.00, 28500.00, 0, 1, '2021-01-14 07:53:26', '2021-01-14 07:53:26'),
(428, 430, 8, 0.00, 28500.00, 0, 1, '2021-01-14 11:18:23', '2021-01-14 11:18:23'),
(429, 431, 16, 0.00, 0.00, 0, 1, '2021-01-16 08:18:01', '2021-01-16 08:18:01'),
(430, 432, 16, 0.00, 0.00, 0, 1, '2021-01-16 08:23:42', '2021-01-16 08:23:42'),
(431, 433, 16, 0.00, 0.00, 0, 1, '2021-01-16 08:30:08', '2021-01-16 08:30:08'),
(432, 434, 17, 0.00, 0.00, 0, 1, '2021-01-16 08:44:02', '2021-01-16 08:44:02'),
(433, 435, 16, 0.00, 0.00, 0, 1, '2021-01-16 13:15:58', '2021-01-16 13:15:58'),
(434, 436, 9, 0.00, 23000.00, 1, 1, '2021-01-20 09:36:26', '2021-01-20 09:36:26'),
(435, 437, 16, 0.00, 0.00, 0, 1, '2021-01-21 14:16:21', '2021-01-21 14:16:21'),
(436, 438, 16, 0.00, 0.00, 0, 1, '2021-01-21 14:20:08', '2021-01-21 14:20:08'),
(437, 439, 16, 0.00, 0.00, 0, 1, '2021-01-21 14:23:41', '2021-01-21 14:23:41'),
(438, 440, 17, 0.00, 0.00, 0, 1, '2021-01-26 12:34:28', '2021-01-26 12:34:28'),
(439, 441, 16, 0.00, 0.00, 1, 1, '2021-01-26 12:40:50', '2021-01-26 12:40:50'),
(440, 442, 15, 0.00, 22000.00, 1, 1, '2021-01-27 07:49:01', '2021-01-27 07:49:01'),
(441, 443, 17, 0.00, 0.00, 0, 1, '2021-01-28 09:18:42', '2021-01-28 09:18:42');

-- --------------------------------------------------------

--
-- Table structure for table `batches`
--

CREATE TABLE `batches` (
  `id` int(10) UNSIGNED NOT NULL,
  `year` int(11) NOT NULL,
  `month` int(11) NOT NULL,
  `batch_number` int(11) NOT NULL,
  `start_date` date DEFAULT NULL,
  `end_date` date DEFAULT NULL,
  `course_id` int(10) UNSIGNED NOT NULL,
  `user_id` int(10) UNSIGNED DEFAULT NULL,
  `created_at` timestamp NULL DEFAULT NULL,
  `updated_at` timestamp NULL DEFAULT NULL
) ENGINE=InnoDB DEFAULT CHARSET=utf8;

--
-- Dumping data for table `batches`
--

INSERT INTO `batches` (`id`, `year`, `month`, `batch_number`, `start_date`, `end_date`, `course_id`, `user_id`, `created_at`, `updated_at`) VALUES
(1, 2020, 1, 1, NULL, NULL, 5, 1, '2020-01-26 19:01:46', '2020-01-26 19:01:46'),
(2, 2020, 1, 2, NULL, NULL, 5, 1, '2020-01-26 19:02:01', '2020-01-26 19:02:01'),
(3, 2020, 1, 3, NULL, NULL, 5, 1, '2020-01-26 19:02:16', '2020-01-26 19:02:16'),
(4, 2020, 1, 4, NULL, NULL, 5, 1, '2020-01-26 19:02:31', '2020-01-26 19:02:31'),
(5, 2020, 1, 1, NULL, NULL, 1, 1, '2020-01-26 19:02:59', '2020-01-26 19:02:59'),
(6, 2020, 1, 2, NULL, NULL, 1, 1, '2020-01-26 19:03:15', '2020-01-26 19:03:15'),
(7, 2020, 1, 3, NULL, NULL, 1, 1, '2020-01-26 19:03:32', '2020-01-26 19:03:32'),
(8, 2020, 1, 4, NULL, NULL, 1, 1, '2020-01-26 19:03:47', '2020-01-26 19:03:47'),
(9, 2020, 1, 1, NULL, NULL, 2, 1, '2020-01-26 19:04:36', '2020-01-26 19:04:36'),
(10, 2020, 1, 2, NULL, NULL, 2, 1, '2020-01-26 19:04:52', '2020-01-26 19:04:52'),
(11, 2020, 1, 3, NULL, NULL, 2, 1, '2020-01-26 19:05:07', '2020-01-26 19:05:07'),
(12, 2020, 1, 4, NULL, NULL, 2, 1, '2020-01-26 19:05:41', '2020-01-26 19:05:41'),
(13, 2020, 1, 5, NULL, NULL, 2, 1, '2020-01-26 19:06:00', '2020-01-26 19:06:00'),
(14, 2020, 1, 1, NULL, NULL, 4, 1, '2020-01-26 19:12:06', '2020-01-26 19:12:06'),
(15, 2020, 1, 1, NULL, NULL, 7, 1, '2020-01-26 19:12:28', '2020-01-26 19:12:28'),
(16, 2020, 1, 1, NULL, NULL, 6, 1, '2020-01-26 19:12:58', '2020-01-26 19:12:58'),
(17, 2020, 1, 1, NULL, NULL, 3, 1, '2020-01-30 12:21:18', '2020-01-30 12:21:18'),
(18, 2020, 1, 5, NULL, NULL, 1, 1, '2020-01-30 13:58:03', '2020-01-30 13:58:03'),
(19, 2020, 2, 2, NULL, NULL, 7, 1, '2020-02-03 12:50:52', '2020-02-03 12:50:52'),
(20, 2020, 2, 6, NULL, NULL, 1, 1, '2020-02-03 14:01:00', '2020-02-03 14:01:00'),
(21, 2020, 2, 2, NULL, NULL, 6, 1, '2020-02-05 10:27:39', '2020-02-05 10:27:39'),
(22, 2020, 2, 1, NULL, NULL, 8, 1, '2020-02-15 07:25:31', '2020-02-15 07:25:31'),
(23, 2020, 2, 1, NULL, NULL, 9, 1, '2020-02-15 07:25:55', '2020-02-15 07:25:55'),
(24, 2020, 2, 2, NULL, NULL, 8, 1, '2020-02-17 12:12:08', '2020-02-17 12:12:08'),
(25, 2020, 2, 1, NULL, NULL, 10, 1, '2020-02-20 11:14:07', '2020-02-20 11:14:07'),
(26, 2020, 2, 1, NULL, NULL, 11, 1, '2020-02-20 11:19:30', '2020-02-20 11:19:30'),
(27, 2020, 2, 1, NULL, NULL, 12, 1, '2020-02-26 06:42:50', '2020-02-26 06:42:50'),
(28, 2020, 3, 2, '2020-03-16', NULL, 9, 1, '2020-03-07 05:37:52', '2020-03-07 05:37:52'),
(29, 2020, 3, 1, NULL, NULL, 15, 1, '2020-03-22 05:56:48', '2020-03-22 05:56:48'),
(30, 2020, 10, 3, NULL, NULL, 8, 7, '2020-10-15 10:03:51', '2020-10-15 10:03:51'),
(31, 2020, 10, 3, NULL, NULL, 9, 7, '2020-10-15 10:04:34', '2020-10-15 10:04:34'),
(32, 2020, 10, 4, NULL, NULL, 8, 7, '2020-10-17 07:17:59', '2020-10-17 07:17:59'),
(33, 2020, 10, 4, NULL, NULL, 9, 7, '2020-10-21 08:27:01', '2020-10-21 08:27:01'),
(34, 2020, 10, 5, NULL, NULL, 9, 7, '2020-10-21 08:27:21', '2020-10-21 08:27:21'),
(35, 2020, 10, 6, NULL, NULL, 9, 7, '2020-10-21 08:27:38', '2020-10-21 08:27:38'),
(36, 2020, 11, 5, NULL, NULL, 8, 7, '2020-11-04 12:14:00', '2020-11-04 12:14:00'),
(37, 2020, 11, 6, NULL, NULL, 8, 7, '2020-11-30 08:11:30', '2020-11-30 08:11:30'),
(38, 2020, 12, 7, NULL, NULL, 9, 1, '2020-12-03 06:18:06', '2020-12-03 06:18:06'),
(39, 2020, 12, 7, NULL, NULL, 8, 1, '2020-12-08 07:26:02', '2020-12-08 07:26:02'),
(40, 2021, 1, 1, NULL, NULL, 9, 1, '2021-01-12 12:37:13', '2021-01-12 12:37:13'),
(41, 2021, 1, 1, NULL, NULL, 8, 1, '2021-01-14 11:08:29', '2021-01-14 11:08:29'),
(42, 2021, 1, 1, NULL, NULL, 16, 1, '2021-01-16 08:05:48', '2021-01-16 08:05:48'),
(43, 2021, 1, 1, NULL, NULL, 17, 1, '2021-01-16 08:38:32', '2021-01-16 08:38:32'),
(44, 2021, 1, 1, NULL, NULL, 15, 1, '2021-01-27 07:39:03', '2021-01-27 07:39:03'),
(45, 2021, 6, 2, '2021-06-19', NULL, 9, 16, '2021-06-16 07:20:18', '2021-06-16 07:20:18');

-- --------------------------------------------------------

--
-- Table structure for table `batch_mentor`
--

CREATE TABLE `batch_mentor` (
  `id` int(10) UNSIGNED NOT NULL,
  `batch_id` int(10) UNSIGNED NOT NULL,
  `mentor_id` int(10) UNSIGNED NOT NULL,
  `created_at` timestamp NULL DEFAULT NULL,
  `updated_at` timestamp NULL DEFAULT NULL
) ENGINE=InnoDB DEFAULT CHARSET=utf8;

--
-- Dumping data for table `batch_mentor`
--

INSERT INTO `batch_mentor` (`id`, `batch_id`, `mentor_id`, `created_at`, `updated_at`) VALUES
(1, 15, 5, '2020-03-07 05:14:51', '2020-03-07 05:14:51'),
(2, 5, 4, '2020-03-07 05:16:04', '2020-03-07 05:16:04'),
(3, 6, 4, '2020-03-07 05:16:04', '2020-03-07 05:16:04'),
(4, 7, 4, '2020-03-07 05:16:04', '2020-03-07 05:16:04'),
(5, 9, 3, '2020-03-07 05:16:49', '2020-03-07 05:16:49'),
(6, 1, 2, '2020-03-07 05:19:24', '2020-03-07 05:19:24'),
(7, 2, 2, '2020-03-07 05:19:24', '2020-03-07 05:19:24'),
(8, 3, 2, '2020-03-07 05:19:24', '2020-03-07 05:19:24'),
(9, 4, 2, '2020-03-07 05:19:24', '2020-03-07 05:19:24'),
(10, 10, 1, '2020-03-07 05:21:09', '2020-03-07 05:21:09'),
(11, 11, 1, '2020-03-07 05:21:09', '2020-03-07 05:21:09'),
(12, 12, 1, '2020-03-07 05:21:09', '2020-03-07 05:21:09'),
(13, 28, 6, '2020-03-07 05:51:23', '2020-03-07 05:51:23'),
(14, 17, 7, '2020-03-07 06:06:25', '2020-03-07 06:06:25'),
(15, 16, 8, '2020-03-07 06:30:13', '2020-03-07 06:30:13'),
(16, 21, 8, '2020-03-07 06:30:13', '2020-03-07 06:30:13'),
(17, 22, 9, '2020-03-07 08:27:17', '2020-03-07 08:27:17'),
(18, 23, 3, '2020-03-07 09:00:41', '2020-03-07 09:00:41'),
(19, 20, 10, '2020-03-07 12:25:40', '2020-03-07 12:25:40');

-- --------------------------------------------------------

--
-- Table structure for table `batch_student`
--

CREATE TABLE `batch_student` (
  `id` int(10) UNSIGNED NOT NULL,
  `batch_id` int(10) UNSIGNED NOT NULL,
  `student_id` int(10) UNSIGNED NOT NULL,
  `created_at` timestamp NULL DEFAULT NULL,
  `updated_at` timestamp NULL DEFAULT NULL
) ENGINE=InnoDB DEFAULT CHARSET=utf8;

--
-- Dumping data for table `batch_student`
--

INSERT INTO `batch_student` (`id`, `batch_id`, `student_id`, `created_at`, `updated_at`) VALUES
(2, 16, 2, '2020-01-27 17:31:24', '2020-01-27 17:31:24'),
(3, 16, 3, '2020-01-27 17:36:41', '2020-01-27 17:36:41'),
(9, 1, 9, '2020-01-28 15:50:38', '2020-01-28 15:50:38'),
(10, 1, 10, '2020-01-29 11:33:40', '2020-01-29 11:33:40'),
(14, 9, 14, '2020-01-30 11:05:13', '2020-01-30 11:05:13'),
(20, 17, 21, '2020-01-30 13:14:48', '2020-01-30 13:14:48'),
(21, 1, 20, '2020-01-30 13:15:31', '2020-01-30 13:15:31'),
(22, 17, 22, '2020-01-30 13:29:05', '2020-01-30 13:29:05'),
(26, 17, 26, '2020-01-30 13:41:01', '2020-01-30 13:41:01'),
(30, 5, 30, '2020-01-30 15:11:05', '2020-01-30 15:11:05'),
(31, 15, 31, '2020-01-31 11:19:46', '2020-01-31 11:19:46'),
(33, 17, 33, '2020-01-31 11:41:24', '2020-01-31 11:41:24'),
(42, 11, 41, '2020-01-31 17:12:15', '2020-01-31 17:12:15'),
(44, 11, 43, '2020-01-31 17:28:33', '2020-01-31 17:28:33'),
(45, 1, 44, '2020-01-31 17:35:50', '2020-01-31 17:35:50'),
(46, 11, 45, '2020-01-31 17:42:32', '2020-01-31 17:42:32'),
(47, 1, 46, '2020-01-31 17:46:03', '2020-01-31 17:46:03'),
(48, 11, 47, '2020-01-31 17:55:11', '2020-01-31 17:55:11'),
(49, 1, 48, '2020-01-31 17:56:48', '2020-01-31 17:56:48'),
(50, 1, 49, '2020-01-31 18:06:46', '2020-01-31 18:06:46'),
(51, 1, 50, '2020-01-31 18:11:00', '2020-01-31 18:11:00'),
(52, 1, 51, '2020-01-31 18:16:48', '2020-01-31 18:16:48'),
(53, 1, 52, '2020-01-31 18:25:03', '2020-01-31 18:25:03'),
(54, 1, 53, '2020-01-31 18:25:07', '2020-01-31 18:25:07'),
(55, 1, 54, '2020-01-31 18:33:27', '2020-01-31 18:33:27'),
(56, 1, 55, '2020-01-31 18:40:03', '2020-01-31 18:40:03'),
(58, 11, 57, '2020-01-31 18:58:14', '2020-01-31 18:58:14'),
(60, 1, 59, '2020-01-31 19:12:42', '2020-01-31 19:12:42'),
(62, 11, 61, '2020-01-31 19:26:12', '2020-01-31 19:26:12'),
(64, 9, 63, '2020-01-31 19:41:54', '2020-01-31 19:41:54'),
(73, 16, 72, '2020-02-02 10:24:43', '2020-02-02 10:24:43'),
(78, 1, 77, '2020-02-02 10:47:26', '2020-02-02 10:47:26'),
(84, 6, 83, '2020-02-02 11:00:02', '2020-02-02 11:00:02'),
(86, 1, 85, '2020-02-02 11:02:27', '2020-02-02 11:02:27'),
(89, 6, 89, '2020-02-02 11:16:54', '2020-02-02 11:16:54'),
(91, 6, 93, '2020-02-02 11:26:39', '2020-02-02 11:26:39'),
(104, 6, 103, '2020-02-02 12:09:32', '2020-02-02 12:09:32'),
(106, 16, 105, '2020-02-02 12:13:27', '2020-02-02 12:13:27'),
(114, 2, 113, '2020-02-02 12:34:41', '2020-02-02 12:34:41'),
(118, 2, 117, '2020-02-02 12:46:37', '2020-02-02 12:46:37'),
(120, 1, 119, '2020-02-02 13:14:22', '2020-02-02 13:14:22'),
(122, 18, 121, '2020-02-02 13:51:23', '2020-02-02 13:51:23'),
(124, 18, 122, '2020-02-02 13:52:35', '2020-02-02 13:52:35'),
(126, 2, 125, '2020-02-02 14:04:10', '2020-02-02 14:04:10'),
(130, 17, 129, '2020-02-02 14:41:30', '2020-02-02 14:41:30'),
(133, 9, 132, '2020-02-02 14:51:04', '2020-02-02 14:51:04'),
(136, 18, 135, '2020-02-02 14:58:37', '2020-02-02 14:58:37'),
(137, 15, 136, '2020-02-02 14:58:57', '2020-02-02 14:58:57'),
(138, 9, 137, '2020-02-02 15:06:26', '2020-02-02 15:06:26'),
(141, 15, 140, '2020-02-02 15:15:39', '2020-02-02 15:15:39'),
(144, 9, 143, '2020-02-02 15:24:40', '2020-02-02 15:24:40'),
(145, 9, 144, '2020-02-02 15:26:08', '2020-02-02 15:26:08'),
(147, 9, 146, '2020-02-02 15:32:14', '2020-02-02 15:32:14'),
(153, 11, 152, '2020-02-02 16:10:35', '2020-02-02 16:10:35'),
(154, 2, 153, '2020-02-02 16:11:57', '2020-02-02 16:11:57'),
(158, 17, 157, '2020-02-02 16:26:01', '2020-02-02 16:26:01'),
(167, 17, 166, '2020-02-02 16:42:01', '2020-02-02 16:42:01'),
(172, 9, 169, '2020-02-02 16:49:01', '2020-02-02 16:49:01'),
(175, 10, 174, '2020-02-02 16:58:23', '2020-02-02 16:58:23'),
(176, 10, 175, '2020-02-02 17:04:01', '2020-02-02 17:04:01'),
(177, 10, 176, '2020-02-02 17:05:11', '2020-02-02 17:05:11'),
(184, 11, 183, '2020-02-02 17:33:41', '2020-02-02 17:33:41'),
(187, 10, 185, '2020-02-02 17:41:06', '2020-02-02 17:41:06'),
(188, 17, 186, '2020-02-02 17:48:33', '2020-02-02 17:48:33'),
(190, 11, 188, '2020-02-02 17:56:40', '2020-02-02 17:56:40'),
(201, 9, 199, '2020-02-02 20:15:14', '2020-02-02 20:15:14'),
(206, 2, 204, '2020-02-02 20:30:55', '2020-02-02 20:30:55'),
(209, 10, 207, '2020-02-03 09:15:56', '2020-02-03 09:15:56'),
(210, 11, 208, '2020-02-03 09:32:15', '2020-02-03 09:32:15'),
(214, 3, 212, '2020-02-03 09:56:53', '2020-02-03 09:56:53'),
(216, 3, 214, '2020-02-03 10:06:24', '2020-02-03 10:06:24'),
(217, 7, 215, '2020-02-03 10:13:54', '2020-02-03 10:13:54'),
(219, 10, 217, '2020-02-03 10:14:28', '2020-02-03 10:14:28'),
(222, 7, 220, '2020-02-03 10:28:49', '2020-02-03 10:28:49'),
(223, 3, 221, '2020-02-03 10:29:05', '2020-02-03 10:29:05'),
(226, 3, 224, '2020-02-03 10:41:33', '2020-02-03 10:41:33'),
(236, 11, 234, '2020-02-03 11:42:40', '2020-02-03 11:42:40'),
(240, 11, 238, '2020-02-03 11:55:10', '2020-02-03 11:55:10'),
(242, 11, 240, '2020-02-03 12:08:56', '2020-02-03 12:08:56'),
(248, 18, 246, '2020-02-03 12:52:30', '2020-02-03 12:52:30'),
(249, 19, 247, '2020-02-03 12:55:08', '2020-02-03 12:55:08'),
(250, 20, 248, '2020-02-03 14:41:19', '2020-02-03 14:41:19'),
(252, 20, 251, '2020-02-03 14:57:26', '2020-02-03 14:57:26'),
(255, 20, 253, '2020-02-03 15:06:50', '2020-02-03 15:06:50'),
(260, 20, 258, '2020-02-03 15:18:56', '2020-02-03 15:18:56'),
(263, 17, 261, '2020-02-03 16:35:57', '2020-02-03 16:35:57'),
(267, 11, 198, '2020-02-03 17:29:15', '2020-02-03 17:29:15'),
(268, 19, 265, '2020-02-03 17:33:07', '2020-02-03 17:33:07'),
(269, 11, 19, '2020-02-03 17:36:07', '2020-02-03 17:36:07'),
(270, 19, 266, '2020-02-03 17:54:50', '2020-02-03 17:54:50'),
(279, 10, 275, '2020-02-04 10:06:48', '2020-02-04 10:06:48'),
(282, 4, 279, '2020-02-04 10:45:41', '2020-02-04 10:45:41'),
(283, 4, 277, '2020-02-04 10:46:37', '2020-02-04 10:46:37'),
(289, 17, 40, '2020-02-04 11:12:31', '2020-02-04 11:12:31'),
(297, 4, 292, '2020-02-04 11:45:38', '2020-02-04 11:45:38'),
(298, 4, 293, '2020-02-04 11:54:38', '2020-02-04 11:54:38'),
(299, 4, 294, '2020-02-04 12:05:03', '2020-02-04 12:05:03'),
(302, 18, 297, '2020-02-04 12:29:20', '2020-02-04 12:29:20'),
(303, 18, 298, '2020-02-04 12:29:36', '2020-02-04 12:29:36'),
(306, 18, 301, '2020-02-04 12:45:44', '2020-02-04 12:45:44'),
(315, 4, 309, '2020-02-05 12:13:52', '2020-02-05 12:13:52'),
(320, 4, 312, '2020-02-05 12:31:08', '2020-02-05 12:31:08'),
(323, 19, 313, '2020-02-05 13:34:48', '2020-02-05 13:34:48'),
(326, 18, 316, '2020-02-05 13:54:18', '2020-02-05 13:54:18'),
(335, 21, 202, '2020-02-05 14:32:49', '2020-02-05 14:32:49'),
(341, 17, 11, '2020-02-05 15:10:07', '2020-02-05 15:10:07'),
(342, 17, 12, '2020-02-05 15:10:54', '2020-02-05 15:10:54'),
(344, 12, 317, '2020-02-05 15:24:54', '2020-02-05 15:24:54'),
(349, 20, 322, '2020-02-06 10:44:00', '2020-02-06 10:44:00'),
(352, 15, 184, '2020-02-06 17:16:05', '2020-02-06 17:16:05'),
(353, 17, 325, '2020-02-06 18:31:33', '2020-02-06 18:31:33'),
(358, 12, 281, '2020-02-06 18:52:54', '2020-02-06 18:52:54'),
(366, 2, 317, '2020-02-09 11:41:51', '2020-02-09 11:41:51'),
(370, 12, 260, '2020-02-09 14:02:22', '2020-02-09 14:02:22'),
(373, 10, 73, '2020-02-09 23:34:02', '2020-02-09 23:34:02'),
(376, 21, 331, '2020-02-11 07:12:04', '2020-02-11 07:12:04'),
(377, 21, 332, '2020-02-11 07:23:02', '2020-02-11 07:23:02'),
(378, 3, 333, '2020-02-12 08:50:50', '2020-02-12 08:50:50'),
(379, 4, 334, '2020-02-13 09:49:26', '2020-02-13 09:49:26'),
(383, 10, 60, '2020-02-15 09:53:50', '2020-02-15 09:53:50'),
(384, 22, 337, '2020-02-15 13:39:26', '2020-02-15 13:39:26'),
(385, 23, 338, '2020-02-15 13:42:43', '2020-02-15 13:42:43'),
(386, 23, 339, '2020-02-15 13:46:53', '2020-02-15 13:46:53'),
(387, 23, 340, '2020-02-15 13:51:18', '2020-02-15 13:51:18'),
(388, 22, 341, '2020-02-15 13:55:11', '2020-02-15 13:55:11'),
(389, 23, 342, '2020-02-15 13:55:20', '2020-02-15 13:55:20'),
(390, 23, 343, '2020-02-15 13:58:43', '2020-02-15 13:58:43'),
(391, 22, 344, '2020-02-15 13:59:19', '2020-02-15 13:59:19'),
(392, 23, 345, '2020-02-15 14:02:43', '2020-02-15 14:02:43'),
(393, 22, 346, '2020-02-15 14:03:43', '2020-02-15 14:03:43'),
(394, 22, 347, '2020-02-16 04:51:27', '2020-02-16 04:51:27'),
(395, 22, 339, '2020-02-16 05:04:23', '2020-02-16 05:04:23'),
(396, 22, 348, '2020-02-16 05:21:16', '2020-02-16 05:21:16'),
(397, 22, 349, '2020-02-16 05:27:59', '2020-02-16 05:27:59'),
(398, 22, 350, '2020-02-16 05:55:25', '2020-02-16 05:55:25'),
(399, 22, 351, '2020-02-16 06:00:31', '2020-02-16 06:00:31'),
(400, 22, 352, '2020-02-16 06:03:55', '2020-02-16 06:03:55'),
(401, 22, 353, '2020-02-16 06:10:39', '2020-02-16 06:10:39'),
(402, 22, 354, '2020-02-16 06:16:09', '2020-02-16 06:16:09'),
(403, 22, 355, '2020-02-16 06:21:16', '2020-02-16 06:21:16'),
(404, 23, 356, '2020-02-16 06:21:50', '2020-02-16 06:21:50'),
(405, 22, 357, '2020-02-16 06:26:35', '2020-02-16 06:26:35'),
(406, 23, 358, '2020-02-16 06:28:42', '2020-02-16 06:28:42'),
(407, 23, 359, '2020-02-16 06:36:16', '2020-02-16 06:36:16'),
(413, 22, 365, '2020-02-16 07:27:16', '2020-02-16 07:27:16'),
(417, 23, 369, '2020-02-16 08:57:30', '2020-02-16 08:57:30'),
(422, 12, 374, '2020-02-16 11:12:58', '2020-02-16 11:12:58'),
(425, 2, 283, '2020-02-17 08:07:07', '2020-02-17 08:07:07'),
(433, 10, 306, '2020-02-19 08:54:25', '2020-02-19 08:54:25'),
(434, 10, 321, '2020-02-19 08:54:47', '2020-02-19 08:54:47'),
(436, 10, 303, '2020-02-19 08:55:39', '2020-02-19 08:55:39'),
(441, 12, 285, '2020-02-19 08:58:02', '2020-02-19 08:58:02'),
(443, 12, 287, '2020-02-19 08:58:55', '2020-02-19 08:58:55'),
(445, 12, 289, '2020-02-19 08:59:31', '2020-02-19 08:59:31'),
(452, 24, 380, '2020-02-23 09:20:57', '2020-02-23 09:20:57'),
(453, 6, 15, '2020-02-25 10:04:41', '2020-02-25 10:04:41'),
(454, 6, 16, '2020-02-25 10:05:06', '2020-02-25 10:05:06'),
(455, 6, 39, '2020-02-25 10:05:31', '2020-02-25 10:05:31'),
(459, 7, 29, '2020-02-25 10:07:17', '2020-02-25 10:07:17'),
(462, 7, 35, '2020-02-25 10:08:48', '2020-02-25 10:08:48'),
(463, 7, 36, '2020-02-25 10:09:25', '2020-02-25 10:09:25'),
(464, 7, 37, '2020-02-25 10:34:01', '2020-02-25 10:34:01'),
(465, 7, 56, '2020-02-25 10:34:44', '2020-02-25 10:34:44'),
(467, 5, 65, '2020-02-25 10:36:15', '2020-02-25 10:36:15'),
(468, 5, 42, '2020-02-25 10:36:36', '2020-02-25 10:36:36'),
(469, 5, 111, '2020-02-25 10:37:12', '2020-02-25 10:37:12'),
(470, 5, 375, '2020-02-25 10:37:55', '2020-02-25 10:37:55'),
(474, 7, 110, '2020-02-25 10:40:03', '2020-02-25 10:40:03'),
(475, 7, 58, '2020-02-25 10:40:35', '2020-02-25 10:40:35'),
(476, 7, 62, '2020-02-25 10:41:00', '2020-02-25 10:41:00'),
(477, 7, 68, '2020-02-25 10:41:20', '2020-02-25 10:41:20'),
(480, 5, 163, '2020-02-25 10:45:58', '2020-02-25 10:45:58'),
(481, 5, 227, '2020-02-25 10:46:21', '2020-02-25 10:46:21'),
(484, 6, 139, '2020-02-25 10:47:24', '2020-02-25 10:47:24'),
(487, 6, 158, '2020-02-25 10:48:19', '2020-02-25 10:48:19'),
(489, 6, 197, '2020-02-25 10:49:00', '2020-02-25 10:49:00'),
(501, 28, 363, '2020-03-07 05:40:30', '2020-03-07 05:40:30'),
(502, 19, 180, '2020-03-07 06:49:29', '2020-03-07 06:49:29'),
(517, 28, 399, '2020-10-15 06:16:28', '2020-10-15 06:16:28'),
(520, 24, 367, '2020-10-15 09:58:55', '2020-10-15 09:58:55'),
(521, 24, 368, '2020-10-15 09:59:50', '2020-10-15 09:59:50'),
(522, 24, 366, '2020-10-15 10:00:42', '2020-10-15 10:00:42'),
(523, 24, 364, '2020-10-15 10:02:52', '2020-10-15 10:02:52'),
(536, 28, 360, '2020-10-21 12:22:09', '2020-10-21 12:22:09'),
(537, 28, 361, '2020-10-21 12:22:45', '2020-10-21 12:22:45'),
(538, 28, 362, '2020-10-21 12:23:08', '2020-10-21 12:23:08'),
(540, 31, 392, '2020-10-21 12:23:57', '2020-10-21 12:23:57'),
(548, 34, 373, '2020-10-21 12:34:54', '2020-10-21 12:34:54'),
(550, 34, 372, '2020-10-21 12:36:15', '2020-10-21 12:36:15'),
(562, 37, 416, '2020-11-30 08:12:06', '2020-11-30 08:12:06'),
(563, 38, 418, '2020-12-03 06:24:28', '2020-12-03 06:24:28'),
(564, 39, 419, '2020-12-08 07:39:29', '2020-12-08 07:39:29'),
(565, 37, 420, '2020-12-14 09:41:46', '2020-12-14 09:41:46'),
(566, 38, 421, '2020-12-31 09:19:28', '2020-12-31 09:19:28'),
(567, 38, 422, '2021-01-01 10:09:33', '2021-01-01 10:09:33'),
(568, 38, 423, '2021-01-01 10:17:24', '2021-01-01 10:17:24'),
(569, 38, 424, '2021-01-01 10:29:18', '2021-01-01 10:29:18'),
(570, 38, 425, '2021-01-07 09:07:13', '2021-01-07 09:07:13'),
(572, 38, 427, '2021-01-13 14:05:48', '2021-01-13 14:05:48'),
(577, 42, 431, '2021-01-16 08:06:34', '2021-01-16 08:06:34'),
(578, 42, 428, '2021-01-16 08:07:57', '2021-01-16 08:07:57'),
(579, 42, 426, '2021-01-16 08:11:25', '2021-01-16 08:11:25'),
(580, 42, 429, '2021-01-16 08:12:59', '2021-01-16 08:12:59'),
(581, 42, 432, '2021-01-16 08:23:28', '2021-01-16 08:23:28'),
(582, 42, 433, '2021-01-16 08:29:35', '2021-01-16 08:29:35'),
(583, 43, 430, '2021-01-16 08:39:20', '2021-01-16 08:39:20'),
(584, 43, 434, '2021-01-16 08:43:49', '2021-01-16 08:43:49'),
(585, 42, 435, '2021-01-16 13:15:29', '2021-01-16 13:15:29'),
(586, 38, 436, '2021-01-20 09:33:17', '2021-01-20 09:33:17'),
(587, 42, 437, '2021-01-21 14:15:36', '2021-01-21 14:15:36'),
(588, 42, 438, '2021-01-21 14:19:42', '2021-01-21 14:19:42'),
(589, 42, 439, '2021-01-21 14:23:20', '2021-01-21 14:23:20'),
(590, 43, 440, '2021-01-26 12:30:53', '2021-01-26 12:30:53'),
(591, 42, 441, '2021-01-26 12:39:23', '2021-01-26 12:39:23'),
(592, 44, 442, '2021-01-27 07:46:07', '2021-01-27 07:46:07'),
(593, 43, 443, '2021-01-28 09:17:21', '2021-01-28 09:17:21');

-- --------------------------------------------------------

--
-- Table structure for table `courses`
--

CREATE TABLE `courses` (
  `id` int(10) UNSIGNED NOT NULL,
  `title` varchar(191) NOT NULL,
  `title_short_form` varchar(191) NOT NULL,
  `duration` varchar(20) NOT NULL,
  `weekly_days` int(11) NOT NULL,
  `class_total_time` decimal(8,2) DEFAULT NULL,
  `type` varchar(20) NOT NULL,
  `fee` decimal(8,2) NOT NULL,
  `course_type_id` int(10) UNSIGNED DEFAULT NULL,
  `user_id` int(10) UNSIGNED DEFAULT NULL,
  `status` varchar(255) NOT NULL,
  `created_at` timestamp NULL DEFAULT NULL,
  `updated_at` timestamp NULL DEFAULT NULL
) ENGINE=InnoDB DEFAULT CHARSET=utf8;

--
-- Dumping data for table `courses`
--

INSERT INTO `courses` (`id`, `title`, `title_short_form`, `duration`, `weekly_days`, `class_total_time`, `type`, `fee`, `course_type_id`, `user_id`, `status`, `created_at`, `updated_at`) VALUES
(1, 'Web Design', 'WD', '3 Months', 3, 2.00, 'Industrial', 8000.00, 2, 1, 'Running', '2020-01-26 18:55:07', '2021-06-02 13:19:05'),
(2, 'Web Design & Development With Wordpress', 'WDDWP', '3 Months', 3, 2.00, 'Industrial', 8000.00, 2, 1, 'Running', '2020-01-26 18:55:48', '2021-06-02 13:19:05'),
(3, 'Web Development With Laravel', 'WDL', '3 Months', 3, 2.00, 'Industrial', 8000.00, 2, 1, 'Running', '2020-01-26 18:56:59', '2021-06-02 13:19:05'),
(4, 'Python Programming', 'PP', '3 Months', 3, 2.00, 'Industrial', 8000.00, 2, 1, 'Running', '2020-01-26 18:58:17', '2021-06-02 13:19:05'),
(5, 'Graphic Design', 'GD', '3 Months', 3, 2.00, 'Industrial', 8000.00, 1, 1, 'Running', '2020-01-26 18:59:05', '2021-06-02 13:19:05'),
(6, 'Network Engineer', 'CCNA', '3 Months', 3, 2.00, 'Industrial', 8000.00, 3, 1, 'Running', '2020-01-26 19:00:09', '2021-06-02 13:19:05'),
(7, 'App Development', 'AD', '3 Months', 3, 2.00, 'Industrial', 8000.00, 2, 1, 'Running', '2020-01-26 19:00:50', '2021-06-02 13:19:05'),
(8, 'Graphic Design', 'GDP', '4 Months', 2, 3.00, 'Professional', 30000.00, 1, 1, 'Running', '2020-02-15 07:22:37', '2021-06-02 13:19:05'),
(9, 'Web Design & Development', 'WDDP', '4 Months', 2, 3.00, 'Professional', 30000.00, 2, 1, 'Running', '2020-02-15 07:23:25', '2021-06-02 13:19:05'),
(10, 'Network Engineer', 'NE', '3 Months', 3, 2.00, 'Professional', 15000.00, 3, 1, 'Running', '2020-02-20 11:13:35', '2021-06-02 13:19:05'),
(11, 'Basic Computer', 'BC', '3 Months', 3, 2.00, 'Professional', 12000.00, 4, 1, 'Running', '2020-02-20 11:16:19', '2021-06-02 13:19:05'),
(12, 'Communicative English', 'CE', '3 Months', 1, 1.00, 'Industrial', 1.00, 4, 1, 'Running', '2020-02-26 06:42:25', '2021-06-02 13:19:05'),
(13, 'App Development', 'AD', '4 Months', 2, 3.00, 'Professional', 35000.00, 2, 1, 'Running', '2020-03-02 11:06:14', '2021-06-02 13:19:05'),
(14, 'Python Development', 'PD', '4 Months', 2, 3.00, 'Professional', 35000.00, 2, 1, 'Running', '2020-03-02 11:07:19', '2021-06-02 13:19:05'),
(15, 'Digital Marketing', 'DM', '4 Months', 2, 3.00, 'Professional', 30000.00, 4, 1, 'End', '2020-03-22 05:56:01', '2021-06-02 13:19:05'),
(16, 'Web Design & Development - Bijoy Dibos, 100% Scholarship', 'WDDBD1S', '3 Months', 2, 3.00, 'Professional', 1500.00, 2, 1, 'End', '2021-01-16 08:05:10', '2021-06-02 13:19:05'),
(17, 'Graphic Design, Bijoy Dibos 100% Scholarship', 'GDBD1S', '3 Months', 2, 3.00, 'Professional', 1500.00, 1, 1, 'End', '2021-01-16 08:36:20', '2021-06-02 13:19:05');

-- --------------------------------------------------------

--
-- Table structure for table `course_mentor`
--

CREATE TABLE `course_mentor` (
  `id` int(10) UNSIGNED NOT NULL,
  `course_id` int(10) UNSIGNED NOT NULL,
  `mentor_id` int(10) UNSIGNED NOT NULL,
  `created_at` timestamp NULL DEFAULT NULL,
  `updated_at` timestamp NULL DEFAULT NULL
) ENGINE=InnoDB DEFAULT CHARSET=utf8;

--
-- Dumping data for table `course_mentor`
--

INSERT INTO `course_mentor` (`id`, `course_id`, `mentor_id`, `created_at`, `updated_at`) VALUES
(1, 2, 1, '2020-02-20 10:13:31', '2020-02-20 10:13:31'),
(2, 5, 2, '2020-02-20 10:32:45', '2020-02-20 10:32:45'),
(3, 2, 3, '2020-02-22 08:43:39', '2020-02-22 08:43:39'),
(4, 1, 4, '2020-02-24 08:20:20', '2020-02-24 08:20:20'),
(5, 7, 5, '2020-03-07 05:02:35', '2020-03-07 05:02:35'),
(6, 9, 3, '2020-03-07 05:35:18', '2020-03-07 05:35:18'),
(7, 9, 6, '2020-03-07 05:47:24', '2020-03-07 05:47:24'),
(8, 3, 7, '2020-03-07 06:01:21', '2020-03-07 06:01:21'),
(9, 6, 8, '2020-03-07 06:22:52', '2020-03-07 06:22:52'),
(10, 8, 9, '2020-03-07 06:57:34', '2020-03-07 06:57:34'),
(11, 1, 10, '2020-03-07 12:20:18', '2020-03-07 12:20:18');

-- --------------------------------------------------------

--
-- Table structure for table `course_migrations`
--

CREATE TABLE `course_migrations` (
  `id` int(10) UNSIGNED NOT NULL,
  `student_id` int(10) UNSIGNED NOT NULL,
  `new_course_id` int(10) UNSIGNED NOT NULL,
  `new_batch_id` int(10) UNSIGNED NOT NULL,
  `old_course_id` int(10) UNSIGNED NOT NULL,
  `old_batch_id` int(10) UNSIGNED NOT NULL,
  `old_account_id` int(10) UNSIGNED DEFAULT NULL,
  `note` text,
  `created_at` timestamp NULL DEFAULT NULL,
  `updated_at` timestamp NULL DEFAULT NULL
) ENGINE=InnoDB DEFAULT CHARSET=utf8;

--
-- Dumping data for table `course_migrations`
--

INSERT INTO `course_migrations` (`id`, `student_id`, `new_course_id`, `new_batch_id`, `old_course_id`, `old_batch_id`, `old_account_id`, `note`, `created_at`, `updated_at`) VALUES
(1, 180, 1, 18, 7, 15, NULL, NULL, '2020-02-02 17:22:14', '2020-02-02 17:22:14'),
(2, 431, 16, 42, 9, 40, NULL, NULL, '2021-01-16 08:06:34', '2021-01-16 08:06:34'),
(3, 428, 16, 42, 9, 40, 426, NULL, '2021-01-16 08:07:57', '2021-01-16 08:07:57'),
(4, 426, 16, 42, 9, 40, 424, NULL, '2021-01-16 08:11:25', '2021-01-16 08:11:25'),
(5, 429, 16, 42, 9, 40, 427, NULL, '2021-01-16 08:12:59', '2021-01-16 08:12:59'),
(6, 430, 17, 43, 8, 41, 428, NULL, '2021-01-16 08:39:20', '2021-01-16 08:39:20');

-- --------------------------------------------------------

--
-- Table structure for table `course_student`
--

CREATE TABLE `course_student` (
  `id` int(10) UNSIGNED NOT NULL,
  `course_id` int(10) UNSIGNED NOT NULL,
  `student_id` int(10) UNSIGNED NOT NULL,
  `created_at` timestamp NULL DEFAULT NULL,
  `updated_at` timestamp NULL DEFAULT NULL
) ENGINE=InnoDB DEFAULT CHARSET=utf8;

--
-- Dumping data for table `course_student`
--

INSERT INTO `course_student` (`id`, `course_id`, `student_id`, `created_at`, `updated_at`) VALUES
(2, 6, 2, '2020-01-27 17:31:24', '2020-01-27 17:31:24'),
(3, 6, 3, '2020-01-27 17:36:41', '2020-01-27 17:36:41'),
(9, 5, 9, '2020-01-28 15:50:38', '2020-01-28 15:50:38'),
(10, 5, 10, '2020-01-29 11:33:40', '2020-01-29 11:33:40'),
(14, 2, 14, '2020-01-30 11:05:13', '2020-01-30 11:05:13'),
(15, 1, 15, '2020-01-30 11:08:08', '2020-01-30 11:08:08'),
(16, 1, 16, '2020-01-30 11:29:28', '2020-01-30 11:29:28'),
(20, 3, 21, '2020-01-30 13:14:48', '2020-01-30 13:14:48'),
(21, 5, 20, '2020-01-30 13:15:31', '2020-01-30 13:15:31'),
(22, 3, 22, '2020-01-30 13:29:05', '2020-01-30 13:29:05'),
(26, 3, 26, '2020-01-30 13:41:01', '2020-01-30 13:41:01'),
(29, 1, 29, '2020-01-30 15:10:09', '2020-01-30 15:10:09'),
(30, 1, 30, '2020-01-30 15:11:05', '2020-01-30 15:11:05'),
(31, 7, 31, '2020-01-31 11:19:45', '2020-01-31 11:19:45'),
(33, 3, 33, '2020-01-31 11:41:24', '2020-01-31 11:41:24'),
(36, 1, 35, '2020-01-31 12:08:49', '2020-01-31 12:08:49'),
(37, 1, 36, '2020-01-31 12:22:42', '2020-01-31 12:22:42'),
(38, 1, 37, '2020-01-31 12:30:01', '2020-01-31 12:30:01'),
(40, 1, 39, '2020-01-31 16:31:57', '2020-01-31 16:31:57'),
(42, 2, 41, '2020-01-31 17:12:15', '2020-01-31 17:12:15'),
(43, 1, 42, '2020-01-31 17:21:07', '2020-01-31 17:21:07'),
(44, 2, 43, '2020-01-31 17:28:33', '2020-01-31 17:28:33'),
(45, 5, 44, '2020-01-31 17:35:50', '2020-01-31 17:35:50'),
(46, 2, 45, '2020-01-31 17:42:32', '2020-01-31 17:42:32'),
(47, 5, 46, '2020-01-31 17:46:03', '2020-01-31 17:46:03'),
(48, 2, 47, '2020-01-31 17:55:11', '2020-01-31 17:55:11'),
(49, 5, 48, '2020-01-31 17:56:48', '2020-01-31 17:56:48'),
(50, 5, 49, '2020-01-31 18:06:46', '2020-01-31 18:06:46'),
(51, 5, 50, '2020-01-31 18:11:00', '2020-01-31 18:11:00'),
(52, 5, 51, '2020-01-31 18:16:48', '2020-01-31 18:16:48'),
(53, 5, 52, '2020-01-31 18:25:03', '2020-01-31 18:25:03'),
(54, 5, 53, '2020-01-31 18:25:07', '2020-01-31 18:25:07'),
(55, 5, 54, '2020-01-31 18:33:27', '2020-01-31 18:33:27'),
(56, 5, 55, '2020-01-31 18:40:03', '2020-01-31 18:40:03'),
(57, 1, 56, '2020-01-31 18:53:45', '2020-01-31 18:53:45'),
(58, 2, 57, '2020-01-31 18:58:14', '2020-01-31 18:58:14'),
(59, 1, 58, '2020-01-31 19:10:07', '2020-01-31 19:10:07'),
(60, 5, 59, '2020-01-31 19:12:42', '2020-01-31 19:12:42'),
(62, 2, 61, '2020-01-31 19:26:12', '2020-01-31 19:26:12'),
(63, 1, 62, '2020-01-31 19:31:25', '2020-01-31 19:31:25'),
(64, 2, 63, '2020-01-31 19:41:54', '2020-01-31 19:41:54'),
(66, 1, 65, '2020-01-31 19:55:22', '2020-01-31 19:55:22'),
(69, 1, 68, '2020-02-02 08:43:40', '2020-02-02 08:43:40'),
(73, 6, 72, '2020-02-02 10:24:43', '2020-02-02 10:24:43'),
(78, 5, 77, '2020-02-02 10:47:26', '2020-02-02 10:47:26'),
(84, 1, 83, '2020-02-02 11:00:02', '2020-02-02 11:00:02'),
(86, 5, 85, '2020-02-02 11:02:27', '2020-02-02 11:02:27'),
(89, 1, 89, '2020-02-02 11:16:54', '2020-02-02 11:16:54'),
(91, 1, 93, '2020-02-02 11:26:39', '2020-02-02 11:26:39'),
(104, 1, 103, '2020-02-02 12:09:32', '2020-02-02 12:09:32'),
(106, 6, 105, '2020-02-02 12:13:27', '2020-02-02 12:13:27'),
(111, 1, 110, '2020-02-02 12:24:53', '2020-02-02 12:24:53'),
(112, 1, 111, '2020-02-02 12:30:28', '2020-02-02 12:30:28'),
(114, 5, 113, '2020-02-02 12:34:41', '2020-02-02 12:34:41'),
(118, 5, 117, '2020-02-02 12:46:37', '2020-02-02 12:46:37'),
(120, 5, 119, '2020-02-02 13:14:22', '2020-02-02 13:14:22'),
(122, 1, 121, '2020-02-02 13:51:23', '2020-02-02 13:51:23'),
(124, 1, 122, '2020-02-02 13:52:35', '2020-02-02 13:52:35'),
(126, 5, 125, '2020-02-02 14:04:10', '2020-02-02 14:04:10'),
(130, 3, 129, '2020-02-02 14:41:30', '2020-02-02 14:41:30'),
(133, 2, 132, '2020-02-02 14:51:04', '2020-02-02 14:51:04'),
(136, 1, 135, '2020-02-02 14:58:37', '2020-02-02 14:58:37'),
(137, 7, 136, '2020-02-02 14:58:57', '2020-02-02 14:58:57'),
(138, 2, 137, '2020-02-02 15:06:26', '2020-02-02 15:06:26'),
(140, 1, 139, '2020-02-02 15:13:10', '2020-02-02 15:13:10'),
(141, 7, 140, '2020-02-02 15:15:39', '2020-02-02 15:15:39'),
(144, 2, 143, '2020-02-02 15:24:40', '2020-02-02 15:24:40'),
(145, 2, 144, '2020-02-02 15:26:08', '2020-02-02 15:26:08'),
(147, 2, 146, '2020-02-02 15:32:14', '2020-02-02 15:32:14'),
(153, 2, 152, '2020-02-02 16:10:35', '2020-02-02 16:10:35'),
(154, 5, 153, '2020-02-02 16:11:57', '2020-02-02 16:11:57'),
(158, 3, 157, '2020-02-02 16:26:01', '2020-02-02 16:26:01'),
(159, 1, 158, '2020-02-02 16:28:37', '2020-02-02 16:28:37'),
(164, 1, 163, '2020-02-02 16:36:54', '2020-02-02 16:36:54'),
(167, 3, 166, '2020-02-02 16:42:01', '2020-02-02 16:42:01'),
(172, 2, 169, '2020-02-02 16:49:01', '2020-02-02 16:49:01'),
(175, 2, 174, '2020-02-02 16:58:23', '2020-02-02 16:58:23'),
(176, 2, 175, '2020-02-02 17:04:01', '2020-02-02 17:04:01'),
(177, 2, 176, '2020-02-02 17:05:11', '2020-02-02 17:05:11'),
(184, 2, 183, '2020-02-02 17:33:41', '2020-02-02 17:33:41'),
(187, 2, 185, '2020-02-02 17:41:06', '2020-02-02 17:41:06'),
(188, 3, 186, '2020-02-02 17:48:33', '2020-02-02 17:48:33'),
(190, 2, 188, '2020-02-02 17:56:40', '2020-02-02 17:56:40'),
(199, 1, 197, '2020-02-02 19:32:42', '2020-02-02 19:32:42'),
(201, 2, 199, '2020-02-02 20:15:14', '2020-02-02 20:15:14'),
(204, 6, 202, '2020-02-02 20:18:02', '2020-02-02 20:18:02'),
(206, 5, 204, '2020-02-02 20:30:55', '2020-02-02 20:30:55'),
(209, 2, 207, '2020-02-03 09:15:56', '2020-02-03 09:15:56'),
(210, 2, 208, '2020-02-03 09:32:15', '2020-02-03 09:32:15'),
(214, 5, 212, '2020-02-03 09:56:53', '2020-02-03 09:56:53'),
(216, 5, 214, '2020-02-03 10:06:24', '2020-02-03 10:06:24'),
(217, 1, 215, '2020-02-03 10:13:54', '2020-02-03 10:13:54'),
(219, 2, 217, '2020-02-03 10:14:28', '2020-02-03 10:14:28'),
(222, 1, 220, '2020-02-03 10:28:49', '2020-02-03 10:28:49'),
(223, 5, 221, '2020-02-03 10:29:05', '2020-02-03 10:29:05'),
(226, 5, 224, '2020-02-03 10:41:33', '2020-02-03 10:41:33'),
(229, 1, 227, '2020-02-03 10:59:44', '2020-02-03 10:59:44'),
(236, 2, 234, '2020-02-03 11:42:40', '2020-02-03 11:42:40'),
(240, 2, 238, '2020-02-03 11:55:10', '2020-02-03 11:55:10'),
(242, 2, 240, '2020-02-03 12:08:56', '2020-02-03 12:08:56'),
(248, 1, 246, '2020-02-03 12:52:30', '2020-02-03 12:52:30'),
(249, 7, 247, '2020-02-03 12:55:08', '2020-02-03 12:55:08'),
(250, 1, 248, '2020-02-03 14:41:19', '2020-02-03 14:41:19'),
(252, 1, 251, '2020-02-03 14:57:26', '2020-02-03 14:57:26'),
(255, 1, 253, '2020-02-03 15:06:50', '2020-02-03 15:06:50'),
(260, 1, 258, '2020-02-03 15:18:56', '2020-02-03 15:18:56'),
(263, 3, 261, '2020-02-03 16:35:57', '2020-02-03 16:35:57'),
(267, 2, 198, '2020-02-03 17:29:15', '2020-02-03 17:29:15'),
(268, 7, 265, '2020-02-03 17:33:07', '2020-02-03 17:33:07'),
(269, 2, 19, '2020-02-03 17:36:07', '2020-02-03 17:36:07'),
(270, 7, 266, '2020-02-03 17:54:50', '2020-02-03 17:54:50'),
(279, 2, 275, '2020-02-04 10:06:48', '2020-02-04 10:06:48'),
(282, 5, 279, '2020-02-04 10:45:41', '2020-02-04 10:45:41'),
(283, 5, 277, '2020-02-04 10:46:37', '2020-02-04 10:46:37'),
(287, 5, 283, '2020-02-04 11:00:25', '2020-02-04 11:00:25'),
(289, 3, 40, '2020-02-04 11:12:31', '2020-02-04 11:12:31'),
(290, 2, 285, '2020-02-04 11:20:25', '2020-02-04 11:20:25'),
(292, 2, 287, '2020-02-04 11:21:59', '2020-02-04 11:21:59'),
(294, 2, 289, '2020-02-04 11:30:12', '2020-02-04 11:30:12'),
(297, 5, 292, '2020-02-04 11:45:38', '2020-02-04 11:45:38'),
(298, 5, 293, '2020-02-04 11:54:38', '2020-02-04 11:54:38'),
(299, 5, 294, '2020-02-04 12:05:03', '2020-02-04 12:05:03'),
(302, 1, 297, '2020-02-04 12:29:20', '2020-02-04 12:29:20'),
(303, 1, 298, '2020-02-04 12:29:36', '2020-02-04 12:29:36'),
(306, 1, 301, '2020-02-04 12:45:44', '2020-02-04 12:45:44'),
(311, 2, 306, '2020-02-04 14:02:41', '2020-02-04 14:02:41'),
(312, 2, 303, '2020-02-04 14:03:08', '2020-02-04 14:03:08'),
(315, 5, 309, '2020-02-05 12:13:52', '2020-02-05 12:13:52'),
(320, 5, 312, '2020-02-05 12:31:08', '2020-02-05 12:31:08'),
(323, 7, 313, '2020-02-05 13:34:48', '2020-02-05 13:34:48'),
(326, 1, 316, '2020-02-05 13:54:18', '2020-02-05 13:54:18'),
(327, 3, 11, '2020-02-05 15:10:07', '2020-02-05 15:10:07'),
(328, 3, 12, '2020-02-05 15:10:54', '2020-02-05 15:10:54'),
(329, 5, 317, '2020-02-05 15:19:03', '2020-02-05 15:19:03'),
(330, 2, 317, '2020-02-05 15:24:54', '2020-02-05 15:24:54'),
(334, 2, 321, '2020-02-05 18:39:40', '2020-02-05 18:39:40'),
(335, 1, 322, '2020-02-06 10:44:00', '2020-02-06 10:44:00'),
(338, 7, 184, '2020-02-06 17:16:05', '2020-02-06 17:16:05'),
(339, 3, 325, '2020-02-06 18:31:33', '2020-02-06 18:31:33'),
(344, 2, 281, '2020-02-06 18:52:54', '2020-02-06 18:52:54'),
(353, 2, 73, '2020-02-09 13:17:11', '2020-02-09 13:17:11'),
(354, 2, 260, '2020-02-09 14:02:22', '2020-02-09 14:02:22'),
(359, 6, 331, '2020-02-11 07:12:04', '2020-02-11 07:12:04'),
(360, 6, 332, '2020-02-11 07:23:02', '2020-02-11 07:23:02'),
(361, 5, 333, '2020-02-12 08:50:50', '2020-02-12 08:50:50'),
(362, 5, 334, '2020-02-13 09:49:26', '2020-02-13 09:49:26'),
(365, 2, 60, '2020-02-15 09:53:50', '2020-02-15 09:53:50'),
(366, 8, 337, '2020-02-15 13:39:26', '2020-02-15 13:39:26'),
(367, 9, 338, '2020-02-15 13:42:43', '2020-02-15 13:42:43'),
(368, 9, 339, '2020-02-15 13:46:53', '2020-02-15 13:46:53'),
(369, 9, 340, '2020-02-15 13:51:18', '2020-02-15 13:51:18'),
(370, 8, 341, '2020-02-15 13:55:11', '2020-02-15 13:55:11'),
(371, 9, 342, '2020-02-15 13:55:20', '2020-02-15 13:55:20'),
(372, 9, 343, '2020-02-15 13:58:43', '2020-02-15 13:58:43'),
(373, 8, 344, '2020-02-15 13:59:19', '2020-02-15 13:59:19'),
(374, 9, 345, '2020-02-15 14:02:43', '2020-02-15 14:02:43'),
(375, 8, 346, '2020-02-15 14:03:43', '2020-02-15 14:03:43'),
(376, 8, 347, '2020-02-16 04:51:27', '2020-02-16 04:51:27'),
(377, 8, 339, '2020-02-16 05:04:23', '2020-02-16 05:04:23'),
(378, 8, 348, '2020-02-16 05:21:16', '2020-02-16 05:21:16'),
(379, 8, 349, '2020-02-16 05:27:59', '2020-02-16 05:27:59'),
(380, 8, 350, '2020-02-16 05:55:25', '2020-02-16 05:55:25'),
(381, 8, 351, '2020-02-16 06:00:31', '2020-02-16 06:00:31'),
(382, 8, 352, '2020-02-16 06:03:55', '2020-02-16 06:03:55'),
(383, 8, 353, '2020-02-16 06:10:39', '2020-02-16 06:10:39'),
(384, 8, 354, '2020-02-16 06:16:09', '2020-02-16 06:16:09'),
(385, 8, 355, '2020-02-16 06:21:16', '2020-02-16 06:21:16'),
(386, 9, 356, '2020-02-16 06:21:50', '2020-02-16 06:21:50'),
(387, 8, 357, '2020-02-16 06:26:35', '2020-02-16 06:26:35'),
(388, 9, 358, '2020-02-16 06:28:42', '2020-02-16 06:28:42'),
(389, 9, 359, '2020-02-16 06:36:16', '2020-02-16 06:36:16'),
(390, 9, 360, '2020-02-16 06:42:22', '2020-02-16 06:42:22'),
(391, 9, 361, '2020-02-16 06:53:40', '2020-02-16 06:53:40'),
(392, 9, 362, '2020-02-16 07:02:49', '2020-02-16 07:02:49'),
(393, 9, 363, '2020-02-16 07:10:26', '2020-02-16 07:10:26'),
(394, 8, 364, '2020-02-16 07:22:04', '2020-02-16 07:22:04'),
(395, 8, 365, '2020-02-16 07:27:16', '2020-02-16 07:27:16'),
(396, 8, 366, '2020-02-16 07:33:12', '2020-02-16 07:33:12'),
(397, 8, 367, '2020-02-16 08:44:37', '2020-02-16 08:44:37'),
(398, 8, 368, '2020-02-16 08:50:05', '2020-02-16 08:50:05'),
(399, 9, 369, '2020-02-16 08:57:30', '2020-02-16 08:57:30'),
(402, 9, 372, '2020-02-16 09:16:32', '2020-02-16 09:16:32'),
(403, 9, 373, '2020-02-16 09:19:15', '2020-02-16 09:19:15'),
(404, 2, 374, '2020-02-16 11:12:58', '2020-02-16 11:12:58'),
(405, 1, 375, '2020-02-17 05:43:36', '2020-02-17 05:43:36'),
(411, 8, 380, '2020-02-23 09:20:57', '2020-02-23 09:20:57'),
(416, 7, 180, '2020-03-07 06:49:29', '2020-03-07 06:49:29'),
(424, 9, 392, '2020-08-17 13:04:16', '2020-08-17 13:04:16'),
(431, 9, 399, '2020-10-15 06:16:28', '2020-10-15 06:16:28'),
(448, 8, 416, '2020-11-20 08:53:16', '2020-11-20 08:53:16'),
(450, 9, 418, '2020-12-03 06:24:28', '2020-12-03 06:24:28'),
(451, 8, 419, '2020-12-08 07:39:29', '2020-12-08 07:39:29'),
(452, 8, 420, '2020-12-14 09:41:46', '2020-12-14 09:41:46'),
(453, 9, 421, '2020-12-31 09:19:28', '2020-12-31 09:19:28'),
(454, 9, 422, '2021-01-01 10:09:33', '2021-01-01 10:09:33'),
(455, 9, 423, '2021-01-01 10:17:24', '2021-01-01 10:17:24'),
(456, 9, 424, '2021-01-01 10:29:18', '2021-01-01 10:29:18'),
(457, 9, 425, '2021-01-07 09:07:13', '2021-01-07 09:07:13'),
(459, 9, 427, '2021-01-13 14:05:48', '2021-01-13 14:05:48'),
(464, 16, 431, '2021-01-16 08:06:34', '2021-01-16 08:06:34'),
(465, 16, 428, '2021-01-16 08:07:57', '2021-01-16 08:07:57'),
(466, 16, 426, '2021-01-16 08:11:25', '2021-01-16 08:11:25'),
(467, 16, 429, '2021-01-16 08:12:59', '2021-01-16 08:12:59'),
(468, 16, 432, '2021-01-16 08:23:28', '2021-01-16 08:23:28'),
(469, 16, 433, '2021-01-16 08:29:35', '2021-01-16 08:29:35'),
(470, 17, 430, '2021-01-16 08:39:19', '2021-01-16 08:39:19'),
(471, 17, 434, '2021-01-16 08:43:49', '2021-01-16 08:43:49'),
(472, 16, 435, '2021-01-16 13:15:28', '2021-01-16 13:15:28'),
(473, 9, 436, '2021-01-20 09:33:17', '2021-01-20 09:33:17'),
(474, 16, 437, '2021-01-21 14:15:36', '2021-01-21 14:15:36'),
(475, 16, 438, '2021-01-21 14:19:42', '2021-01-21 14:19:42'),
(476, 16, 439, '2021-01-21 14:23:19', '2021-01-21 14:23:19'),
(477, 17, 440, '2021-01-26 12:30:53', '2021-01-26 12:30:53'),
(478, 16, 441, '2021-01-26 12:39:23', '2021-01-26 12:39:23'),
(479, 15, 442, '2021-01-27 07:46:07', '2021-01-27 07:46:07'),
(480, 17, 443, '2021-01-28 09:17:21', '2021-01-28 09:17:21');

-- --------------------------------------------------------

--
-- Table structure for table `course_types`
--

CREATE TABLE `course_types` (
  `id` int(10) UNSIGNED NOT NULL,
  `type_name` text NOT NULL,
  `user_id` int(10) UNSIGNED DEFAULT NULL,
  `created_at` timestamp NULL DEFAULT NULL,
  `updated_at` timestamp NULL DEFAULT NULL
) ENGINE=InnoDB DEFAULT CHARSET=utf8;

--
-- Dumping data for table `course_types`
--

INSERT INTO `course_types` (`id`, `type_name`, `user_id`, `created_at`, `updated_at`) VALUES
(1, 'Desigining Courses', 1, '2020-01-26 18:46:44', '2020-01-26 18:46:44'),
(2, 'Development Courses', 1, '2020-01-26 18:46:59', '2020-01-26 18:46:59'),
(3, 'Networking', 1, '2020-01-26 18:47:15', '2020-01-26 18:47:15'),
(4, 'Basic Course', 1, '2020-02-20 11:15:28', '2020-02-20 11:15:28');

-- --------------------------------------------------------

--
-- Table structure for table `csv_data`
--

CREATE TABLE `csv_data` (
  `id` int(11) NOT NULL,
  `promotion_type_id` int(11) NOT NULL,
  `name` varchar(155) DEFAULT NULL,
  `first_name` varchar(155) DEFAULT NULL,
  `created_at` timestamp NULL DEFAULT NULL,
  `updated_at` timestamp NULL DEFAULT NULL,
  `last_name` varchar(255) DEFAULT NULL,
  `phone` varchar(255) DEFAULT NULL,
  `email` varchar(255) DEFAULT NULL,
  `inistitute_name` varchar(255) DEFAULT NULL,
  `date` varchar(50) DEFAULT NULL,
  `roll` int(100) DEFAULT NULL,
  `reg no` int(150) DEFAULT NULL,
  `institute_name` varchar(255) DEFAULT NULL
) ENGINE=InnoDB DEFAULT CHARSET=latin1;

--
-- Dumping data for table `csv_data`
--

INSERT INTO `csv_data` (`id`, `promotion_type_id`, `name`, `first_name`, `created_at`, `updated_at`, `last_name`, `phone`, `email`, `inistitute_name`, `date`, `roll`, `reg no`, `institute_name`) VALUES
(823, 30, 'Ashiqur rahman', NULL, '2021-06-02 12:58:59', '2021-06-02 12:58:59', NULL, '01798241725', NULL, NULL, NULL, NULL, NULL, 'Kustia Polytechnic institute'),
(824, 30, 'Md. Tanvir ahmed', NULL, '2021-06-02 12:58:59', '2021-06-02 12:58:59', NULL, '01786799575', NULL, NULL, NULL, NULL, NULL, 'Kustia Polytechnic institute'),
(825, 30, 'Foosal hossain', NULL, '2021-06-02 12:58:59', '2021-06-02 12:58:59', NULL, '01759925800', NULL, NULL, NULL, NULL, NULL, 'Kustia Polytechnic institute'),
(826, 30, 'Md. Samiul alom', NULL, '2021-06-02 12:58:59', '2021-06-02 12:58:59', NULL, '01710178026', NULL, NULL, NULL, NULL, NULL, 'Kustia Polytechnic institute'),
(827, 30, 'Md. Alimul islam', NULL, '2021-06-02 12:58:59', '2021-06-02 12:58:59', NULL, '01315825159', NULL, NULL, NULL, NULL, NULL, 'Kustia Polytechnic institute'),
(828, 30, 'Muslima khatun', NULL, '2021-06-02 12:58:59', '2021-06-02 12:58:59', NULL, '01992450667', NULL, NULL, NULL, NULL, NULL, 'Kustia Polytechnic institute'),
(829, 30, 'Md. Monirul sheikh', NULL, '2021-06-02 12:58:59', '2021-06-02 12:58:59', NULL, '01725917743', NULL, NULL, NULL, NULL, NULL, 'Kustia Polytechnic institute'),
(830, 30, 'Azizul hakim', NULL, '2021-06-02 12:58:59', '2021-06-02 12:58:59', NULL, '01922623408', NULL, NULL, NULL, NULL, NULL, 'Kustia Polytechnic institute'),
(831, 30, 'Mst. Sabrian akter mim', NULL, '2021-06-02 12:58:59', '2021-06-02 12:58:59', NULL, '01783279065', NULL, NULL, NULL, NULL, NULL, 'Kustia Polytechnic institute'),
(832, 30, 'Md. Tanjum mostofa', NULL, '2021-06-02 12:58:59', '2021-06-02 12:58:59', NULL, '01739786787', NULL, NULL, NULL, NULL, NULL, 'Kustia Polytechnic institute'),
(833, 30, 'Md. Mahfujzur rahman', NULL, '2021-06-02 12:58:59', '2021-06-02 12:58:59', NULL, '01749612133', NULL, NULL, NULL, NULL, NULL, 'Kustia Polytechnic institute'),
(834, 30, 'Kamrun nahar', NULL, '2021-06-02 12:58:59', '2021-06-02 12:58:59', NULL, '01774725934', NULL, NULL, NULL, NULL, NULL, 'Kustia Polytechnic institute'),
(835, 30, 'Juthi khatun', NULL, '2021-06-02 12:58:59', '2021-06-02 12:58:59', NULL, '01315545086', NULL, NULL, NULL, NULL, NULL, 'Kustia Polytechnic institute'),
(836, 30, 'Foujia jaman', NULL, '2021-06-02 12:58:59', '2021-06-02 12:58:59', NULL, '01787933751', NULL, NULL, NULL, NULL, NULL, 'Kustia technical School & Polytechnic institute'),
(837, 30, 'Jyoti khatun', NULL, '2021-06-02 12:58:59', '2021-06-02 12:58:59', NULL, '01315545086', NULL, NULL, NULL, NULL, NULL, 'Kustia technical School & Polytechnic institute'),
(838, 30, 'Md. Abdul baset', NULL, '2021-06-02 12:58:59', '2021-06-02 12:58:59', NULL, '01306755770', NULL, NULL, NULL, NULL, NULL, 'Kustia technical School & Polytechnic institute'),
(839, 30, 'Sujon ray', NULL, '2021-06-02 12:58:59', '2021-06-02 12:58:59', NULL, '01762891168', NULL, NULL, NULL, NULL, NULL, 'NIST Polytechnic institute, Dinajpur'),
(840, 30, 'Md. Ferdus mahmud', NULL, '2021-06-02 12:58:59', '2021-06-02 12:58:59', NULL, '01774984403', NULL, NULL, NULL, NULL, NULL, 'NIST Polytechnic institute, Dinajpur'),
(841, 30, 'Md. Delwar hossain', NULL, '2021-06-02 12:58:59', '2021-06-02 12:58:59', NULL, '01774288715', NULL, NULL, NULL, NULL, NULL, 'NIST Polytechnic institute, Dinajpur'),
(842, 30, 'Mst. Masuda khatun', NULL, '2021-06-02 12:58:59', '2021-06-02 12:58:59', NULL, '01738118181', NULL, NULL, NULL, NULL, NULL, 'NIST Polytechnic institute, Dinajpur'),
(843, 30, 'Mummun akter', NULL, '2021-06-02 12:58:59', '2021-06-02 12:58:59', NULL, '01888415922', NULL, NULL, NULL, NULL, NULL, 'NIST Polytechnic institute, Dinajpur'),
(844, 30, 'Most. Afsana afrin', NULL, '2021-06-02 12:58:59', '2021-06-02 12:58:59', NULL, '01710227334', NULL, NULL, NULL, NULL, NULL, 'NIST Polytechnic institute, Dinajpur'),
(845, 30, 'Sumaiya akter', NULL, '2021-06-02 12:58:59', '2021-06-02 12:58:59', NULL, '01747739285', NULL, NULL, NULL, NULL, NULL, 'NIST Polytechnic institute, Dinajpur'),
(846, 30, 'Most. Kanis nasrin', NULL, '2021-06-02 12:58:59', '2021-06-02 12:58:59', NULL, '0179739626', NULL, NULL, NULL, NULL, NULL, 'NIST Polytechnic institute, Dinajpur'),
(847, 30, 'Emon haque', NULL, '2021-06-02 12:58:59', '2021-06-02 12:58:59', NULL, '01717231287', NULL, NULL, NULL, NULL, NULL, 'NIST Polytechnic institute, Dinajpur'),
(848, 30, 'Md. Rashed babu', NULL, '2021-06-02 12:58:59', '2021-06-02 12:58:59', NULL, '01740114788', NULL, NULL, NULL, NULL, NULL, 'NIST Polytechnic institute, Dinajpur'),
(849, 30, NULL, NULL, '2021-06-02 12:58:59', '2021-06-02 12:58:59', NULL, '01723476163', NULL, NULL, NULL, NULL, NULL, 'NIST Polytechnic institute, Dinajpur'),
(850, 30, NULL, NULL, '2021-06-02 12:58:59', '2021-06-02 12:58:59', NULL, '01740053566', NULL, NULL, NULL, NULL, NULL, 'NIST Polytechnic institute, Dinajpur'),
(851, 30, NULL, NULL, '2021-06-02 12:58:59', '2021-06-02 12:58:59', NULL, '01728182939', NULL, NULL, NULL, NULL, NULL, 'NIST Polytechnic institute, Dinajpur'),
(852, 30, 'Joyantha proshad das', NULL, '2021-06-02 12:58:59', '2021-06-02 12:58:59', NULL, '01743390629', NULL, NULL, NULL, NULL, NULL, 'Moulovibazar Polytechnic institute'),
(853, 30, 'Md. Rasel ahmed', NULL, '2021-06-02 12:58:59', '2021-06-02 12:58:59', NULL, '01723752546', NULL, NULL, NULL, NULL, NULL, 'Moulovibazar Polytechnic institute'),
(854, 30, 'Md. Manik mia', NULL, '2021-06-02 12:58:59', '2021-06-02 12:58:59', NULL, '01740306351', NULL, NULL, NULL, NULL, NULL, 'Moulovibazar Polytechnic institute'),
(855, 30, 'Md. Monir haque', NULL, '2021-06-02 12:58:59', '2021-06-02 12:58:59', NULL, '01784024729', NULL, NULL, NULL, NULL, NULL, 'Moulovibazar Polytechnic institute'),
(856, 30, 'Md. Yusub rana', NULL, '2021-06-02 12:58:59', '2021-06-02 12:58:59', NULL, '01310502309', NULL, NULL, NULL, NULL, NULL, 'NIT Polytechnic institute, Bogra'),
(857, 30, 'Md. Momin munna', NULL, '2021-06-02 12:58:59', '2021-06-02 12:58:59', NULL, '01650140141', NULL, NULL, NULL, NULL, NULL, 'NIT Polytechnic institute, Bogra'),
(858, 30, 'Md. Jakaria Atik', NULL, '2021-06-02 12:58:59', '2021-06-02 12:58:59', NULL, '01766832325', NULL, NULL, NULL, NULL, NULL, 'NIT Polytechnic institute, Bogra'),
(859, 30, 'Md. Abdul momin', NULL, '2021-06-02 12:58:59', '2021-06-02 12:58:59', NULL, '01764749014', NULL, NULL, NULL, NULL, NULL, 'NIT Polytechnic institute, Bogra'),
(860, 30, 'Suvo Ray', NULL, '2021-06-02 12:58:59', '2021-06-02 12:58:59', NULL, '01706756917', NULL, NULL, NULL, NULL, NULL, 'NIT Polytechnic institute, Bogra'),
(861, 30, 'Mst. Jemi Khatun', NULL, '2021-06-02 12:58:59', '2021-06-02 12:58:59', NULL, '01764100950', NULL, NULL, NULL, NULL, NULL, 'NIT Polytechnic institute, Bogra'),
(862, 30, 'Md. Noyan Babu', NULL, '2021-06-02 12:58:59', '2021-06-02 12:58:59', NULL, '01756285899', NULL, NULL, NULL, NULL, NULL, 'NIT Polytechnic institute, Bogra'),
(863, 30, 'Pappu kumar shah', NULL, '2021-06-02 12:58:59', '2021-06-02 12:58:59', NULL, '01718285189', NULL, NULL, NULL, NULL, NULL, 'NIT Polytechnic institute, Bogra'),
(864, 30, 'Tulshi das ghosh', NULL, '2021-06-02 12:58:59', '2021-06-02 12:58:59', NULL, '01742605894', NULL, NULL, NULL, NULL, NULL, 'NIT Polytechnic institute, Bogra'),
(865, 30, 'Md. Al-amin', NULL, '2021-06-02 12:58:59', '2021-06-02 12:58:59', NULL, '01959260116', NULL, NULL, NULL, NULL, NULL, 'Sherpur Polytechnic institute'),
(866, 30, 'Md. Solaiman', NULL, '2021-06-02 12:58:59', '2021-06-02 12:58:59', NULL, '01774960511', NULL, NULL, NULL, NULL, NULL, 'Sherpur Polytechnic institute'),
(867, 30, 'Md. Abu hanzal', NULL, '2021-06-02 12:58:59', '2021-06-02 12:58:59', NULL, '01933690444', NULL, NULL, NULL, NULL, NULL, 'Sherpur Polytechnic institute'),
(868, 30, 'Md. Rubel mia', NULL, '2021-06-02 12:58:59', '2021-06-02 12:58:59', NULL, '01904932290', NULL, NULL, NULL, NULL, NULL, 'Sherpur Polytechnic institute'),
(869, 30, 'Saniur Rahman', NULL, '2021-06-02 12:58:59', '2021-06-02 12:58:59', NULL, '01888415922', NULL, NULL, NULL, NULL, NULL, 'Sherpur Polytechnic institute'),
(870, 30, 'Rasel sarkar', NULL, '2021-06-02 12:58:59', '2021-06-02 12:58:59', NULL, '01775197606', NULL, NULL, NULL, NULL, NULL, 'Sherpur Polytechnic institute'),
(871, 30, 'Kamrujjaman', NULL, '2021-06-02 12:58:59', '2021-06-02 12:58:59', NULL, '01310574974', NULL, NULL, NULL, NULL, NULL, 'Sherpur Polytechnic institute'),
(872, 30, 'Himal Biswas', NULL, '2021-06-02 12:58:59', '2021-06-02 12:58:59', NULL, '0175306676', NULL, NULL, NULL, NULL, NULL, 'Sundarbon College Of Technology,Shatkhira'),
(873, 30, 'Md.Robin Islam', NULL, '2021-06-02 12:58:59', '2021-06-02 12:58:59', NULL, '01867897094', NULL, NULL, NULL, NULL, NULL, 'Tanggail Polytechnic Institute,Tangail');

-- --------------------------------------------------------

--
-- Table structure for table `discount`
--

CREATE TABLE `discount` (
  `id` int(11) NOT NULL,
  `course_id` int(10) UNSIGNED NOT NULL,
  `discount_percent` varchar(20) DEFAULT NULL,
  `discount_amount` varchar(20) DEFAULT NULL,
  `start` date NOT NULL,
  `end` date DEFAULT NULL,
  `user_id` int(10) UNSIGNED DEFAULT NULL,
  `created_at` timestamp NULL DEFAULT CURRENT_TIMESTAMP,
  `updated_at` timestamp NULL DEFAULT CURRENT_TIMESTAMP
) ENGINE=InnoDB DEFAULT CHARSET=latin1;

--
-- Dumping data for table `discount`
--

INSERT INTO `discount` (`id`, `course_id`, `discount_percent`, `discount_amount`, `start`, `end`, `user_id`, `created_at`, `updated_at`) VALUES
(19, 8, '75', NULL, '2021-06-02', '2021-06-02', 16, '2021-06-02 13:20:11', '2021-06-02 13:21:49'),
(20, 8, '0', NULL, '2021-06-02', NULL, 16, '2021-06-02 13:21:49', '2021-06-02 13:21:49');

-- --------------------------------------------------------

--
-- Table structure for table `eit_mainnav`
--

CREATE TABLE `eit_mainnav` (
  `mN_id` int(11) NOT NULL,
  `mN_name` varchar(250) NOT NULL,
  `mN_route` varchar(250) NOT NULL,
  `mN_icon` varchar(250) NOT NULL,
  `user_id` int(10) UNSIGNED NOT NULL,
  `created_at` timestamp NULL DEFAULT NULL,
  `updated_at` timestamp NULL DEFAULT NULL
) ENGINE=InnoDB DEFAULT CHARSET=latin1;

--
-- Dumping data for table `eit_mainnav`
--

INSERT INTO `eit_mainnav` (`mN_id`, `mN_name`, `mN_route`, `mN_icon`, `user_id`, `created_at`, `updated_at`) VALUES
(1, 'Users', 'users', 'fa fa-users text-gray', 9, NULL, NULL),
(3, 'Institute', 'institutes', 'fa fa-university text-gray', 9, NULL, NULL),
(4, 'Sector', 'course_types', 'fa fa-list-alt text-gray', 9, NULL, NULL),
(5, 'Course', 'courses', 'fa fa-book text-gray', 9, NULL, NULL),
(6, 'Batch', 'batches', 'fa fa-users text-gray', 9, NULL, NULL),
(7, 'Teacher', '', 'fa fa-user-plus text-gray', 9, NULL, NULL),
(8, 'Mentor', '', 'fa fa-user-plus text-gray', 9, NULL, NULL),
(9, 'Home', 'home', 'o-home-1 text-gray', 9, NULL, NULL),
(10, 'Admission', '', 'fa fa-user-plus text-gray', 9, NULL, NULL),
(11, 'Students', '', 'fas fa-user-graduate text-gray', 9, NULL, NULL),
(13, 'Transaction', 'transaction', 'fa fa-money-bill text-gray', 9, NULL, NULL),
(16, 'Installment Dates', 'installment_dates.today', 'fa fa-calendar-check text-gray', 9, NULL, NULL),
(17, 'Teacher Payment', '', 'fas fa-money-check text-gray', 9, NULL, NULL),
(18, 'Mentor Payment', '', 'fas fa-money-check text-gray', 9, NULL, NULL),
(19, 'Report', '', 'fas fa-book text-gray', 9, NULL, NULL),
(20, 'Marketing', '', 'fas fa-bullhorn text-gray', 9, NULL, NULL),
(21, 'Message', '', 'far fa-comment-alt text-gray', 9, NULL, NULL),
(22, 'Navigation Control', 'nav_assign', 'fas fa-street-view text-gray', 9, NULL, NULL),
(23, 'Payment', 'account', 'fa fa-money-bill-alt text-gray', 9, NULL, NULL),
(24, 'Online Operation', '', 'fas fa-globe', 9, NULL, NULL);

-- --------------------------------------------------------

--
-- Table structure for table `eit_navassign_bkdn`
--

CREATE TABLE `eit_navassign_bkdn` (
  `nB_id` int(11) NOT NULL,
  `nA_id` int(11) NOT NULL,
  `mN_id` int(11) NOT NULL,
  `sN_id` int(11) DEFAULT NULL,
  `user_id` int(10) UNSIGNED NOT NULL,
  `created_at` timestamp NULL DEFAULT NULL,
  `updated_at` timestamp NULL DEFAULT NULL
) ENGINE=InnoDB DEFAULT CHARSET=latin1;

--
-- Dumping data for table `eit_navassign_bkdn`
--

INSERT INTO `eit_navassign_bkdn` (`nB_id`, `nA_id`, `mN_id`, `sN_id`, `user_id`, `created_at`, `updated_at`) VALUES
(645, 226, 1, NULL, 1, '2021-06-02 10:25:26', '2021-06-02 10:25:26'),
(646, 226, 3, NULL, 1, '2021-06-02 10:25:26', '2021-06-02 10:25:26'),
(647, 226, 4, NULL, 1, '2021-06-02 10:25:26', '2021-06-02 10:25:26'),
(648, 226, 5, NULL, 1, '2021-06-02 10:25:26', '2021-06-02 10:25:26'),
(649, 226, 6, NULL, 1, '2021-06-02 10:25:26', '2021-06-02 10:25:26'),
(650, 226, 7, 3, 1, '2021-06-02 10:25:26', '2021-06-02 10:25:26'),
(651, 226, 7, 4, 1, '2021-06-02 10:25:26', '2021-06-02 10:25:26'),
(652, 226, 8, 5, 1, '2021-06-02 10:25:26', '2021-06-02 10:25:26'),
(653, 226, 8, 6, 1, '2021-06-02 10:25:26', '2021-06-02 10:25:26'),
(654, 226, 9, NULL, 1, '2021-06-02 10:25:26', '2021-06-02 10:25:26'),
(655, 226, 10, 7, 1, '2021-06-02 10:25:26', '2021-06-02 10:25:26'),
(656, 226, 10, 8, 1, '2021-06-02 10:25:26', '2021-06-02 10:25:26'),
(657, 226, 10, 9, 1, '2021-06-02 10:25:26', '2021-06-02 10:25:26'),
(658, 226, 11, 10, 1, '2021-06-02 10:25:26', '2021-06-02 10:25:26'),
(659, 226, 11, 11, 1, '2021-06-02 10:25:26', '2021-06-02 10:25:26'),
(660, 226, 13, NULL, 1, '2021-06-02 10:25:26', '2021-06-02 10:25:26'),
(661, 226, 16, NULL, 1, '2021-06-02 10:25:26', '2021-06-02 10:25:26'),
(662, 226, 17, 12, 1, '2021-06-02 10:25:26', '2021-06-02 10:25:26'),
(663, 226, 17, 13, 1, '2021-06-02 10:25:26', '2021-06-02 10:25:26'),
(664, 226, 18, 14, 1, '2021-06-02 10:25:26', '2021-06-02 10:25:26'),
(665, 226, 18, 15, 1, '2021-06-02 10:25:26', '2021-06-02 10:25:26'),
(666, 226, 19, 16, 1, '2021-06-02 10:25:26', '2021-06-02 10:25:26'),
(667, 226, 19, 17, 1, '2021-06-02 10:25:26', '2021-06-02 10:25:26'),
(668, 226, 19, 18, 1, '2021-06-02 10:25:26', '2021-06-02 10:25:26'),
(669, 226, 19, 19, 1, '2021-06-02 10:25:26', '2021-06-02 10:25:26'),
(670, 226, 20, 20, 1, '2021-06-02 10:25:26', '2021-06-02 10:25:26'),
(671, 226, 20, 21, 1, '2021-06-02 10:25:26', '2021-06-02 10:25:26'),
(672, 226, 20, 22, 1, '2021-06-02 10:25:26', '2021-06-02 10:25:26'),
(673, 226, 20, 23, 1, '2021-06-02 10:25:26', '2021-06-02 10:25:26'),
(674, 226, 20, 24, 1, '2021-06-02 10:25:26', '2021-06-02 10:25:26'),
(675, 226, 20, 25, 1, '2021-06-02 10:25:26', '2021-06-02 10:25:26'),
(676, 226, 20, 26, 1, '2021-06-02 10:25:26', '2021-06-02 10:25:26'),
(677, 226, 21, 27, 1, '2021-06-02 10:25:26', '2021-06-02 10:25:26'),
(678, 226, 21, 28, 1, '2021-06-02 10:25:26', '2021-06-02 10:25:26'),
(679, 226, 21, 29, 1, '2021-06-02 10:25:26', '2021-06-02 10:25:26'),
(680, 226, 21, 30, 1, '2021-06-02 10:25:26', '2021-06-02 10:25:26'),
(681, 226, 21, 31, 1, '2021-06-02 10:25:26', '2021-06-02 10:25:26'),
(682, 226, 21, 32, 1, '2021-06-02 10:25:26', '2021-06-02 10:25:26'),
(683, 226, 22, NULL, 1, '2021-06-02 10:25:26', '2021-06-02 10:25:26'),
(684, 226, 23, NULL, 1, '2021-06-02 10:25:26', '2021-06-02 10:25:26'),
(685, 226, 24, 33, 1, '2021-06-02 10:25:26', '2021-06-02 10:25:26'),
(686, 226, 24, 34, 1, '2021-06-02 10:25:26', '2021-06-02 10:25:26'),
(687, 226, 24, 35, 1, '2021-06-02 10:25:26', '2021-06-02 10:25:26'),
(688, 226, 24, 36, 1, '2021-06-02 10:25:26', '2021-06-02 10:25:26'),
(689, 227, 1, NULL, 9, '2021-06-02 11:06:05', '2021-06-02 11:06:05'),
(690, 227, 3, NULL, 9, '2021-06-02 11:06:05', '2021-06-02 11:06:05'),
(691, 227, 4, NULL, 9, '2021-06-02 11:06:05', '2021-06-02 11:06:05'),
(692, 227, 5, NULL, 9, '2021-06-02 11:06:05', '2021-06-02 11:06:05'),
(693, 227, 6, NULL, 9, '2021-06-02 11:06:05', '2021-06-02 11:06:05'),
(694, 227, 7, 3, 9, '2021-06-02 11:06:05', '2021-06-02 11:06:05'),
(695, 227, 7, 4, 9, '2021-06-02 11:06:05', '2021-06-02 11:06:05'),
(696, 227, 8, 5, 9, '2021-06-02 11:06:05', '2021-06-02 11:06:05'),
(697, 227, 8, 6, 9, '2021-06-02 11:06:05', '2021-06-02 11:06:05'),
(698, 227, 9, NULL, 9, '2021-06-02 11:06:05', '2021-06-02 11:06:05'),
(699, 227, 10, 7, 9, '2021-06-02 11:06:05', '2021-06-02 11:06:05'),
(700, 227, 10, 8, 9, '2021-06-02 11:06:05', '2021-06-02 11:06:05'),
(701, 227, 10, 9, 9, '2021-06-02 11:06:05', '2021-06-02 11:06:05'),
(702, 227, 11, 10, 9, '2021-06-02 11:06:05', '2021-06-02 11:06:05'),
(703, 227, 11, 11, 9, '2021-06-02 11:06:05', '2021-06-02 11:06:05'),
(704, 227, 13, NULL, 9, '2021-06-02 11:06:05', '2021-06-02 11:06:05'),
(705, 227, 16, NULL, 9, '2021-06-02 11:06:05', '2021-06-02 11:06:05'),
(706, 227, 17, 12, 9, '2021-06-02 11:06:05', '2021-06-02 11:06:05'),
(707, 227, 17, 13, 9, '2021-06-02 11:06:05', '2021-06-02 11:06:05'),
(708, 227, 18, 14, 9, '2021-06-02 11:06:05', '2021-06-02 11:06:05'),
(709, 227, 18, 15, 9, '2021-06-02 11:06:05', '2021-06-02 11:06:05'),
(710, 227, 19, 16, 9, '2021-06-02 11:06:05', '2021-06-02 11:06:05'),
(711, 227, 19, 17, 9, '2021-06-02 11:06:05', '2021-06-02 11:06:05'),
(712, 227, 19, 18, 9, '2021-06-02 11:06:05', '2021-06-02 11:06:05'),
(713, 227, 19, 19, 9, '2021-06-02 11:06:05', '2021-06-02 11:06:05'),
(714, 227, 20, 20, 9, '2021-06-02 11:06:05', '2021-06-02 11:06:05'),
(715, 227, 20, 21, 9, '2021-06-02 11:06:05', '2021-06-02 11:06:05'),
(716, 227, 20, 22, 9, '2021-06-02 11:06:05', '2021-06-02 11:06:05'),
(717, 227, 20, 23, 9, '2021-06-02 11:06:05', '2021-06-02 11:06:05'),
(718, 227, 20, 24, 9, '2021-06-02 11:06:05', '2021-06-02 11:06:05'),
(719, 227, 20, 25, 9, '2021-06-02 11:06:05', '2021-06-02 11:06:05'),
(720, 227, 20, 26, 9, '2021-06-02 11:06:05', '2021-06-02 11:06:05'),
(721, 227, 21, 27, 9, '2021-06-02 11:06:05', '2021-06-02 11:06:05'),
(722, 227, 21, 28, 9, '2021-06-02 11:06:05', '2021-06-02 11:06:05'),
(723, 227, 21, 29, 9, '2021-06-02 11:06:05', '2021-06-02 11:06:05'),
(724, 227, 21, 30, 9, '2021-06-02 11:06:05', '2021-06-02 11:06:05'),
(725, 227, 21, 31, 9, '2021-06-02 11:06:05', '2021-06-02 11:06:05'),
(726, 227, 21, 32, 9, '2021-06-02 11:06:05', '2021-06-02 11:06:05'),
(727, 227, 22, NULL, 9, '2021-06-02 11:06:05', '2021-06-02 11:06:05'),
(728, 227, 23, NULL, 9, '2021-06-02 11:06:05', '2021-06-02 11:06:05'),
(729, 227, 24, 33, 9, '2021-06-02 11:06:05', '2021-06-02 11:06:05'),
(730, 227, 24, 34, 9, '2021-06-02 11:06:05', '2021-06-02 11:06:05'),
(731, 227, 24, 35, 9, '2021-06-02 11:06:05', '2021-06-02 11:06:05'),
(732, 227, 24, 36, 9, '2021-06-02 11:06:05', '2021-06-02 11:06:05'),
(733, 228, 9, NULL, 9, '2021-06-02 11:07:12', '2021-06-02 11:07:12'),
(734, 229, 9, NULL, 9, '2021-06-02 12:23:35', '2021-06-02 12:23:35'),
(735, 229, 10, 7, 9, '2021-06-02 12:23:35', '2021-06-02 12:23:35'),
(736, 229, 10, 8, 9, '2021-06-02 12:23:35', '2021-06-02 12:23:35'),
(737, 229, 10, 9, 9, '2021-06-02 12:23:35', '2021-06-02 12:23:35'),
(738, 229, 11, 10, 9, '2021-06-02 12:23:35', '2021-06-02 12:23:35'),
(739, 229, 11, 11, 9, '2021-06-02 12:23:35', '2021-06-02 12:23:35'),
(740, 229, 13, NULL, 9, '2021-06-02 12:23:35', '2021-06-02 12:23:35'),
(741, 229, 16, NULL, 9, '2021-06-02 12:23:35', '2021-06-02 12:23:35'),
(742, 229, 19, 16, 9, '2021-06-02 12:23:35', '2021-06-02 12:23:35'),
(743, 229, 19, 17, 9, '2021-06-02 12:23:35', '2021-06-02 12:23:35'),
(744, 229, 19, 18, 9, '2021-06-02 12:23:35', '2021-06-02 12:23:35'),
(745, 229, 19, 19, 9, '2021-06-02 12:23:35', '2021-06-02 12:23:35'),
(746, 229, 20, 20, 9, '2021-06-02 12:23:35', '2021-06-02 12:23:35'),
(747, 229, 20, 21, 9, '2021-06-02 12:23:35', '2021-06-02 12:23:35'),
(748, 229, 20, 22, 9, '2021-06-02 12:23:35', '2021-06-02 12:23:35'),
(749, 229, 20, 23, 9, '2021-06-02 12:23:35', '2021-06-02 12:23:35'),
(750, 229, 20, 24, 9, '2021-06-02 12:23:35', '2021-06-02 12:23:35'),
(751, 229, 20, 25, 9, '2021-06-02 12:23:35', '2021-06-02 12:23:35'),
(752, 229, 20, 26, 9, '2021-06-02 12:23:35', '2021-06-02 12:23:35'),
(753, 229, 21, 27, 9, '2021-06-02 12:23:35', '2021-06-02 12:23:35'),
(754, 229, 21, 28, 9, '2021-06-02 12:23:35', '2021-06-02 12:23:35'),
(755, 229, 21, 29, 9, '2021-06-02 12:23:35', '2021-06-02 12:23:35'),
(756, 229, 21, 30, 9, '2021-06-02 12:23:35', '2021-06-02 12:23:35'),
(757, 229, 21, 31, 9, '2021-06-02 12:23:35', '2021-06-02 12:23:35'),
(758, 229, 21, 32, 9, '2021-06-02 12:23:35', '2021-06-02 12:23:35'),
(759, 229, 24, 33, 9, '2021-06-02 12:23:35', '2021-06-02 12:23:35'),
(760, 229, 24, 34, 9, '2021-06-02 12:23:35', '2021-06-02 12:23:35'),
(761, 229, 24, 35, 9, '2021-06-02 12:23:35', '2021-06-02 12:23:35'),
(762, 229, 24, 36, 9, '2021-06-02 12:23:35', '2021-06-02 12:23:35'),
(763, 230, 3, NULL, 9, '2021-06-06 08:31:58', '2021-06-06 08:31:58'),
(764, 230, 4, NULL, 9, '2021-06-06 08:31:58', '2021-06-06 08:31:58'),
(765, 230, 5, NULL, 9, '2021-06-06 08:31:58', '2021-06-06 08:31:58'),
(766, 230, 6, NULL, 9, '2021-06-06 08:31:58', '2021-06-06 08:31:58'),
(767, 230, 7, 3, 9, '2021-06-06 08:31:58', '2021-06-06 08:31:58'),
(768, 230, 7, 4, 9, '2021-06-06 08:31:58', '2021-06-06 08:31:58'),
(769, 230, 8, 5, 9, '2021-06-06 08:31:58', '2021-06-06 08:31:58'),
(770, 230, 8, 6, 9, '2021-06-06 08:31:58', '2021-06-06 08:31:58'),
(771, 230, 9, NULL, 9, '2021-06-06 08:31:58', '2021-06-06 08:31:58'),
(772, 230, 10, 7, 9, '2021-06-06 08:31:58', '2021-06-06 08:31:58'),
(773, 230, 10, 8, 9, '2021-06-06 08:31:58', '2021-06-06 08:31:58'),
(774, 230, 10, 9, 9, '2021-06-06 08:31:58', '2021-06-06 08:31:58'),
(775, 230, 11, 10, 9, '2021-06-06 08:31:58', '2021-06-06 08:31:58'),
(776, 230, 11, 11, 9, '2021-06-06 08:31:58', '2021-06-06 08:31:58'),
(777, 230, 13, NULL, 9, '2021-06-06 08:31:58', '2021-06-06 08:31:58'),
(778, 230, 16, NULL, 9, '2021-06-06 08:31:58', '2021-06-06 08:31:58'),
(779, 230, 17, 12, 9, '2021-06-06 08:31:58', '2021-06-06 08:31:58'),
(780, 230, 17, 13, 9, '2021-06-06 08:31:58', '2021-06-06 08:31:58'),
(781, 230, 18, 14, 9, '2021-06-06 08:31:58', '2021-06-06 08:31:58'),
(782, 230, 18, 15, 9, '2021-06-06 08:31:58', '2021-06-06 08:31:58'),
(783, 230, 19, 16, 9, '2021-06-06 08:31:58', '2021-06-06 08:31:58'),
(784, 230, 19, 17, 9, '2021-06-06 08:31:58', '2021-06-06 08:31:58'),
(785, 230, 19, 18, 9, '2021-06-06 08:31:58', '2021-06-06 08:31:58'),
(786, 230, 19, 19, 9, '2021-06-06 08:31:58', '2021-06-06 08:31:58'),
(787, 230, 20, 20, 9, '2021-06-06 08:31:58', '2021-06-06 08:31:58'),
(788, 230, 20, 21, 9, '2021-06-06 08:31:58', '2021-06-06 08:31:58'),
(789, 230, 20, 22, 9, '2021-06-06 08:31:58', '2021-06-06 08:31:58'),
(790, 230, 20, 23, 9, '2021-06-06 08:31:58', '2021-06-06 08:31:58'),
(791, 230, 20, 24, 9, '2021-06-06 08:31:58', '2021-06-06 08:31:58'),
(792, 230, 20, 25, 9, '2021-06-06 08:31:58', '2021-06-06 08:31:58'),
(793, 230, 20, 26, 9, '2021-06-06 08:31:58', '2021-06-06 08:31:58'),
(794, 230, 21, 27, 9, '2021-06-06 08:31:58', '2021-06-06 08:31:58'),
(795, 230, 21, 28, 9, '2021-06-06 08:31:58', '2021-06-06 08:31:58'),
(796, 230, 21, 29, 9, '2021-06-06 08:31:58', '2021-06-06 08:31:58'),
(797, 230, 21, 30, 9, '2021-06-06 08:31:58', '2021-06-06 08:31:58'),
(798, 230, 21, 31, 9, '2021-06-06 08:31:58', '2021-06-06 08:31:58'),
(799, 230, 21, 32, 9, '2021-06-06 08:31:58', '2021-06-06 08:31:58'),
(800, 230, 22, NULL, 9, '2021-06-06 08:31:58', '2021-06-06 08:31:58'),
(801, 230, 23, NULL, 9, '2021-06-06 08:31:58', '2021-06-06 08:31:58'),
(802, 230, 24, 33, 9, '2021-06-06 08:31:58', '2021-06-06 08:31:58'),
(803, 230, 24, 34, 9, '2021-06-06 08:31:58', '2021-06-06 08:31:58'),
(804, 230, 24, 35, 9, '2021-06-06 08:31:58', '2021-06-06 08:31:58'),
(805, 230, 24, 36, 9, '2021-06-06 08:31:58', '2021-06-06 08:31:58'),
(806, 231, 1, NULL, 9, '2021-06-06 16:17:21', '2021-06-06 16:17:21'),
(807, 231, 3, NULL, 9, '2021-06-06 16:17:21', '2021-06-06 16:17:21'),
(808, 231, 4, NULL, 9, '2021-06-06 16:17:21', '2021-06-06 16:17:21'),
(809, 231, 5, NULL, 9, '2021-06-06 16:17:21', '2021-06-06 16:17:21'),
(810, 231, 6, NULL, 9, '2021-06-06 16:17:21', '2021-06-06 16:17:21'),
(811, 231, 7, 3, 9, '2021-06-06 16:17:21', '2021-06-06 16:17:21'),
(812, 231, 7, 4, 9, '2021-06-06 16:17:21', '2021-06-06 16:17:21'),
(813, 231, 8, 5, 9, '2021-06-06 16:17:21', '2021-06-06 16:17:21'),
(814, 231, 8, 6, 9, '2021-06-06 16:17:21', '2021-06-06 16:17:21'),
(815, 231, 9, NULL, 9, '2021-06-06 16:17:21', '2021-06-06 16:17:21'),
(816, 231, 10, 7, 9, '2021-06-06 16:17:21', '2021-06-06 16:17:21'),
(817, 231, 10, 8, 9, '2021-06-06 16:17:21', '2021-06-06 16:17:21'),
(818, 231, 10, 9, 9, '2021-06-06 16:17:21', '2021-06-06 16:17:21'),
(819, 231, 11, 10, 9, '2021-06-06 16:17:21', '2021-06-06 16:17:21'),
(820, 231, 11, 11, 9, '2021-06-06 16:17:21', '2021-06-06 16:17:21'),
(821, 231, 13, NULL, 9, '2021-06-06 16:17:21', '2021-06-06 16:17:21'),
(822, 231, 16, NULL, 9, '2021-06-06 16:17:21', '2021-06-06 16:17:21'),
(823, 231, 17, 12, 9, '2021-06-06 16:17:21', '2021-06-06 16:17:21'),
(824, 231, 17, 13, 9, '2021-06-06 16:17:21', '2021-06-06 16:17:21'),
(825, 231, 18, 14, 9, '2021-06-06 16:17:21', '2021-06-06 16:17:21'),
(826, 231, 18, 15, 9, '2021-06-06 16:17:21', '2021-06-06 16:17:21'),
(827, 231, 19, 16, 9, '2021-06-06 16:17:21', '2021-06-06 16:17:21'),
(828, 231, 19, 17, 9, '2021-06-06 16:17:21', '2021-06-06 16:17:21'),
(829, 231, 19, 18, 9, '2021-06-06 16:17:21', '2021-06-06 16:17:21'),
(830, 231, 19, 19, 9, '2021-06-06 16:17:21', '2021-06-06 16:17:21'),
(831, 231, 20, 20, 9, '2021-06-06 16:17:21', '2021-06-06 16:17:21'),
(832, 231, 20, 21, 9, '2021-06-06 16:17:21', '2021-06-06 16:17:21'),
(833, 231, 20, 22, 9, '2021-06-06 16:17:21', '2021-06-06 16:17:21'),
(834, 231, 20, 23, 9, '2021-06-06 16:17:21', '2021-06-06 16:17:21'),
(835, 231, 20, 24, 9, '2021-06-06 16:17:21', '2021-06-06 16:17:21'),
(836, 231, 20, 25, 9, '2021-06-06 16:17:21', '2021-06-06 16:17:21'),
(837, 231, 20, 26, 9, '2021-06-06 16:17:21', '2021-06-06 16:17:21'),
(838, 231, 21, 27, 9, '2021-06-06 16:17:21', '2021-06-06 16:17:21'),
(839, 231, 21, 28, 9, '2021-06-06 16:17:21', '2021-06-06 16:17:21'),
(840, 231, 21, 29, 9, '2021-06-06 16:17:21', '2021-06-06 16:17:21'),
(841, 231, 21, 30, 9, '2021-06-06 16:17:21', '2021-06-06 16:17:21'),
(842, 231, 21, 31, 9, '2021-06-06 16:17:21', '2021-06-06 16:17:21'),
(843, 231, 21, 32, 9, '2021-06-06 16:17:21', '2021-06-06 16:17:21'),
(844, 231, 22, NULL, 9, '2021-06-06 16:17:21', '2021-06-06 16:17:21'),
(845, 231, 23, NULL, 9, '2021-06-06 16:17:21', '2021-06-06 16:17:21'),
(846, 231, 24, 33, 9, '2021-06-06 16:17:21', '2021-06-06 16:17:21'),
(847, 231, 24, 34, 9, '2021-06-06 16:17:21', '2021-06-06 16:17:21'),
(848, 231, 24, 35, 9, '2021-06-06 16:17:21', '2021-06-06 16:17:21'),
(849, 231, 24, 36, 9, '2021-06-06 16:17:21', '2021-06-06 16:17:21'),
(850, 232, 3, NULL, 9, '2021-06-11 14:25:28', '2021-06-11 14:25:28'),
(851, 232, 4, NULL, 9, '2021-06-11 14:25:28', '2021-06-11 14:25:28'),
(852, 232, 5, NULL, 9, '2021-06-11 14:25:28', '2021-06-11 14:25:28'),
(853, 232, 6, NULL, 9, '2021-06-11 14:25:28', '2021-06-11 14:25:28'),
(854, 232, 7, 3, 9, '2021-06-11 14:25:28', '2021-06-11 14:25:28'),
(855, 232, 7, 4, 9, '2021-06-11 14:25:28', '2021-06-11 14:25:28'),
(856, 232, 8, 5, 9, '2021-06-11 14:25:28', '2021-06-11 14:25:28'),
(857, 232, 8, 6, 9, '2021-06-11 14:25:28', '2021-06-11 14:25:28'),
(858, 232, 9, NULL, 9, '2021-06-11 14:25:28', '2021-06-11 14:25:28'),
(859, 232, 10, 7, 9, '2021-06-11 14:25:28', '2021-06-11 14:25:28'),
(860, 232, 10, 8, 9, '2021-06-11 14:25:28', '2021-06-11 14:25:28'),
(861, 232, 10, 9, 9, '2021-06-11 14:25:28', '2021-06-11 14:25:28'),
(862, 232, 11, 10, 9, '2021-06-11 14:25:28', '2021-06-11 14:25:28'),
(863, 232, 11, 11, 9, '2021-06-11 14:25:28', '2021-06-11 14:25:28'),
(864, 232, 13, NULL, 9, '2021-06-11 14:25:28', '2021-06-11 14:25:28'),
(865, 232, 16, NULL, 9, '2021-06-11 14:25:28', '2021-06-11 14:25:28'),
(866, 232, 17, 12, 9, '2021-06-11 14:25:28', '2021-06-11 14:25:28'),
(867, 232, 17, 13, 9, '2021-06-11 14:25:28', '2021-06-11 14:25:28'),
(868, 232, 18, 14, 9, '2021-06-11 14:25:28', '2021-06-11 14:25:28'),
(869, 232, 18, 15, 9, '2021-06-11 14:25:28', '2021-06-11 14:25:28'),
(870, 232, 19, 16, 9, '2021-06-11 14:25:28', '2021-06-11 14:25:28'),
(871, 232, 19, 17, 9, '2021-06-11 14:25:28', '2021-06-11 14:25:28'),
(872, 232, 19, 18, 9, '2021-06-11 14:25:28', '2021-06-11 14:25:28'),
(873, 232, 19, 19, 9, '2021-06-11 14:25:28', '2021-06-11 14:25:28'),
(874, 232, 20, 20, 9, '2021-06-11 14:25:28', '2021-06-11 14:25:28'),
(875, 232, 20, 21, 9, '2021-06-11 14:25:28', '2021-06-11 14:25:28'),
(876, 232, 20, 22, 9, '2021-06-11 14:25:28', '2021-06-11 14:25:28'),
(877, 232, 20, 23, 9, '2021-06-11 14:25:28', '2021-06-11 14:25:28'),
(878, 232, 20, 24, 9, '2021-06-11 14:25:28', '2021-06-11 14:25:28'),
(879, 232, 20, 25, 9, '2021-06-11 14:25:28', '2021-06-11 14:25:28'),
(880, 232, 20, 26, 9, '2021-06-11 14:25:28', '2021-06-11 14:25:28'),
(881, 232, 21, 27, 9, '2021-06-11 14:25:28', '2021-06-11 14:25:28'),
(882, 232, 21, 28, 9, '2021-06-11 14:25:28', '2021-06-11 14:25:28'),
(883, 232, 21, 29, 9, '2021-06-11 14:25:28', '2021-06-11 14:25:28'),
(884, 232, 21, 30, 9, '2021-06-11 14:25:28', '2021-06-11 14:25:28'),
(885, 232, 21, 31, 9, '2021-06-11 14:25:28', '2021-06-11 14:25:28'),
(886, 232, 21, 32, 9, '2021-06-11 14:25:28', '2021-06-11 14:25:28'),
(887, 232, 23, NULL, 9, '2021-06-11 14:25:28', '2021-06-11 14:25:28'),
(888, 232, 24, 33, 9, '2021-06-11 14:25:28', '2021-06-11 14:25:28'),
(889, 232, 24, 34, 9, '2021-06-11 14:25:28', '2021-06-11 14:25:28'),
(890, 232, 24, 35, 9, '2021-06-11 14:25:28', '2021-06-11 14:25:28'),
(891, 232, 24, 36, 9, '2021-06-11 14:25:28', '2021-06-11 14:25:28'),
(892, 233, 3, NULL, 9, '2021-06-16 07:17:22', '2021-06-16 07:17:22'),
(893, 233, 4, NULL, 9, '2021-06-16 07:17:22', '2021-06-16 07:17:22'),
(894, 233, 5, NULL, 9, '2021-06-16 07:17:22', '2021-06-16 07:17:22'),
(895, 233, 6, NULL, 9, '2021-06-16 07:17:22', '2021-06-16 07:17:22'),
(896, 233, 8, 5, 9, '2021-06-16 07:17:22', '2021-06-16 07:17:22'),
(897, 233, 8, 6, 9, '2021-06-16 07:17:22', '2021-06-16 07:17:22'),
(898, 233, 9, NULL, 9, '2021-06-16 07:17:22', '2021-06-16 07:17:22'),
(899, 233, 10, 7, 9, '2021-06-16 07:17:22', '2021-06-16 07:17:22'),
(900, 233, 10, 8, 9, '2021-06-16 07:17:22', '2021-06-16 07:17:22'),
(901, 233, 10, 9, 9, '2021-06-16 07:17:22', '2021-06-16 07:17:22'),
(902, 233, 11, 10, 9, '2021-06-16 07:17:22', '2021-06-16 07:17:22'),
(903, 233, 11, 11, 9, '2021-06-16 07:17:22', '2021-06-16 07:17:22'),
(904, 233, 13, NULL, 9, '2021-06-16 07:17:22', '2021-06-16 07:17:22'),
(905, 233, 16, NULL, 9, '2021-06-16 07:17:22', '2021-06-16 07:17:22'),
(906, 233, 17, 12, 9, '2021-06-16 07:17:22', '2021-06-16 07:17:22'),
(907, 233, 17, 13, 9, '2021-06-16 07:17:22', '2021-06-16 07:17:22'),
(908, 233, 18, 14, 9, '2021-06-16 07:17:22', '2021-06-16 07:17:22'),
(909, 233, 18, 15, 9, '2021-06-16 07:17:22', '2021-06-16 07:17:22'),
(910, 233, 19, 16, 9, '2021-06-16 07:17:22', '2021-06-16 07:17:22'),
(911, 233, 19, 17, 9, '2021-06-16 07:17:22', '2021-06-16 07:17:22'),
(912, 233, 19, 18, 9, '2021-06-16 07:17:22', '2021-06-16 07:17:22'),
(913, 233, 19, 19, 9, '2021-06-16 07:17:22', '2021-06-16 07:17:22'),
(914, 233, 20, 20, 9, '2021-06-16 07:17:22', '2021-06-16 07:17:22'),
(915, 233, 20, 21, 9, '2021-06-16 07:17:22', '2021-06-16 07:17:22'),
(916, 233, 20, 22, 9, '2021-06-16 07:17:22', '2021-06-16 07:17:22'),
(917, 233, 20, 23, 9, '2021-06-16 07:17:22', '2021-06-16 07:17:22'),
(918, 233, 20, 24, 9, '2021-06-16 07:17:22', '2021-06-16 07:17:22'),
(919, 233, 20, 25, 9, '2021-06-16 07:17:22', '2021-06-16 07:17:22'),
(920, 233, 20, 26, 9, '2021-06-16 07:17:22', '2021-06-16 07:17:22'),
(921, 233, 21, 27, 9, '2021-06-16 07:17:22', '2021-06-16 07:17:22'),
(922, 233, 21, 28, 9, '2021-06-16 07:17:22', '2021-06-16 07:17:22'),
(923, 233, 21, 29, 9, '2021-06-16 07:17:22', '2021-06-16 07:17:22'),
(924, 233, 21, 30, 9, '2021-06-16 07:17:22', '2021-06-16 07:17:22'),
(925, 233, 21, 31, 9, '2021-06-16 07:17:22', '2021-06-16 07:17:22'),
(926, 233, 21, 32, 9, '2021-06-16 07:17:22', '2021-06-16 07:17:22'),
(927, 233, 23, NULL, 9, '2021-06-16 07:17:22', '2021-06-16 07:17:22'),
(928, 233, 24, 33, 9, '2021-06-16 07:17:22', '2021-06-16 07:17:22'),
(929, 233, 24, 34, 9, '2021-06-16 07:17:22', '2021-06-16 07:17:22'),
(930, 233, 24, 35, 9, '2021-06-16 07:17:22', '2021-06-16 07:17:22'),
(931, 233, 24, 36, 9, '2021-06-16 07:17:22', '2021-06-16 07:17:22');

-- --------------------------------------------------------

--
-- Table structure for table `eit_nav_assign`
--

CREATE TABLE `eit_nav_assign` (
  `nA_id` int(11) NOT NULL,
  `user_id` int(10) UNSIGNED NOT NULL,
  `created_at` timestamp NULL DEFAULT NULL,
  `updated_at` timestamp NULL DEFAULT NULL
) ENGINE=InnoDB DEFAULT CHARSET=latin1;

--
-- Dumping data for table `eit_nav_assign`
--

INSERT INTO `eit_nav_assign` (`nA_id`, `user_id`, `created_at`, `updated_at`) VALUES
(228, 1, '2021-06-02 11:07:12', '2021-06-02 11:07:12'),
(231, 9, '2021-06-06 16:17:21', '2021-06-06 16:17:21'),
(232, 17, '2021-06-11 14:25:28', '2021-06-11 14:25:28'),
(233, 16, '2021-06-16 07:17:22', '2021-06-16 07:17:22');

-- --------------------------------------------------------

--
-- Table structure for table `eit_subnav`
--

CREATE TABLE `eit_subnav` (
  `sN_id` int(11) NOT NULL,
  `mN_id` int(11) NOT NULL,
  `sN_name` varchar(250) NOT NULL,
  `sN_route` tinytext NOT NULL,
  `sN_icon` varchar(250) NOT NULL DEFAULT 'fas fa-minus text-gray',
  `user_id` int(10) UNSIGNED NOT NULL,
  `created_at` timestamp NULL DEFAULT NULL,
  `updated_at` timestamp NULL DEFAULT NULL
) ENGINE=InnoDB DEFAULT CHARSET=latin1;

--
-- Dumping data for table `eit_subnav`
--

INSERT INTO `eit_subnav` (`sN_id`, `mN_id`, `sN_name`, `sN_route`, `sN_icon`, `user_id`, `created_at`, `updated_at`) VALUES
(3, 7, 'Teacher Info', 'teachers.find', 'fas fa-minus text-gray', 9, NULL, NULL),
(4, 7, 'Payment Setup', 'teacher.payment.setup.index', 'fas fa-minus text-gray', 9, NULL, NULL),
(5, 8, 'Mentor Setup', 'mentors', 'fas fa-minus text-gray', 9, NULL, NULL),
(6, 8, 'Batch Setup', 'mentor.batch-setup.index', 'fas fa-minus text-gray', 9, NULL, NULL),
(7, 10, 'New Student', 'student.create', 'fas fa-minus text-gray', 9, NULL, NULL),
(8, 10, 'Course Migration', 'student.search', 'fas fa-minus text-gray', 9, NULL, NULL),
(9, 10, 'Ex Student', 'student.existing.create', 'fas fa-minus text-gray', 9, NULL, NULL),
(10, 11, 'Professional', 'students.professional', 'fas fa-minus text-gray', 9, NULL, NULL),
(11, 11, 'Industrial', 'students.industrial', 'fas fa-minus text-gray', 9, NULL, NULL),
(12, 17, 'Payment', 'teacher.payment.institute', 'fas fa-minus text-gray', 9, NULL, NULL),
(13, 17, 'History', 'teacher.payment.history', 'fas fa-minus text-gray', 9, NULL, NULL),
(14, 18, 'Payment', 'mentor.payment.mentor-search', 'fas fa-minus text-gray', 9, NULL, NULL),
(15, 18, 'History', 'mentor.payment.history', 'fas fa-minus text-gray', 9, NULL, NULL),
(16, 19, 'Daily report', 'daily.report', 'fas fa-minus text-gray', 9, NULL, NULL),
(17, 19, 'General Report', 'report.index', 'fas fa-minus text-gray', 9, NULL, NULL),
(18, 19, 'Summary Report', 'summary_report', 'fas fa-minus text-gray', 9, NULL, NULL),
(19, 19, 'Indivisual Report', 'indivisual_report', 'fas fa-minus text-gray', 9, NULL, NULL),
(20, 20, 'Today', 'marketing.list.today', 'fas fa-minus text-gray', 9, NULL, NULL),
(21, 20, 'Default List', 'marketing.list', 'fas fa-minus text-gray', 9, NULL, NULL),
(22, 20, 'Add', 'marketing.add', 'fas fa-minus text-gray', 9, NULL, NULL),
(23, 20, 'Admitted List', 'marketing.admitted.list', 'fas fa-minus text-gray', 9, NULL, NULL),
(24, 20, 'Not Interested List', 'marketing.not.interested.list', 'fas fa-minus text-gray', 9, NULL, NULL),
(25, 20, 'Attach CSV File', 'import', 'fas fa-minus text-gray', 9, NULL, NULL),
(26, 20, 'CSV Information', 'csv_info', 'fas fa-minus text-gray', 9, NULL, NULL),
(27, 21, 'Birth Day', 'birthday', 'fas fa-minus text-gray', 9, NULL, NULL),
(28, 21, 'Promotional SMS', 'promotion_type.sms.index', 'fas fa-minus text-gray', 9, NULL, NULL),
(29, 21, 'SMS to Students', 'sms.sms_students', 'fas fa-minus text-gray', 9, NULL, NULL),
(30, 21, 'SMS to Teachers', 'sms.teacher', 'fas fa-minus text-gray', 9, NULL, NULL),
(31, 21, 'SMS Indivisual', 'sms.indivisual', 'fas fa-minus text-gray', 9, NULL, NULL),
(32, 21, 'SMS History', 'sms.history', 'fas fa-minus text-gray', 9, NULL, NULL),
(33, 24, 'Course Discount', 'online_op.course_dis', 'fas fa-minus text-gray', 9, NULL, NULL),
(34, 24, 'Discount History', 'online_op.course_dis_history', 'fas fa-minus text-gray', 9, NULL, NULL),
(35, 24, 'Course Status', 'course_status', 'fas fa-minus text-gray', 9, NULL, NULL),
(36, 24, 'DashBoard', 'online_reg', 'fas fa-minus text-gray', 9, NULL, NULL);

-- --------------------------------------------------------

--
-- Table structure for table `exam_add`
--

CREATE TABLE `exam_add` (
  `id` int(11) NOT NULL,
  `title` varchar(255) NOT NULL,
  `sub_title` varchar(255) DEFAULT NULL,
  `duration` int(10) NOT NULL,
  `time` varchar(10) NOT NULL,
  `status` varchar(255) NOT NULL,
  `created_at` timestamp NOT NULL DEFAULT CURRENT_TIMESTAMP,
  `updated_at` timestamp NOT NULL DEFAULT CURRENT_TIMESTAMP,
  `add_by` int(10) UNSIGNED NOT NULL
) ENGINE=InnoDB DEFAULT CHARSET=latin1;

-- --------------------------------------------------------

--
-- Table structure for table `exam_questions`
--

CREATE TABLE `exam_questions` (
  `id` int(11) NOT NULL,
  `exam_id` int(10) UNSIGNED NOT NULL,
  `question_no` int(11) NOT NULL,
  `question` varchar(255) NOT NULL,
  `question_type` int(11) NOT NULL,
  `mark` int(11) NOT NULL,
  `created_at` timestamp NOT NULL DEFAULT CURRENT_TIMESTAMP,
  `updated_at` timestamp NOT NULL DEFAULT CURRENT_TIMESTAMP,
  `user_id` int(11) NOT NULL
) ENGINE=InnoDB DEFAULT CHARSET=latin1;

-- --------------------------------------------------------

--
-- Table structure for table `exam_question_types`
--

CREATE TABLE `exam_question_types` (
  `id` int(11) NOT NULL,
  `question_id` int(11) NOT NULL,
  `1` varchar(255) DEFAULT NULL,
  `2` varchar(255) DEFAULT NULL,
  `3` varchar(255) DEFAULT NULL,
  `4` varchar(255) DEFAULT NULL,
  `e` text,
  `created_at` timestamp NOT NULL DEFAULT CURRENT_TIMESTAMP,
  `updated_at` timestamp NOT NULL DEFAULT CURRENT_TIMESTAMP
) ENGINE=InnoDB DEFAULT CHARSET=latin1;

-- --------------------------------------------------------

--
-- Table structure for table `installment_dates`
--

CREATE TABLE `installment_dates` (
  `id` int(10) UNSIGNED NOT NULL,
  `installment_date` varchar(255) NOT NULL,
  `account_id` int(10) UNSIGNED NOT NULL,
  `created_at` timestamp NULL DEFAULT NULL,
  `updated_at` timestamp NULL DEFAULT NULL
) ENGINE=InnoDB DEFAULT CHARSET=utf8;

--
-- Dumping data for table `installment_dates`
--

INSERT INTO `installment_dates` (`id`, `installment_date`, `account_id`, `created_at`, `updated_at`) VALUES
(2, '2020-03-13', 2, '2020-01-27 17:35:38', '2020-01-27 17:35:38'),
(3, '2020-03-13', 3, '2020-01-27 17:37:35', '2020-01-27 17:37:35'),
(9, '2020-03-13', 9, '2020-01-28 15:53:45', '2020-01-28 15:53:45'),
(10, '2020-03-13', 10, '2020-01-29 11:39:55', '2020-01-29 11:39:55'),
(11, '2020-03-13', 11, '2020-01-29 13:51:15', '2020-01-29 13:51:15'),
(12, '2020-03-13', 12, '2020-01-29 14:04:58', '2020-01-29 14:04:58'),
(14, '2020-03-13', 14, '2020-01-30 11:12:21', '2020-01-30 11:12:21'),
(17, '2020-03-13', 17, '2020-01-30 11:42:12', '2020-01-30 11:42:12'),
(18, '2020-02-07', 18, '2020-01-30 13:17:16', '2020-01-30 13:17:16'),
(19, '2020-03-13', 19, '2020-01-30 13:19:00', '2020-01-30 13:19:00'),
(22, '2020-03-13', 22, '2020-01-30 13:32:12', '2020-01-30 13:32:12'),
(26, '2020-03-13', 26, '2020-01-30 13:43:25', '2020-01-30 13:43:25'),
(29, '2020-03-13', 29, '2020-01-30 15:16:06', '2020-01-30 15:16:06'),
(31, '2020-03-13', 31, '2020-01-31 11:23:58', '2020-01-31 11:23:58'),
(32, '2020-03-13', 33, '2020-01-31 11:42:50', '2020-01-31 11:42:50'),
(33, '2020-03-13', 34, '2020-01-31 12:10:47', '2020-01-31 12:10:47'),
(35, '2020-03-13', 36, '2020-01-31 12:26:12', '2020-01-31 12:26:12'),
(36, '2020-03-13', 37, '2020-01-31 12:31:12', '2020-01-31 12:31:12'),
(37, '2020-03-13', 39, '2020-01-31 16:32:41', '2020-01-31 16:32:41'),
(38, '2020-03-13', 40, '2020-01-31 17:13:11', '2020-01-31 17:13:11'),
(39, '2020-03-13', 41, '2020-01-31 17:14:43', '2020-01-31 17:14:43'),
(40, '2020-03-13', 42, '2020-01-31 17:27:25', '2020-01-31 17:27:25'),
(41, '2020-03-13', 43, '2020-01-31 17:28:55', '2020-01-31 17:28:55'),
(42, '2020-03-13', 44, '2020-01-31 17:40:03', '2020-01-31 17:40:03'),
(43, '2020-03-13', 45, '2020-01-31 17:43:18', '2020-01-31 17:43:18'),
(44, '2020-03-13', 46, '2020-01-31 17:50:43', '2020-01-31 17:50:43'),
(45, '2020-03-13', 47, '2020-01-31 17:55:38', '2020-01-31 17:55:38'),
(46, '2020-03-13', 48, '2020-01-31 17:57:10', '2020-01-31 17:57:10'),
(47, '2020-03-13', 49, '2020-01-31 18:07:48', '2020-01-31 18:07:48'),
(48, '2020-03-13', 50, '2020-01-31 18:13:14', '2020-01-31 18:13:14'),
(49, '2020-03-13', 51, '2020-01-31 18:18:11', '2020-01-31 18:18:11'),
(50, '2020-03-13', 52, '2020-01-31 18:25:34', '2020-01-31 18:25:34'),
(51, '2020-03-13', 53, '2020-01-31 18:25:43', '2020-01-31 18:25:43'),
(52, '2020-03-13', 54, '2020-01-31 18:33:54', '2020-01-31 18:33:54'),
(53, '2020-03-13', 55, '2020-01-31 18:41:47', '2020-01-31 18:41:47'),
(54, '2020-03-13', 56, '2020-01-31 18:55:23', '2020-01-31 18:55:23'),
(55, '2020-03-13', 57, '2020-01-31 18:59:19', '2020-01-31 18:59:19'),
(56, '2020-03-13', 58, '2020-01-31 19:13:11', '2020-01-31 19:13:11'),
(57, '2020-03-13', 59, '2020-01-31 19:13:58', '2020-01-31 19:13:58'),
(58, '2020-03-13', 60, '2020-01-31 19:24:11', '2020-01-31 19:24:11'),
(59, '2020-03-13', 61, '2020-01-31 19:26:43', '2020-01-31 19:26:43'),
(60, '2020-03-13', 62, '2020-01-31 19:35:37', '2020-01-31 19:35:37'),
(62, '2020-03-13', 64, '2020-01-31 19:44:16', '2020-01-31 19:44:16'),
(63, '2020-03-13', 65, '2020-01-31 19:57:06', '2020-01-31 19:57:06'),
(66, '2020-03-13', 68, '2020-02-02 08:46:01', '2020-02-02 08:46:01'),
(70, '2020-03-13', 72, '2020-02-02 10:32:56', '2020-02-02 10:32:56'),
(74, '2020-03-13', 76, '2020-02-02 10:49:32', '2020-02-02 10:49:32'),
(80, '2020-03-13', 82, '2020-02-02 11:03:10', '2020-02-02 11:03:10'),
(81, '2020-03-13', 83, '2020-02-02 11:03:59', '2020-02-02 11:03:59'),
(84, '2020-03-13', 86, '2020-02-02 11:20:19', '2020-02-02 11:20:19'),
(87, '2020-03-13', 89, '2020-02-02 11:29:18', '2020-02-02 11:29:18'),
(99, '2020-03-13', 103, '2020-02-02 12:17:01', '2020-02-02 12:17:01'),
(106, '2020-03-13', 110, '2020-02-02 12:37:59', '2020-02-02 12:37:59'),
(107, '2020-03-13', 111, '2020-02-02 12:38:56', '2020-02-02 12:38:56'),
(110, '2020-03-13', 114, '2020-02-02 12:42:57', '2020-02-02 12:42:57'),
(111, '2020-03-13', 115, '2020-02-02 12:49:10', '2020-02-02 12:49:10'),
(113, '2020-03-13', 117, '2020-02-02 13:16:04', '2020-02-02 13:16:04'),
(116, '2020-03-13', 123, '2020-02-02 14:06:21', '2020-02-02 14:06:21'),
(118, '2020-03-13', 128, '2020-02-02 14:45:34', '2020-02-02 14:45:34'),
(120, '2020-03-13', 130, '2020-02-02 14:53:02', '2020-02-02 14:53:02'),
(122, '2020-03-13', 134, '2020-02-02 15:01:46', '2020-02-02 15:01:46'),
(123, '2020-03-13', 135, '2020-02-02 15:09:19', '2020-02-02 15:09:19'),
(125, '2020-03-13', 137, '2020-02-02 15:14:44', '2020-02-02 15:14:44'),
(126, '2020-03-13', 138, '2020-02-02 15:17:19', '2020-02-02 15:17:19'),
(129, '2020-03-13', 141, '2020-02-02 15:27:13', '2020-02-02 15:27:13'),
(130, '2020-03-13', 142, '2020-02-02 15:27:16', '2020-02-02 15:27:16'),
(131, '2020-03-13', 144, '2020-02-02 15:33:10', '2020-02-02 15:33:10'),
(138, '2020-03-13', 151, '2020-02-02 16:18:20', '2020-02-02 16:18:20'),
(142, '2020-03-13', 155, '2020-02-02 16:27:40', '2020-02-02 16:27:40'),
(143, '2020-03-13', 156, '2020-02-02 16:30:23', '2020-02-02 16:30:23'),
(148, '2020-03-13', 161, '2020-02-02 16:40:09', '2020-02-02 16:40:09'),
(151, '2020-03-13', 164, '2020-02-02 16:43:36', '2020-02-02 16:43:36'),
(156, '2020-03-13', 169, '2020-02-02 16:50:20', '2020-02-02 16:50:20'),
(158, '2020-03-13', 171, '2020-02-02 16:59:56', '2020-02-02 16:59:56'),
(161, '2020-03-13', 174, '2020-02-02 17:06:17', '2020-02-02 17:06:17'),
(166, '2020-03-13', 180, '2020-02-02 17:34:58', '2020-02-02 17:34:58'),
(168, '2020-03-13', 183, '2020-02-02 17:43:44', '2020-02-02 17:43:44'),
(169, '2020-03-13', 184, '2020-02-02 17:51:26', '2020-02-02 17:51:26'),
(176, '2020-03-13', 195, '2020-02-02 19:34:26', '2020-02-02 19:34:26'),
(177, '2020-03-13', 196, '2020-02-02 20:05:19', '2020-02-02 20:05:19'),
(178, '2020-03-13', 197, '2020-02-02 20:17:07', '2020-02-02 20:17:07'),
(181, '2020-03-13', 200, '2020-02-02 20:19:39', '2020-02-02 20:19:39'),
(183, '2020-03-13', 202, '2020-02-02 20:32:15', '2020-02-02 20:32:15'),
(185, '2020-03-13', 205, '2020-02-03 09:23:34', '2020-02-03 09:23:34'),
(186, '2020-03-13', 206, '2020-02-03 09:35:41', '2020-02-03 09:35:41'),
(190, '2020-03-13', 210, '2020-02-03 09:58:59', '2020-02-03 09:58:59'),
(192, '2020-03-13', 212, '2020-02-03 10:07:43', '2020-02-03 10:07:43'),
(194, '2020-03-13', 215, '2020-02-03 10:21:17', '2020-02-03 10:21:17'),
(195, '2020-03-13', 216, '2020-02-03 10:29:53', '2020-02-03 10:29:53'),
(198, '2020-03-13', 219, '2020-02-03 10:30:57', '2020-02-03 10:30:57'),
(201, '2020-03-13', 222, '2020-02-03 10:43:00', '2020-02-03 10:43:00'),
(203, '2020-03-13', 224, '2020-02-03 11:01:24', '2020-02-03 11:01:24'),
(212, '2020-03-13', 233, '2020-02-03 11:46:03', '2020-02-03 11:46:03'),
(216, '2020-03-13', 237, '2020-02-03 11:56:30', '2020-02-03 11:56:30'),
(218, '2020-03-13', 239, '2020-02-03 12:10:34', '2020-02-03 12:10:34'),
(224, '2020-03-13', 247, '2020-02-03 14:48:04', '2020-02-03 14:48:04'),
(227, '2020-03-13', 250, '2020-02-03 14:58:36', '2020-02-03 14:58:36'),
(229, '2020-03-13', 252, '2020-02-03 15:09:10', '2020-02-03 15:09:10'),
(233, '2020-03-13', 256, '2020-02-03 15:19:45', '2020-02-03 15:19:45'),
(236, '2020-03-13', 259, '2020-02-03 16:24:40', '2020-02-03 16:24:40'),
(237, '2020-03-13', 260, '2020-02-03 16:36:59', '2020-02-03 16:36:59'),
(247, '2020-03-13', 274, '2020-02-04 10:09:53', '2020-02-04 10:09:53'),
(250, '2020-03-13', 277, '2020-02-04 10:50:06', '2020-02-04 10:50:06'),
(253, '2020-03-13', 280, '2020-02-04 10:57:29', '2020-02-04 10:57:29'),
(254, '2020-03-13', 281, '2020-02-04 11:02:22', '2020-02-04 11:02:22'),
(256, '2020-03-13', 283, '2020-02-04 11:21:13', '2020-02-04 11:21:13'),
(258, '2020-03-13', 285, '2020-02-04 11:23:03', '2020-02-04 11:23:03'),
(260, '2020-03-13', 287, '2020-02-04 11:31:31', '2020-02-04 11:31:31'),
(261, '2020-03-13', 288, '2020-02-04 11:33:54', '2020-02-04 11:33:54'),
(264, '2020-03-13', 291, '2020-02-04 11:46:52', '2020-02-04 11:46:52'),
(265, '2020-03-13', 292, '2020-02-04 11:55:35', '2020-02-04 11:55:35'),
(266, '2020-03-13', 293, '2020-02-04 12:06:25', '2020-02-04 12:06:25'),
(267, '2020-03-13', 301, '2020-02-04 13:50:54', '2020-02-04 13:50:54'),
(270, '2020-03-13', 304, '2020-02-04 14:04:26', '2020-02-04 14:04:26'),
(273, '2020-03-13', 307, '2020-02-05 12:15:48', '2020-02-05 12:15:48'),
(274, '2020-03-13', 308, '2020-02-05 12:31:46', '2020-02-05 12:31:46'),
(278, '2020-03-13', 314, '2020-02-05 13:58:32', '2020-02-05 13:58:32'),
(284, '2020-03-13', 320, '2020-02-05 18:43:44', '2020-02-05 18:43:44'),
(285, '2020-03-13', 321, '2020-02-06 10:45:01', '2020-02-06 10:45:01'),
(288, '2020-03-13', 324, '2020-02-06 18:32:01', '2020-02-06 18:32:01'),
(295, '2020-03-13', 331, '2020-02-11 07:13:59', '2020-02-11 07:13:59'),
(296, '2020-03-13', 332, '2020-02-11 07:23:46', '2020-02-11 07:23:46'),
(298, '2020-03-13', 334, '2020-02-13 09:51:22', '2020-02-13 09:51:22'),
(303, '2020-03-13', 337, '2020-02-16 11:15:04', '2020-02-16 11:15:04'),
(372, '2020-03-23', 373, '2020-02-23 09:23:12', '2020-02-23 09:23:12'),
(390, '2020-03-20', 196, '2020-03-15 05:34:56', '2020-03-15 05:34:56'),
(429, '2020-12-11', 414, '2020-11-20 08:55:21', '2020-11-20 08:55:21'),
(431, '2021-01-03', 416, '2020-12-03 06:25:51', '2020-12-03 06:25:51'),
(432, '2020-12-16', 417, '2020-12-08 07:41:29', '2020-12-08 07:41:29'),
(433, '2021-01-15', 418, '2020-12-14 09:47:20', '2020-12-14 09:47:20'),
(434, '2021-02-05', 419, '2020-12-31 09:21:05', '2020-12-31 09:21:05'),
(435, '2021-01-20', 420, '2021-01-01 10:12:36', '2021-01-01 10:12:36'),
(436, '2021-03-01', 420, '2021-01-01 10:12:36', '2021-01-01 10:12:36'),
(437, '2021-02-05', 421, '2021-01-01 10:19:59', '2021-01-01 10:19:59'),
(438, '2021-02-02', 422, '2021-01-01 10:30:17', '2021-01-01 10:30:17'),
(439, '2021-02-07', 425, '2021-01-13 14:13:07', '2021-01-13 14:13:07'),
(440, '2021-03-07', 425, '2021-01-13 14:13:07', '2021-01-13 14:13:07'),
(441, '2021-04-07', 425, '2021-01-13 14:13:07', '2021-01-13 14:13:07'),
(442, '2021-02-20', 434, '2021-01-20 09:36:26', '2021-01-20 09:36:26'),
(443, '2021-02-05', 439, '2021-01-26 12:40:50', '2021-01-26 12:40:50'),
(444, '2021-03-07', 440, '2021-01-27 07:49:01', '2021-01-27 07:49:01');

-- --------------------------------------------------------

--
-- Table structure for table `institutes`
--

CREATE TABLE `institutes` (
  `id` int(10) UNSIGNED NOT NULL,
  `name` text NOT NULL,
  `address` text,
  `division` varchar(255) NOT NULL,
  `district` varchar(255) NOT NULL,
  `website` text,
  `user_id` int(10) UNSIGNED DEFAULT NULL,
  `created_at` timestamp NULL DEFAULT NULL,
  `updated_at` timestamp NULL DEFAULT NULL
) ENGINE=InnoDB DEFAULT CHARSET=utf8;

--
-- Dumping data for table `institutes`
--

INSERT INTO `institutes` (`id`, `name`, `address`, `division`, `district`, `website`, `user_id`, `created_at`, `updated_at`) VALUES
(2, 'Rajshahi Mohila Polytechnic Institute, Rajshahi', 'Rajshahi', 'Rajshahi', 'Rajshahi', NULL, 3, '2020-01-27 17:31:02', '2020-02-02 08:01:46'),
(6, 'Gopalganj Polytechnic Institute, Gopalganj', 'Dighalia, Gopalganj', 'Dhaka', 'Goapalganj', NULL, 3, '2020-01-28 15:50:21', '2020-01-28 15:50:21'),
(14, 'Muslim Aid Institute of Technology, Dhaka', 'Mirpur-12, D block', 'Dhaka', 'Dhaka', NULL, 1, '2020-01-30 13:14:30', '2020-02-02 07:57:06'),
(15, 'Thakurgaon Polytechnic Institute, Thakurgaon', 'Thakurgaon', 'Rangpur', 'Thakurgaon', NULL, 1, '2020-01-30 15:09:54', '2020-01-30 15:09:54'),
(16, 'Kurigram Polytechnic Institute, Kurigram', 'Kurigram', 'Rangpur', 'Kurigram', NULL, 1, '2020-01-31 11:19:37', '2020-01-31 11:19:37'),
(18, 'Baily Bridge Agriculture & Polytechnic Institute. Mirbagh, Kaunia, Rangpur', 'Mirbug, Cauniaa, Rangpur', 'Rangpur', 'Rangpur', NULL, 1, '2020-01-31 17:03:15', '2020-03-05 11:43:31'),
(19, 'Nobo Jibon Polytechnic Institute, Satkhira', 'Polashpol,Satkhira', 'Khulna', 'Satkhira', NULL, 1, '2020-01-31 17:20:58', '2020-03-05 11:42:50'),
(20, 'Kishoreganj Polytechnic Institute, Kishoreganj', 'Kishorganj', 'Dhaka', 'Kishorganj', NULL, 1, '2020-01-31 18:06:35', '2020-02-02 07:53:05'),
(21, 'Bangladesh Polytechnic Institute, Rajshahi', 'Rajshahi', 'Rajshahi', 'Rajshahi', NULL, 1, '2020-02-02 09:24:09', '2020-02-02 09:24:09'),
(22, 'Bangladesh Sweden Polytechin Institute, Rangamati', 'Rangamati', 'Chottogram', 'Rangamati', NULL, 1, '2020-02-02 09:26:28', '2020-02-02 09:41:43'),
(23, 'Bogra Polytechnic Institute, Bogra', 'Bogra', 'Rajshahi', 'Bogra', NULL, 1, '2020-02-02 09:27:19', '2020-02-02 09:41:22'),
(24, 'Brahmanbaria Polytechnic Institute, Brahmanbaria', 'Brahmanbaria', 'Chottogram', 'Brahmanbaria', NULL, 1, '2020-02-02 09:27:56', '2020-03-05 11:41:56'),
(25, 'Chandpur Engineering institute, Chandpur', 'Chandpur', 'Chottogram', 'Chandpur', NULL, 1, '2020-02-02 09:28:57', '2020-02-02 09:40:45'),
(26, 'Chandpur Polytechnic Institute, Chandpur', 'Chandpur', 'Chottogram', 'Chandpur', NULL, 1, '2020-02-02 09:29:34', '2020-03-05 11:41:25'),
(27, 'Chapainawabganj Polytechnic Institute, Chapainawabganj', 'Chapai Nawabganj', 'Rajshahi', 'Chapai Nawabganj', NULL, 1, '2020-02-02 09:30:21', '2020-03-05 11:40:51'),
(28, 'Chottogram Polytechnic Institute, Chottogram', 'Chottogram', 'Chottogram', 'Chottogram', NULL, 1, '2020-02-02 09:32:50', '2020-02-02 09:32:50'),
(29, 'City Polytechnic Institute, Khulna', 'Khulna', 'Khulna', 'Khulna', NULL, 1, '2020-02-02 09:33:28', '2020-02-02 09:33:28'),
(30, 'Cox\'s Bazar Polytechnic Institute , Cox\'s Bazar', 'Cox\'s Bazar', 'Chottogram', 'Cox\'s Bazar', NULL, 1, '2020-02-02 09:35:28', '2020-02-02 09:39:45'),
(31, 'Dinajpur Polytechnic Institute, Dinajpur', 'Dinajpur', 'Rangpur', 'Dinajpur', NULL, 1, '2020-02-02 09:36:18', '2020-02-02 09:39:28'),
(32, 'Eugenic Polytechnic Institute, Tangail', 'Tangail', 'Dhaka', 'Tangail', NULL, 1, '2020-02-02 09:37:55', '2020-02-02 09:39:14'),
(33, 'Exalt Polytechnic Institute, Tangail', 'Tangail', 'Dhaka', 'Tangail', NULL, 1, '2020-02-02 09:39:06', '2020-02-02 09:39:06'),
(34, 'Faridpur Polytechnic Institute, Faridpur', 'Faridpur', 'Dhaka', 'Faridpur', NULL, 1, '2020-02-02 09:43:02', '2020-02-02 09:43:02'),
(35, 'Feni Computer Institute, Feni', 'Feni', 'Chottogram', 'Feni', NULL, 1, '2020-02-02 09:43:59', '2020-02-02 09:43:59'),
(36, 'Grassroots Polytechnic Institute, Faridpur', 'Faridpur', 'Dhaka', 'Faridpur', NULL, 1, '2020-02-02 09:44:27', '2020-02-02 09:44:27'),
(37, 'Gurukul Polytechnic Institute, Kushtia', 'Kushtia', 'Rajshahi', 'Kushtia', NULL, 1, '2020-02-02 09:45:14', '2020-02-02 09:45:14'),
(38, 'Hajigonj Polytechnic Institute, Chandpur', 'Chandpur', 'Chottogram', 'Chandpur', NULL, 1, '2020-02-02 09:48:05', '2020-02-02 09:48:05'),
(39, 'IET, Rangpur', 'Rangpur', 'Rangpur', 'Rangpur', NULL, 1, '2020-02-02 09:48:44', '2020-02-02 09:48:44'),
(40, 'Islami Bank Institute of Technology, Sylhet', 'Sylhet', 'Sylhet', 'Sylhet', NULL, 1, '2020-02-02 09:49:15', '2020-02-02 09:49:15'),
(41, 'Jessore polytechnic institute, Jessore', 'Jessore', 'Jessore', 'Jessore', NULL, 1, '2020-02-02 09:50:32', '2020-02-02 09:50:32'),
(42, 'Kashbon Polytechnic Institute, Magura', 'Magura', 'Jessore', 'Magura', NULL, 1, '2020-02-02 09:51:24', '2020-02-02 09:51:24'),
(43, 'Khan Jahan Ali College of Science & Technology, Khulna', 'Khulna', 'Khulna', 'Khulna', NULL, 1, '2020-02-02 09:51:52', '2020-02-02 09:51:52'),
(44, 'Kushtia Polytechnic Institute, Kushtia', 'Kushtia', 'Khulna', 'Kushtia', NULL, 1, '2020-02-02 09:54:29', '2020-02-02 09:54:29'),
(45, 'Kushtia Govt. Technical School and College, Kushtia', 'Kushtia', 'Khulna', 'Kushtia', NULL, 1, '2020-02-02 09:55:14', '2020-03-05 11:38:11'),
(46, 'Lakshmipur Polytechnic Institute , Laksmipur', 'Laksmipur', 'Chottogram', 'Laksmipur', NULL, 1, '2020-02-02 09:56:00', '2020-02-02 09:56:00'),
(47, 'Magura College of Engineering & Technology, Magura', 'Magura', 'Jessore', 'Magura', NULL, 1, '2020-02-02 09:56:57', '2020-02-02 09:56:57'),
(48, 'Gopalganj Model Polytechnic Institute, Gopalganj', 'Gopalganj', 'Dhaka', 'Gopalganj', NULL, 1, '2020-02-02 09:59:00', '2020-03-05 11:37:22'),
(49, 'Moulvibazar Polytechnic Institute, Moulvibazar', 'Moulavibazar', 'Sylhet', 'Moulavibazar', NULL, 1, '2020-02-02 09:59:37', '2020-03-05 11:36:25'),
(50, 'Mymensingh Polytechnic Institute, Mymensingh', 'Mymensingh', 'Dhaka', 'Mymensingh', NULL, 1, '2020-02-02 10:00:08', '2020-02-02 10:00:08'),
(51, 'Narsingdi Polytechnic Institute, Narsingdi', 'Narsingdi', 'Dhaka', 'Narsingdi', NULL, 1, '2020-02-02 10:01:15', '2020-02-02 10:01:15'),
(52, 'North South Polytechnic Institute, Khulna', 'Khulna', 'Khulna', 'Khulna', NULL, 1, '2020-02-02 10:01:42', '2020-02-02 10:01:42'),
(53, 'Novel Polytechnic Institute, Jhenaidah', 'Jhenaidah', 'Jessore', 'Jhenaidah', NULL, 1, '2020-02-02 10:02:17', '2020-02-02 10:02:17'),
(54, 'Rangpur Polytechnic Institute, Rangpur', 'Rangpur', 'Rangpur', 'Rangpur', NULL, 1, '2020-02-02 10:03:41', '2020-02-02 10:03:41'),
(55, 'RIIT, Rangpur', 'Rangpur', 'Rangpur', 'Rangpur', NULL, 1, '2020-02-02 10:04:11', '2020-02-02 10:04:11'),
(56, 'SAIC Polytechnic, Bogra', 'Bogra', 'Rajshahi', 'Bogra', NULL, 1, '2020-02-02 10:05:15', '2020-02-02 10:05:15'),
(57, 'Shariatpur Polytechnic Institute, Shariatpur', 'Shariatpur', 'Dhaka', 'Shariatpur', NULL, 1, '2020-02-02 10:06:27', '2020-02-02 10:06:27'),
(58, 'Sherpur Institute of Science and Technology, Sherpur', 'Sherpur', 'Rajshahi', 'Sherpur', NULL, 1, '2020-02-02 10:07:05', '2020-02-02 10:07:05'),
(59, 'Sherpur Polytechnic Institute, Sherpur', 'Sherpur', 'Rajshahi', 'Sherpur', NULL, 1, '2020-02-02 10:07:43', '2020-02-02 10:07:43'),
(60, 'Sirajgonj Institute Of Technology', 'Sirajganj', 'Rajshahi', 'Sirajganj', NULL, 1, '2020-02-02 10:08:32', '2020-03-05 11:35:19'),
(61, 'North-Bengle Institute Of Technology, Bogura', 'Bogra', 'Rajshahi', 'Bogra', NULL, 1, '2020-02-02 10:09:29', '2020-03-05 11:52:30'),
(62, 'Bangladesh Computer & Management Institute, Faridpur', 'Faridpur', 'Dhaka', 'Faridpur', NULL, 1, '2020-02-02 10:14:18', '2020-03-05 11:34:50'),
(63, 'Morden Engineering and Agriculture College, Faridpur', 'Faridpur', 'Dhaka', 'Faridpur', NULL, 1, '2020-02-02 10:15:05', '2020-02-04 10:17:33'),
(68, 'Graphic Arts Institute, Dhaka', 'Mohammadpur', 'Dhaka', 'Dhaka', NULL, 3, '2020-02-03 14:41:06', '2020-02-03 14:41:06');

-- --------------------------------------------------------

--
-- Table structure for table `marketingcomments`
--

CREATE TABLE `marketingcomments` (
  `id` bigint(20) UNSIGNED NOT NULL,
  `marketing_id` int(11) NOT NULL,
  `date` date NOT NULL,
  `converse_with` varchar(255) NOT NULL,
  `comment` text NOT NULL,
  `added_by` int(11) DEFAULT NULL,
  `created_at` timestamp NULL DEFAULT NULL,
  `updated_at` timestamp NULL DEFAULT NULL
) ENGINE=InnoDB DEFAULT CHARSET=utf8;

--
-- Dumping data for table `marketingcomments`
--

INSERT INTO `marketingcomments` (`id`, `marketing_id`, `date`, `converse_with`, `comment`, `added_by`, `created_at`, `updated_at`) VALUES
(1, 1, '2020-02-24', 'Rukiea', 'Online course. Contact us as soon as possible.', NULL, '2020-02-24 06:35:21', '2020-02-24 06:35:21'),
(2, 2, '2020-02-24', 'Rukiea', 'She will take online courses.', NULL, '2020-02-24 12:05:00', '2020-02-24 12:05:00'),
(3, 3, '2020-02-24', 'Rukiea', 'He will report this month.', NULL, '2020-02-24 12:07:26', '2020-02-24 12:07:26'),
(4, 4, '2020-02-24', 'Rukiea', 'He\'ll talk to friends.', NULL, '2020-02-24 12:27:10', '2020-02-24 12:27:10'),
(5, 5, '2020-02-24', 'Rukiea', 'He will speak on Friday by phone.', NULL, '2020-02-24 12:34:58', '2020-02-24 12:34:58'),
(6, 6, '2020-02-24', 'Rukiea', 'He Contact us as soon as possible.', NULL, '2020-02-24 12:48:49', '2020-02-24 12:48:49'),
(7, 7, '2020-02-24', 'Rukiea', 'Not Interested', NULL, '2020-02-24 12:56:14', '2020-02-24 12:56:14'),
(8, 8, '2020-02-24', 'Rukiea', 'Talk to your home.', NULL, '2020-02-24 13:09:11', '2020-02-24 13:09:11'),
(9, 9, '2020-02-24', 'Rukiea', 'He\'ll tell me by phone.', NULL, '2020-02-24 13:39:15', '2020-02-24 13:39:15'),
(10, 10, '2020-02-24', 'Rukiea', 'Not Interested', NULL, '2020-02-24 13:47:14', '2020-02-24 13:47:14'),
(11, 11, '2020-02-25', 'Rukiea', 'Not Interested', NULL, '2020-02-25 10:47:50', '2020-02-25 10:47:50'),
(12, 12, '2020-02-25', 'Rukiea', 'He\'ll think', NULL, '2020-02-25 11:01:35', '2020-02-25 11:01:35'),
(13, 13, '2020-02-25', 'Rukiea', 'He\'ll let me know for sure.', NULL, '2020-02-25 11:09:59', '2020-02-25 11:09:59'),
(14, 14, '2020-02-25', 'Rukiea', 'Not Interested', NULL, '2020-02-25 11:23:41', '2020-02-25 11:23:41'),
(15, 15, '2020-02-25', 'Rukiea', 'He\'ll call himself and let me know.', NULL, '2020-02-25 11:31:54', '2020-02-25 11:31:54'),
(16, 16, '2020-02-25', 'Rukiea', 'Not Interested', NULL, '2020-02-25 13:26:10', '2020-02-25 13:26:10'),
(17, 17, '2020-02-17', 'Rukiea', 'Visited The Office.', NULL, '2020-02-26 07:21:13', '2020-02-26 07:21:13'),
(18, 18, '2020-02-18', 'Rukiea', 'Visited The Office.', NULL, '2020-02-26 07:23:01', '2020-02-26 07:23:01'),
(19, 19, '2020-02-20', 'Rukiea', 'Visited The Office.', NULL, '2020-02-26 07:25:20', '2020-02-26 07:25:20'),
(20, 20, '2020-02-23', 'Rukiea', 'Visited The Office.', NULL, '2020-02-26 09:59:22', '2020-02-26 09:59:22'),
(21, 21, '2020-02-25', 'Rukiea', 'Visited The Office', NULL, '2020-02-26 10:00:38', '2020-02-26 10:00:38'),
(22, 22, '2020-02-25', 'Rukiea', 'Visited The Office.', NULL, '2020-02-26 10:01:36', '2020-02-26 10:01:36'),
(23, 23, '2020-02-26', 'Rukiea', 'Visited The Office.', NULL, '2020-02-26 10:33:24', '2020-02-26 10:33:24'),
(24, 24, '2020-02-26', 'Rukiea', 'Visited The Office.', NULL, '2020-02-26 12:53:32', '2020-02-26 12:53:32'),
(25, 25, '2020-02-26', 'Rukiea', 'Visited The Office.', NULL, '2020-02-26 12:54:37', '2020-02-26 12:54:37'),
(26, 26, '2020-02-26', 'Rukiea', 'He\'ll let me know for sure.', NULL, '2020-02-26 13:16:21', '2020-02-26 13:16:21'),
(27, 27, '2020-02-26', 'Rukiea', 'He\'ll let me know for sure.', NULL, '2020-02-26 13:25:36', '2020-02-26 13:25:36'),
(28, 28, '2020-02-26', 'Rukiea', 'Not Interested.', NULL, '2020-02-26 13:29:39', '2020-02-26 13:29:39'),
(29, 29, '2020-02-26', 'Rukiea', 'Will tell by phone tomorrow.', NULL, '2020-02-26 13:48:24', '2020-02-26 13:48:24'),
(30, 30, '2020-02-29', 'Rukiea', 'Not Interested.', NULL, '2020-02-29 05:52:10', '2020-02-29 05:52:10'),
(31, 31, '2020-02-29', 'Rukiea', 'Not Interested.', NULL, '2020-02-29 06:00:55', '2020-02-29 06:00:55'),
(32, 32, '2020-02-29', 'Rukiea', 'Not Interested. Because He lives in Mymensingh.', NULL, '2020-02-29 06:20:09', '2020-02-29 06:20:09'),
(33, 33, '2020-02-29', 'Rukiea', 'Not Interested, Because He lives in Manikgonj.', NULL, '2020-02-29 06:23:01', '2020-02-29 06:23:01'),
(34, 34, '2020-02-29', 'Rukiea', 'He can come on a visit today.', NULL, '2020-02-29 06:57:24', '2020-02-29 06:57:24'),
(35, 1, '2020-02-29', 'Rukiea', 'Not Interested.', NULL, '2020-02-29 09:42:39', '2020-02-29 09:42:39'),
(36, 20, '2020-02-29', 'Rukiea', 'Will not course.', NULL, '2020-02-29 09:59:20', '2020-02-29 09:59:20'),
(37, 35, '2020-02-27', 'Rukiea', 'Visited The Office.', NULL, '2020-02-29 10:51:47', '2020-02-29 10:51:47'),
(38, 36, '2020-02-29', 'Rukiea', 'He Will tell you later.', NULL, '2020-02-29 10:59:57', '2020-02-29 10:59:57'),
(39, 34, '2020-03-02', 'Rukiea', 'He\'ll think', NULL, '2020-03-02 05:51:57', '2020-03-02 05:51:57'),
(40, 37, '2020-03-02', 'Rukiea', 'You need to know when the app\'s class starts.', NULL, '2020-03-02 11:40:53', '2020-03-02 11:40:53'),
(41, 38, '2020-03-02', 'Rukiea', 'He will come on a visit after 2/3 days.', NULL, '2020-03-02 11:59:56', '2020-03-02 11:59:56'),
(42, 39, '2020-03-02', 'Rukiea', 'He\'ll call himself.', NULL, '2020-03-02 12:11:30', '2020-03-02 12:11:30'),
(43, 40, '2020-03-03', 'Rukiea', 'He After 3/4 days the office will come and talk.', NULL, '2020-03-03 05:28:30', '2020-03-03 05:28:30'),
(44, 41, '2020-03-03', 'Rukiea', 'He\'ll contact you later.', NULL, '2020-03-03 05:50:15', '2020-03-03 05:50:15'),
(45, 42, '2020-03-03', 'Rukiea', 'We love everything.\r\nWill tell you what the course will do.', NULL, '2020-03-03 13:06:11', '2020-03-03 13:06:11'),
(46, 43, '2020-03-03', 'Rukiea', 'He\'ll let us know', NULL, '2020-03-03 13:45:17', '2020-03-03 13:45:17'),
(47, 44, '2020-03-03', 'Rukiea', 'He will communicate online.', NULL, '2020-03-03 14:12:14', '2020-03-03 14:12:14'),
(48, 37, '2020-03-04', 'Rukiea', 'This week she will be reporting.', NULL, '2020-03-04 06:26:34', '2020-03-04 06:26:34'),
(49, 45, '2020-03-04', 'Rukiea', 'He Will tell.', NULL, '2020-03-04 06:37:34', '2020-03-04 06:37:34'),
(50, 46, '2020-03-04', 'Rukiea', 'Not Interested.', NULL, '2020-03-04 06:45:50', '2020-03-04 06:45:50'),
(51, 47, '2020-03-04', 'Rukiea', 'He Will tell me.', NULL, '2020-03-04 12:03:27', '2020-03-04 12:03:27'),
(52, 48, '2020-03-04', 'Rukiea', 'Will tell you later.', NULL, '2020-03-04 13:28:44', '2020-03-04 13:28:44'),
(53, 49, '2020-03-04', 'Rukiea', 'Will tell you later.', NULL, '2020-03-04 13:33:11', '2020-03-04 13:33:11'),
(54, 50, '2020-03-04', 'Rukiea', 'Will tell you later.', NULL, '2020-03-04 13:43:38', '2020-03-04 13:43:38'),
(55, 51, '2020-03-04', 'Rukiea', 'Will tell you later', NULL, '2020-03-04 13:48:19', '2020-03-04 13:48:19'),
(56, 52, '2020-03-04', 'Rukiea', 'He will Visits Friday.', NULL, '2020-03-04 14:04:32', '2020-03-04 14:04:32'),
(57, 53, '2020-03-04', 'Rukiea', 'Not Interested.', NULL, '2020-03-04 14:07:55', '2020-03-04 14:07:55'),
(58, 54, '2020-03-05', 'Rukiea', 'He will contact later.', NULL, '2020-03-05 09:54:21', '2020-03-05 09:54:21'),
(59, 55, '2020-03-05', 'Rukiea', 'Friday/Saturday He  Will Visits Our Office.', NULL, '2020-03-05 09:59:02', '2020-03-05 09:59:02'),
(60, 56, '2020-03-05', 'Rukiea', 'Friday He  Will Visits Our Office.', NULL, '2020-03-05 10:46:54', '2020-03-05 10:46:54'),
(61, 57, '2020-03-05', 'Rukiea', 'Today he will visited our office.', NULL, '2020-03-05 13:59:46', '2020-03-05 13:59:46'),
(62, 56, '2020-03-06', 'Rukiea', 'He Was Busy Will Call Later.', NULL, '2020-03-06 11:22:17', '2020-03-06 11:22:17'),
(63, 56, '2020-03-06', 'Rukiea', 'On the 18th, admission will be confirmed.', NULL, '2020-03-06 11:47:38', '2020-03-06 11:47:38'),
(64, 58, '2020-03-06', 'Rukiea', 'Today He will visited Our Office.', NULL, '2020-03-06 13:07:28', '2020-03-06 13:07:28'),
(65, 59, '2020-10-03', 'Rukiea', 'Not Interested.', NULL, '2020-03-10 11:11:46', '2020-03-10 11:11:46'),
(66, 60, '2020-03-10', 'Rukiea', 'He\'ll talk to the family.', NULL, '2020-03-10 11:18:00', '2020-03-10 11:18:00'),
(67, 61, '2020-03-10', 'Rukiea', 'Not Interested..Bcz He Live in sylhet.', NULL, '2020-03-10 11:24:43', '2020-03-10 11:24:43'),
(68, 62, '2020-03-10', 'Rukiea', 'He will visited Our Office.', NULL, '2020-03-10 11:27:53', '2020-03-10 11:27:53'),
(69, 63, '2020-03-10', 'Rukiea', 'He\'ll think.', NULL, '2020-03-10 11:45:45', '2020-03-10 11:45:45'),
(70, 64, '2020-03-10', 'Rukiea', 'He\'ll think.', NULL, '2020-03-10 11:51:14', '2020-03-10 11:51:14'),
(71, 65, '2020-03-10', 'Rukiea', 'He will report it as cornflame.', NULL, '2020-03-10 11:59:24', '2020-03-10 11:59:24'),
(72, 66, '2020-03-10', 'Rukiea', 'He will be admitted online and will take an online course.', NULL, '2020-03-10 12:43:08', '2020-03-10 12:43:08'),
(73, 67, '2020-03-10', 'Rukiea', 'Outside Dhaka, come and contact', NULL, '2020-03-10 12:53:13', '2020-03-10 12:53:13'),
(74, 68, '2020-03-10', 'Rukiea', 'Will tell you later.', NULL, '2020-03-10 13:00:33', '2020-03-10 13:00:33'),
(75, 69, '2020-03-10', 'Rukiea', 'Will talk later.', NULL, '2020-03-10 13:02:00', '2020-03-10 13:02:00'),
(76, 70, '2020-03-10', 'Rukiea', 'Not Interested.', NULL, '2020-03-10 13:07:41', '2020-03-10 13:07:41'),
(77, 71, '2020-03-12', 'Harun Vai', 'He will be visiting our office tomorrow.', NULL, '2020-03-13 03:15:11', '2020-03-13 03:15:11'),
(78, 72, '2020-03-13', 'Rukiea', 'Please come to the office and contact as soon as possible.', NULL, '2020-03-13 04:59:41', '2020-03-13 04:59:41'),
(79, 73, '2020-03-13', 'Rukiea', 'He\'ll communicate.', NULL, '2020-03-13 05:38:03', '2020-03-13 05:38:03'),
(80, 74, '2020-03-13', 'Rukiea', 'He\'ll communicate', NULL, '2020-03-13 10:29:03', '2020-03-13 10:29:03'),
(81, 75, '2020-03-13', 'Rukiea', 'He Will Visited Our Office.', NULL, '2020-03-13 12:38:46', '2020-03-13 12:38:46'),
(82, 76, '2020-03-14', 'Harun Vai', 'He will be coming as soon as possible.', NULL, '2020-03-14 03:53:23', '2020-03-14 03:53:23'),
(83, 77, '2020-03-14', 'Harun Vai', 'He will be coming as soon as possible', NULL, '2020-03-14 03:54:51', '2020-03-14 03:54:51'),
(84, 78, '2020-03-14', 'Rukiea', 'He Will Visited Our Office Today.\r\nCourse Name : ( Graphic Design & Motion Graphic ) 6 Month', NULL, '2020-03-14 08:24:05', '2020-03-14 08:24:05'),
(85, 79, '2020-03-16', 'Rukiea', 'Need to say when the batch of Python starts.', NULL, '2020-03-16 12:01:07', '2020-03-16 12:01:07'),
(86, 80, '2020-03-16', 'Rukiea', 'She will take online courses.', NULL, '2020-03-16 12:10:55', '2020-03-16 12:10:55'),
(87, 81, '2020-03-16', 'Rukiea', 'He will be visiting on the 18th March 2020.', NULL, '2020-03-16 13:23:55', '2020-03-16 13:23:55'),
(88, 82, '2020-03-16', 'Rukiea', 'He will communicate by himself.', NULL, '2020-03-16 13:28:46', '2020-03-16 13:28:46'),
(89, 83, '2020-03-16', 'Rukiea', 'He could come on the 18th.', NULL, '2020-03-16 13:32:04', '2020-03-16 13:32:04'),
(90, 84, '2020-03-16', 'Rukiea', 'He could come on the 18th.', NULL, '2020-03-16 13:37:43', '2020-03-16 13:37:43'),
(91, 85, '2020-03-20', 'Rukiea', 'He Will Contact Your Later.', NULL, '2020-03-20 05:17:17', '2020-03-20 05:17:17'),
(92, 86, '2020-03-20', 'Rukiea', 'She Spoke To Her Parents At The House.', NULL, '2020-03-21 03:42:13', '2020-03-21 03:42:13'),
(93, 87, '2020-03-21', 'Rukiea', 'He Will Be Contact This Monts.', NULL, '2020-03-21 03:48:34', '2020-03-21 03:48:34'),
(94, 88, '2020-03-21', 'Rukiea', 'He\'ll tell.', NULL, '2020-03-21 04:39:53', '2020-03-21 04:39:53'),
(95, 89, '2020-03-21', 'Mr. Mamun Sir.', 'She will take courses online .', NULL, '2020-03-21 04:47:41', '2020-03-21 04:47:41'),
(96, 90, '2020-03-22', 'Rukiea', 'You will contact this month if you do the course ( ONLINE COURSE )', NULL, '2020-03-22 05:58:16', '2020-03-22 05:58:16'),
(97, 91, '2020-03-22', 'Rukiea', 'He will Contact from tomorrow', NULL, '2020-03-22 08:35:47', '2020-03-22 08:35:47'),
(98, 92, '2020-03-24', 'Rukiea', 'he will contact me as soon as possible.', NULL, '2020-03-24 04:59:35', '2020-03-24 04:59:35'),
(99, 93, '2020-03-24', 'Rukiea', 'He will Communacation with me.', NULL, '2020-03-24 05:04:33', '2020-03-24 05:04:33'),
(100, 94, '2020-03-28', 'Rukiea', 'She will not be admitted anymore and will contact later', NULL, '2020-03-28 03:53:42', '2020-03-28 03:53:42'),
(101, 95, '2020-03-28', 'Rukiea', 'He will be admitted, communicating on the 31th March 2020.', NULL, '2020-03-28 04:05:51', '2020-03-28 04:05:51'),
(102, 96, '2020-03-28', 'Rukiea', 'He\'ll contact you later', NULL, '2020-03-28 04:22:22', '2020-03-28 04:22:22'),
(103, 97, '2020-03-28', 'Rukiea', 'He Will Contact us on 31th march', NULL, '2020-03-28 06:43:54', '2020-03-28 06:43:54'),
(104, 98, '2020-03-28', 'Rukiea', 'He\'ll communicate.', NULL, '2020-03-28 06:50:24', '2020-03-28 06:50:24'),
(105, 99, '2020-03-28', 'Rukiea', 'Not Interested', NULL, '2020-03-28 06:53:43', '2020-03-28 06:53:43'),
(106, 100, '2020-03-28', 'Rukiea', 'He\'ll communicate This mont.', NULL, '2020-03-28 06:54:58', '2020-03-28 06:54:58'),
(107, 101, '2020-03-28', 'Rukiea', 'Not Interested', NULL, '2020-03-28 11:24:02', '2020-03-28 11:24:02'),
(108, 102, '2020-03-28', 'Rukiea', 'Not Interested.', NULL, '2020-03-28 11:28:06', '2020-03-28 11:28:06'),
(109, 103, '2020-03-28', 'Rukiea', 'He\'ll be in touch shortly', NULL, '2020-03-28 11:36:34', '2020-03-28 11:36:34'),
(110, 104, '2020-03-29', 'Mr. Mamun Sir.', 'He will visited our office 5th April.', NULL, '2020-03-29 13:44:47', '2020-03-29 13:44:47'),
(111, 105, '2020-03-29', 'Rukiea', 'He will be admitted tomorrow.', NULL, '2020-03-29 13:46:47', '2020-03-29 13:46:47'),
(112, 106, '2020-03-30', 'Rukiea', 'Not Interested.', NULL, '2020-03-30 04:58:59', '2020-03-30 04:58:59'),
(113, 107, '2020-03-30', 'Rukiea', 'He\'ll report this afternoon.', NULL, '2020-03-30 05:06:58', '2020-03-30 05:06:58'),
(114, 108, '2020-03-30', 'Rukiea', 'Not Interested.', NULL, '2020-03-30 05:18:25', '2020-03-30 05:18:25'),
(115, 109, '2020-03-30', 'Rukiea', 'He\'ll tell you tomorrow.', NULL, '2020-03-30 05:57:56', '2020-03-30 05:57:56'),
(116, 110, '2020-03-30', 'Rukiea', 'Not Interested', NULL, '2020-03-30 06:53:25', '2020-03-30 06:53:25'),
(117, 111, '2020-03-30', 'Rukiea', 'He\'ll tell you later', NULL, '2020-03-30 07:01:51', '2020-03-30 07:01:51'),
(118, 112, '2020-03-30', 'Rukiea', 'He\'ll report tomorrow.', NULL, '2020-03-30 08:23:00', '2020-03-30 08:23:00'),
(119, 113, '2020-03-30', 'Rukiea', 'Not Interested', NULL, '2020-03-30 08:40:27', '2020-03-30 08:40:27'),
(120, 114, '2020-03-30', 'Rukiea', 'He\'ll tell you tomorrow', NULL, '2020-03-30 08:51:38', '2020-03-30 08:51:38'),
(121, 93, '2020-03-30', 'Rukiea', 'He Do not contact later if the situation is normal.', NULL, '2020-03-30 08:58:03', '2020-03-30 08:58:03'),
(122, 115, '2020-03-30', 'Rukiea', 'He\'ll tell you later.', NULL, '2020-03-30 09:03:43', '2020-03-30 09:03:43'),
(123, 116, '2020-03-30', 'Rukiea', 'He busy now.', NULL, '2020-03-30 09:06:02', '2020-03-30 09:06:02'),
(124, 117, '2020-03-30', 'Rukiea', 'He will be admitted if the situation is normal.', NULL, '2020-03-30 09:11:38', '2020-03-30 09:11:38'),
(125, 118, '2020-03-30', 'Rukiea', 'Not interested', NULL, '2020-03-30 09:13:21', '2020-03-30 09:13:21'),
(126, 119, '2020-03-30', 'Rukiea', 'He\'ll contact you later', NULL, '2020-03-30 09:17:20', '2020-03-30 09:17:20'),
(127, 120, '2020-03-30', 'Rukiea', 'Not Interested', NULL, '2020-03-30 09:20:26', '2020-03-30 09:20:26'),
(128, 121, '2020-03-30', 'Rukiea', 'He\'ll contact you later.', NULL, '2020-03-30 09:26:33', '2020-03-30 09:26:33'),
(130, 123, '2020-03-30', 'Rukiea', 'Not Interested.', NULL, '2020-03-30 09:39:16', '2020-03-30 09:39:16'),
(131, 124, '2020-04-06', 'Rukiea', 'He will be admitted today.', NULL, '2020-04-06 07:16:56', '2020-04-06 07:16:56'),
(132, 125, '2020-05-13', 'Rukiea', 'I talked, he will be admitted', NULL, '2020-05-13 05:37:49', '2020-05-13 05:37:49'),
(133, 126, '2020-06-18', 'Rukiea', 'He will Contact you later.', NULL, '2020-06-18 06:37:23', '2020-06-18 06:37:23'),
(134, 127, '2020-06-19', 'Rukiea', 'He will tell you as soon as possible whether he will do the course or not.', NULL, '2020-06-19 09:26:08', '2020-06-19 09:26:08'),
(135, 128, '2020-06-29', 'Rukiea', 'He has a problem, he will talk to us for free', NULL, '2020-06-29 13:44:16', '2020-06-29 13:44:16'),
(136, 129, '2020-06-29', 'Rukiea', 'He will do the course offline. Contact if the situation is normal', NULL, '2020-06-29 13:56:00', '2020-06-29 13:56:00'),
(137, 130, '2020-06-29', 'Rukiea', 'He will communicate.', NULL, '2020-06-29 14:00:19', '2020-06-29 14:00:19'),
(138, 131, '2020-06-29', 'Rukiea', 'He will do the offline course.', NULL, '2020-06-29 14:04:26', '2020-06-29 14:04:26'),
(139, 132, '2020-06-30', 'Rukiea', 'He will taka admission after the next 10th.', NULL, '2020-06-30 08:25:10', '2020-06-30 08:25:10'),
(140, 133, '2020-06-30', 'Rukiea', 'He will contact us later', NULL, '2020-06-30 08:36:17', '2020-06-30 08:36:17'),
(141, 134, '2020-06-30', 'Rukiea', 'He will call us in a week', NULL, '2020-06-30 08:52:16', '2020-06-30 08:52:16'),
(142, 135, '2020-06-30', 'Rukiea', 'He will try a free class first and then he will make a decision.', NULL, '2020-06-30 09:10:08', '2020-06-30 09:10:08'),
(143, 136, '2020-06-30', 'Rukiea', 'He Will come and contact after Eid', NULL, '2020-06-30 11:44:36', '2020-06-30 11:44:36'),
(144, 137, '2020-06-30', 'Rukiea', 'Not Interested', NULL, '2020-06-30 12:02:10', '2020-06-30 12:02:10'),
(145, 138, '2020-06-30', 'Rukiea', 'He Will come and contact after Eid', NULL, '2020-06-30 12:47:03', '2020-06-30 12:47:03'),
(146, 139, '2020-06-30', 'Rukiea', 'Not Interested.', NULL, '2020-06-30 13:56:13', '2020-06-30 13:56:13'),
(147, 140, '2020-07-01', 'Rukiea', 'Not Interested', NULL, '2020-07-01 09:02:05', '2020-07-01 09:02:05'),
(148, 141, '2020-07-01', 'Rukiea', 'Not Interested.', NULL, '2020-07-01 09:11:16', '2020-07-01 09:11:16'),
(149, 142, '2020-07-01', 'Rukiea', 'not interested', NULL, '2020-07-01 09:15:26', '2020-07-01 09:15:26'),
(150, 143, '2020-07-01', 'Rukiea', 'Not Interested', NULL, '2020-07-01 09:31:00', '2020-07-01 09:31:00'),
(151, 144, '2020-07-01', 'Rukiea', 'Not Interested', NULL, '2020-07-01 09:36:02', '2020-07-01 09:36:02'),
(152, 145, '2020-07-02', 'Rukiea', 'Not Interested', NULL, '2020-07-02 06:00:28', '2020-07-02 06:00:28'),
(153, 146, '0000-00-00', 'Rukiea', 'Not Interested.', NULL, '2020-07-02 06:15:08', '2020-07-02 06:15:08'),
(154, 147, '2020-07-04', 'Rukiea', 'He will inform later', NULL, '2020-07-04 09:53:29', '2020-07-04 09:53:29'),
(155, 148, '2020-07-04', 'Rukiea', 'He will inform later', NULL, '2020-07-04 09:58:18', '2020-07-04 09:58:18'),
(156, 149, '2020-07-04', 'Rukiea', 'She is interested in doing the course but now she has money problem', NULL, '2020-07-04 10:46:46', '2020-07-04 10:46:46'),
(157, 150, '2020-07-04', 'Rukiea', 'He will inform after 2/1.', NULL, '2020-07-04 11:44:50', '2020-07-04 11:44:50'),
(158, 151, '2020-07-04', 'Rukiea', 'Not Interested', NULL, '2020-07-04 11:57:11', '2020-07-04 11:57:11'),
(159, 152, '2020-07-04', 'Rukiea', 'He will inform after 2/1', NULL, '2020-07-04 12:00:28', '2020-07-04 12:00:28'),
(160, 153, '2020-07-04', 'Rukiea', 'He will inform after 2/1 if he is interested in doing the course', NULL, '2020-07-04 12:15:47', '2020-07-04 12:15:47'),
(161, 154, '2020-07-04', 'Rukiea', 'Not Interested', NULL, '2020-07-04 13:54:23', '2020-07-04 13:54:23'),
(162, 155, '2020-07-04', 'Rukiea', 'Not Interested', NULL, '2020-07-04 13:58:08', '2020-07-04 13:58:08'),
(163, 156, '2020-07-04', 'Rukiea', 'He will inform in a day or two', NULL, '2020-07-04 14:09:17', '2020-07-04 14:09:17'),
(164, 157, '2020-07-04', 'Rukiea', 'He will inform in a day or two', NULL, '2020-07-04 14:16:52', '2020-07-04 14:16:52'),
(165, 158, '2020-07-04', 'Rukiea', 'He will Informed', NULL, '2020-07-04 14:22:06', '2020-07-04 14:22:06'),
(166, 159, '2020-07-04', 'Rukiea', 'He will inform before the 15th', NULL, '2020-07-04 14:28:56', '2020-07-04 14:28:56'),
(167, 160, '2020-07-04', 'Rukiea', 'Not interested', NULL, '2020-07-04 14:32:26', '2020-07-04 14:32:26'),
(168, 161, '2020-07-04', 'Rukiea', 'Not Interested', NULL, '2020-07-04 14:36:16', '2020-07-04 14:36:16'),
(169, 162, '2020-07-04', 'Rukiea', 'He will information in a day two', NULL, '2020-07-04 14:48:25', '2020-07-04 14:48:25'),
(170, 163, '2020-07-08', 'Rukiea', 'He has visited our office, he will do offline course', NULL, '2020-07-08 11:22:15', '2020-07-08 11:22:15'),
(171, 164, '2020-07-08', 'Rukiea', 'He will be admitted after the 11th', NULL, '2020-07-08 11:27:06', '2020-07-08 11:27:06'),
(172, 165, '2020-07-08', 'Rukiea', 'He will be admitted after the 13th', NULL, '2020-07-08 11:37:59', '2020-07-08 11:37:59'),
(173, 166, '2020-07-08', 'Rukiea', 'He will come to visit the office on Friday', NULL, '2020-07-08 11:50:24', '2020-07-08 11:50:24'),
(174, 167, '2020-07-08', 'Rukiea', 'Not interested', NULL, '2020-07-08 12:11:26', '2020-07-08 12:11:26'),
(175, 168, '2020-07-08', 'Rukiea', 'He will talk to the family', NULL, '2020-07-08 12:26:50', '2020-07-08 12:26:50'),
(176, 169, '2020-07-08', 'Rukiea', 'Not Interested', NULL, '2020-07-08 12:35:20', '2020-07-08 12:35:20'),
(177, 170, '2020-07-08', 'Rukiea', 'Not Interested', NULL, '2020-07-08 12:39:44', '2020-07-08 12:39:44'),
(178, 171, '2020-07-08', 'Rukiea', 'Not Interested', NULL, '2020-07-08 12:45:35', '2020-07-08 12:45:35'),
(179, 172, '2020-07-09', 'Rukiea', 'She is busy', NULL, '2020-07-09 09:48:58', '2020-07-09 09:48:58'),
(180, 173, '2020-07-09', 'Rukiea', 'He will contact before the 15th', NULL, '2020-07-09 09:54:12', '2020-07-09 09:54:12'),
(181, 174, '2020-07-09', 'Rukiea', 'Not Interested', NULL, '2020-07-09 10:00:40', '2020-07-09 10:00:40'),
(182, 175, '2020-07-09', 'Rukiea', 'He is not interested in online courses', NULL, '2020-07-09 10:12:01', '2020-07-09 10:12:01'),
(183, 176, '2020-07-09', 'Rukiea', 'He will inform', NULL, '2020-07-09 10:19:33', '2020-07-09 10:19:33'),
(184, 177, '2020-07-09', 'Rukiea', 'She will be admitted when the offline course starts', NULL, '2020-07-09 13:36:59', '2020-07-09 13:36:59'),
(185, 178, '2020-07-09', 'Rukiea', 'Not Interested', NULL, '2020-07-09 13:40:34', '2020-07-09 13:40:34'),
(186, 179, '2020-07-09', 'Rukiea', 'Not Interested', NULL, '2020-07-09 13:43:08', '2020-07-09 13:43:08'),
(187, 180, '2020-07-09', 'Rukiea', 'She will be admitted when the offline course starts', NULL, '2020-07-09 13:46:40', '2020-07-09 13:46:40'),
(188, 181, '2020-07-09', 'Rukiea', 'She will be admitted when the offline course starts', NULL, '2020-07-09 13:50:06', '2020-07-09 13:50:06'),
(189, 182, '2020-07-09', 'Rukiea', 'Not Interested', NULL, '2020-07-09 13:55:37', '2020-07-09 13:55:37'),
(190, 183, '2020-07-09', 'Rukiea', 'He will be admitted tomorrow', NULL, '2020-07-09 14:08:31', '2020-07-09 14:08:31'),
(191, 184, '2020-07-09', 'Rukiea', 'He will be admitted tomorrow', NULL, '2020-07-09 14:13:51', '2020-07-09 14:13:51'),
(192, 184, '2020-07-14', 'Rukiea', 'He will be admitted tomorrow', NULL, '2020-07-14 14:52:48', '2020-07-14 14:52:48'),
(193, 164, '2020-07-15', 'Rukiea', 'He will do the offline course after Eid', NULL, '2020-07-14 14:57:00', '2020-07-14 14:57:00'),
(194, 185, '2020-07-16', 'Rukiea', 'He Will call later', NULL, '2020-07-16 14:18:46', '2020-07-16 14:18:46'),
(195, 186, '2020-07-16', 'Rukiea', 'Not Interested', NULL, '2020-07-16 14:48:05', '2020-07-16 14:48:05'),
(196, 187, '2020-08-11', 'Rukiea', 'He Will be admitted on Thursday', NULL, '2020-08-11 12:06:16', '2020-08-11 12:06:16'),
(197, 188, '2020-08-11', 'Rukiea', 'He Talk to you later', NULL, '2020-08-11 12:14:12', '2020-08-11 12:14:12'),
(198, 189, '2020-08-11', 'Rukiea', 'She Will tell later', NULL, '2020-08-11 12:19:11', '2020-08-11 12:19:11'),
(199, 190, '2020-08-12', 'Rukiea', 'Not Interested', NULL, '2020-08-12 13:22:14', '2020-08-12 13:22:14'),
(200, 191, '2020-08-12', 'Rukiea', 'She is interested in doing the course after 2 months.', NULL, '2020-08-12 13:29:04', '2020-08-12 13:29:04'),
(201, 192, '2020-08-12', 'Rukiea', 'He will think about it later.', NULL, '2020-08-12 13:36:32', '2020-08-12 13:36:32'),
(202, 193, '2020-08-12', 'Rukiea', 'He will think about it later', NULL, '2020-08-12 13:40:53', '2020-08-12 13:40:53'),
(203, 194, '2020-08-12', 'Rukiea', 'He will inform later.', NULL, '2020-08-12 13:51:23', '2020-08-12 13:51:23'),
(204, 195, '2020-08-17', 'Rukiea', 'He Will come to visit the office before the 1st of next month', NULL, '2020-08-17 05:43:01', '2020-08-17 05:43:01'),
(205, 196, '2020-08-17', 'Rukiea', 'Not Interested', NULL, '2020-08-17 05:46:59', '2020-08-17 05:46:59'),
(206, 197, '2020-08-09', 'Rukiea', 'He liked visiting the office. If you do the course, you will contact me later.', NULL, '2020-08-17 05:57:19', '2020-08-17 05:57:19'),
(207, 198, '2020-08-08', 'Rukiea', 'He will inform later.', NULL, '2020-08-17 06:04:14', '2020-08-17 06:04:14'),
(208, 199, '2020-08-17', 'Rukiea', 'He Will tell later.', NULL, '2020-08-17 10:38:47', '2020-08-17 10:38:47'),
(209, 200, '2020-08-17', 'He will talk later when he is busy', 'He will talk later when he is busy.', NULL, '2020-08-17 11:49:13', '2020-08-17 11:49:13'),
(210, 201, '2020-08-17', 'Rukiea', 'He will contact if the course.', NULL, '2020-08-17 11:56:48', '2020-08-17 11:56:48'),
(211, 202, '2020-08-17', 'Rukiea', 'He Will contact later if he is busy.', NULL, '2020-08-17 12:05:30', '2020-08-17 12:05:30'),
(212, 203, '2020-08-17', 'Rukiea', 'He will inform later', NULL, '2020-08-17 12:49:48', '2020-08-17 12:49:48'),
(213, 204, '2020-08-17', 'Rukiea', 'Not Interested', NULL, '2020-08-17 12:51:08', '2020-08-17 12:51:08'),
(214, 205, '2020-08-12', 'Rukiea', 'He will admitted.', NULL, '2020-08-17 13:26:39', '2020-08-17 13:26:39'),
(215, 206, '2020-08-18', 'Rukiea', 'He will come to the office on the 27th August and will be admitted', NULL, '2020-08-18 13:01:51', '2020-08-18 13:01:51'),
(216, 207, '2020-08-18', 'Rukiea', 'Not interested', NULL, '2020-08-18 13:03:39', '2020-08-18 13:03:39'),
(217, 208, '2020-08-18', 'Rukiea', 'He will talk to her later.', NULL, '2020-08-18 13:06:39', '2020-08-18 13:06:39'),
(218, 209, '2020-08-18', 'Rukiea', 'He will not do the course.', NULL, '2020-08-18 13:07:49', '2020-08-18 13:07:49'),
(219, 210, '2020-08-18', 'Rukiea', 'Not Interested', NULL, '2020-08-18 13:08:56', '2020-08-18 13:08:56'),
(220, 211, '2020-08-18', 'Rukiea', 'Not Interested', NULL, '2020-08-18 13:09:49', '2020-08-18 13:09:49'),
(221, 212, '2020-08-18', 'Rukiea', 'He will inform later.', NULL, '2020-08-18 13:23:36', '2020-08-18 13:23:36'),
(222, 213, '2020-08-18', 'Rukiea', 'Not Interested.', NULL, '2020-08-18 13:26:41', '2020-08-18 13:26:41'),
(223, 214, '2020-08-18', 'Rukiea', 'Not Interested', NULL, '2020-08-18 13:29:59', '2020-08-18 13:29:59'),
(224, 215, '2020-08-18', 'Rukiea', 'He will inform later', NULL, '2020-08-18 13:42:14', '2020-08-18 13:42:14'),
(225, 216, '2020-08-18', 'Rukiea', 'He will be informed when the online course starts then he will be admitted.', NULL, '2020-08-18 13:44:15', '2020-08-18 13:44:15'),
(226, 217, '2020-08-22', 'Rukiea', 'He is visiting our office, he will announce tomorrow when he will be admitted.', NULL, '2020-08-22 11:43:40', '2020-08-22 11:43:40'),
(227, 218, '2020-08-22', 'Rukiea', 'Not Interested .', NULL, '2020-08-22 12:00:47', '2020-08-22 12:00:47'),
(228, 219, '2020-08-22', 'Rukiea', 'He will talk later when he is busy.', NULL, '2020-08-22 12:05:59', '2020-08-22 12:05:59'),
(229, 220, '2020-08-22', 'Rukiea', 'Rong Number', NULL, '2020-08-22 12:09:51', '2020-08-22 12:09:51'),
(230, 221, '2020-08-22', 'Rukiea', 'She will be admitted on the 25th August.', NULL, '2020-08-22 12:19:43', '2020-08-22 12:19:43'),
(231, 222, '2020-08-22', 'Rukiea', 'He will contact us on the 15th of next month.', NULL, '2020-08-22 12:25:02', '2020-08-22 12:25:02'),
(232, 223, '2020-08-22', 'Rukiea', 'Not Interested.', NULL, '2020-08-22 12:59:02', '2020-08-22 12:59:02'),
(233, 224, '2020-08-22', 'Rukiea', 'He will think about it later.', NULL, '2020-08-22 13:09:08', '2020-08-22 13:09:08'),
(234, 225, '2020-08-22', 'Rukiea', 'He will talk later when he is busy.', NULL, '2020-08-22 13:14:49', '2020-08-22 13:14:49'),
(235, 226, '2020-08-22', 'Rukiea', 'He will talk later when he is busy.', NULL, '2020-08-22 13:15:47', '2020-08-22 13:15:47'),
(236, 227, '2020-08-22', 'Rukiea', 'Not Interested', NULL, '2020-08-22 13:21:56', '2020-08-22 13:21:56'),
(237, 228, '2020-08-22', 'Rukiea', 'Not Interested', NULL, '2020-08-22 13:26:43', '2020-08-22 13:26:43'),
(238, 229, '2020-08-22', 'Rukiea', 'Not Interested .', NULL, '2020-08-22 13:29:51', '2020-08-22 13:29:51'),
(239, 230, '2020-08-22', 'Rukiea', 'Not Interested', NULL, '2020-08-22 13:34:58', '2020-08-22 13:34:58'),
(240, 231, '2020-08-22', 'Rukiea', 'He will let you know later if he does the course', NULL, '2020-08-22 13:38:04', '2020-08-22 13:38:04'),
(241, 232, '2020-08-24', 'Rukiea', 'She is interested in doing our offline course', NULL, '2020-08-24 13:29:15', '2020-08-24 13:29:15'),
(242, 233, '2020-08-25', 'Rukiea', 'He visited our office today .', NULL, '2020-08-26 09:19:44', '2020-08-26 09:19:44'),
(243, 234, '2020-08-26', 'Rukiea', 'He visited our office today .( He will  admitted in September)', NULL, '2020-08-26 09:22:28', '2020-08-26 09:22:28'),
(244, 177, '2020-08-26', 'Rukiea', 'He will come to the office on the 1st September.', NULL, '2020-08-26 09:34:00', '2020-08-26 09:34:00'),
(245, 235, '2020-08-26', 'Rukiea', 'Not Interested', NULL, '2020-08-26 12:49:33', '2020-08-26 12:49:33'),
(246, 236, '2020-08-26', 'Rukiea', 'OFF', NULL, '2020-08-26 12:50:36', '2020-08-26 12:50:36'),
(247, 237, '2020-08-26', 'Rukiea', 'He will come to the office next month', NULL, '2020-08-26 12:53:01', '2020-08-26 12:53:01'),
(248, 238, '2020-08-26', 'Rukiea', 'He will inform us to confirm.', NULL, '2020-08-26 12:54:40', '2020-08-26 12:54:40'),
(249, 239, '2020-08-26', 'Rukiea', 'OFF', NULL, '2020-08-26 12:55:26', '2020-08-26 12:55:26'),
(250, 240, '2020-08-26', 'Rukiea', 'Not Interested', NULL, '2020-08-26 12:56:11', '2020-08-26 12:56:11'),
(251, 206, '2020-08-27', 'Rukiea', 'He will come to the office on the 28/29th August and will be admitted', NULL, '2020-08-27 10:19:49', '2020-08-27 10:19:49'),
(252, 216, '2020-08-31', 'Rukiea', 'He will come to the office the day after tomorrow.', NULL, '2020-08-31 10:20:21', '2020-08-31 10:20:21'),
(253, 195, '2020-08-31', 'Rukiea', 'He will talk at home.', NULL, '2020-08-31 10:24:58', '2020-08-31 10:24:58'),
(254, 241, '2020-08-31', 'Rukiea', 'He will inform later', NULL, '2020-08-31 11:05:39', '2020-08-31 11:05:39'),
(255, 242, '2020-08-31', 'Rukiea', 'Not Interested', NULL, '2020-08-31 11:08:57', '2020-08-31 11:08:57'),
(256, 243, '2020-08-31', 'Rukiea', 'Ronge Number', NULL, '2020-08-31 11:12:23', '2020-08-31 11:12:23'),
(257, 244, '2020-08-31', 'Rukiea', 'She will come to visit our office in 2/1 days.', NULL, '2020-08-31 11:23:45', '2020-08-31 11:23:45'),
(258, 245, '2020-08-31', 'Rukiea', 'Not Interested.', NULL, '2020-08-31 11:26:49', '2020-08-31 11:26:49'),
(259, 246, '2020-08-31', 'Rukiea', 'He is interested online Course.', NULL, '2020-08-31 11:34:17', '2020-08-31 11:34:17'),
(260, 247, '2020-08-31', 'Rukiea', 'He is interested online Course.', NULL, '2020-08-31 11:58:29', '2020-08-31 11:58:29'),
(261, 248, '2020-08-31', 'Rukiea', 'Ronge Number', NULL, '2020-08-31 12:01:23', '2020-08-31 12:01:23'),
(262, 249, '2020-08-31', 'Rukiea', 'Not Interested.', NULL, '2020-08-31 12:04:06', '2020-08-31 12:04:06'),
(263, 250, '2020-08-31', 'Rukiea', 'He will inform later.', NULL, '2020-08-31 13:02:14', '2020-08-31 13:02:14'),
(264, 251, '2020-08-31', 'Rukiea', 'He will inform later', NULL, '2020-08-31 13:07:59', '2020-08-31 13:07:59'),
(265, 252, '2020-09-01', 'Rukiea', 'He has visited our office. He is willing to be admitted to the online course.', NULL, '2020-09-01 09:00:45', '2020-09-01 09:00:45'),
(266, 232, '2020-09-01', 'Rukiea', 'He will come to our office tomorrow.', NULL, '2020-09-01 11:29:02', '2020-09-01 11:29:02'),
(267, 253, '2020-09-03', 'Rukiea', 'He will inform tomorrow.', NULL, '2020-09-03 12:51:06', '2020-09-03 12:51:06'),
(268, 254, '2020-09-03', 'Rukiea', 'He will talk later when he is busy.', NULL, '2020-09-03 12:54:16', '2020-09-03 12:54:16'),
(269, 255, '2020-09-04', 'Rukiea', 'Not Interested.', NULL, '2020-09-04 10:16:26', '2020-09-04 10:16:26'),
(270, 256, '2020-09-04', 'Rukiea', 'He will think about it.', NULL, '2020-09-04 10:22:47', '2020-09-04 10:22:47'),
(271, 257, '2020-09-05', 'Rukiea', 'Ronge Number', NULL, '2020-09-05 13:06:16', '2020-09-05 13:06:16'),
(272, 258, '2020-09-08', 'Rukiea', 'He will try to get admitted before the 15th of this month.', NULL, '2020-09-08 13:46:37', '2020-09-08 13:46:37'),
(273, 259, '2020-09-08', 'Rukiea', 'He will think about it later.', NULL, '2020-09-08 13:53:23', '2020-09-08 13:53:23'),
(274, 260, '2020-09-10', 'Rukiea', 'He will inform later', NULL, '2020-09-10 11:58:19', '2020-09-10 11:58:19'),
(275, 261, '2020-09-12', 'Rukiea', 'He has visited our office.The next day will be admitted.', NULL, '2020-09-12 06:59:56', '2020-09-12 06:59:56'),
(276, 253, '2020-09-12', 'Rukiea', 'Not Interested.', NULL, '2020-09-12 13:15:32', '2020-09-12 13:15:32'),
(277, 238, '2020-09-12', 'Rukiea', 'Not Interested.', NULL, '2020-09-12 13:18:33', '2020-09-12 13:18:33'),
(278, 216, '2020-09-12', 'Rukiea', 'Let me know if you do that course.', NULL, '2020-09-12 13:24:19', '2020-09-12 13:24:19'),
(279, 262, '2020-09-14', 'Rukiea', 'He will inform later.', NULL, '2020-09-14 13:09:51', '2020-09-14 13:09:51'),
(280, 263, '2020-09-14', 'Rukiea', 'Not Interested', NULL, '2020-09-14 13:22:14', '2020-09-14 13:22:14'),
(281, 264, '2020-09-14', 'Rukiea', 'Not Interested', NULL, '2020-09-14 13:25:13', '2020-09-14 13:25:13'),
(282, 265, '2020-09-17', 'Rukiea', 'He will inform next Saturday.', NULL, '2020-09-17 13:19:56', '2020-09-17 13:19:56'),
(283, 266, '2020-09-17', 'Rukiea', 'She will try to come to the next class.', NULL, '2020-09-17 13:28:21', '2020-09-17 13:28:21'),
(284, 267, '2020-09-17', 'Rukiea', 'Not Interested.', NULL, '2020-09-17 13:34:08', '2020-09-17 13:34:08'),
(285, 268, '2020-09-21', 'Rukiea', 'He will talk later.', NULL, '2020-09-21 13:52:41', '2020-09-21 13:52:41'),
(286, 269, '2020-09-28', 'Rukiea', 'She will talk to her friend as soon as possible.', NULL, '2020-09-28 12:29:15', '2020-09-28 12:29:15'),
(287, 270, '2020-09-28', 'Rukiea', 'He will talk later when he is busy.', NULL, '2020-09-28 13:31:28', '2020-09-28 13:31:28'),
(288, 271, '2020-09-28', 'Rukiea', 'He will think and tell later.', NULL, '2020-09-28 13:34:50', '2020-09-28 13:34:50'),
(289, 272, '2020-09-28', 'Rukiea', 'She is interested in doing the online class. He will Inform Online Class Start.', NULL, '2020-09-28 13:40:30', '2020-09-28 13:40:30'),
(290, 273, '2020-10-06', 'Rukiea', 'He will think about it.', NULL, '2020-10-06 13:03:37', '2020-10-06 13:03:37'),
(291, 274, '2020-10-06', 'Rukiea', 'He will visit our office after 2/3 days.', NULL, '2020-10-06 13:10:18', '2020-10-06 13:10:18'),
(292, 275, '2020-10-06', 'Rukiea', 'He will do the course after a while.', NULL, '2020-10-06 13:14:30', '2020-10-06 13:14:30'),
(293, 276, '2020-10-06', 'Rukiea', 'He will contact later.', NULL, '2020-10-06 13:19:29', '2020-10-06 13:19:29'),
(294, 277, '2020-10-06', 'Rukiea', 'He will contact later.', NULL, '2020-10-06 13:23:05', '2020-10-06 13:23:05'),
(295, 278, '2020-10-06', 'Rukiea', 'He will contact later. he will interest online course.', NULL, '2020-10-06 13:28:38', '2020-10-06 13:28:38'),
(296, 279, '2020-10-12', 'Rukiea', 'He will visit our office from time to time.', NULL, '2020-10-12 13:10:34', '2020-10-12 13:10:34'),
(297, 280, '2020-10-12', 'Rukiea', 'He will tell later whether he will do the course or not.', NULL, '2020-10-12 13:15:36', '2020-10-12 13:15:36'),
(298, 281, '2020-10-12', 'Rukiea', 'Not Interested', NULL, '2020-10-12 13:20:55', '2020-10-12 13:20:55'),
(299, 282, '2020-10-12', 'Rukiea', 'He will visit our office in 2/1 days.', NULL, '2020-10-12 13:24:30', '2020-10-12 13:24:30'),
(300, 283, '2020-10-12', 'Rukiea', 'He will inform later.', NULL, '2020-10-12 13:30:55', '2020-10-12 13:30:55'),
(301, 284, '2020-10-15', 'Rukiea', 'Contact us after 2/3 days.', NULL, '2020-10-15 13:42:00', '2020-10-15 13:42:00'),
(302, 285, '2020-10-15', 'Rukiea', 'He will think.', NULL, '2020-10-15 14:01:11', '2020-10-15 14:01:11'),
(303, 286, '2020-10-17', 'Rukiea', 'He will think and tell later.', NULL, '2020-10-17 12:34:15', '2020-10-17 12:34:15'),
(304, 287, '2020-10-17', 'Rukiea', 'He will think and tell later..She is interested in doing online classes.', NULL, '2020-10-17 12:36:32', '2020-10-17 12:36:32'),
(305, 288, '2020-10-17', 'Rukiea', 'He will talk at home.', NULL, '2020-10-17 12:40:57', '2020-10-17 12:40:57'),
(306, 289, '2020-10-17', 'Rukiea', 'Not Interested', NULL, '2020-10-17 12:45:01', '2020-10-17 12:45:01'),
(307, 290, '2020-10-17', 'Rukiea', 'He will Interested Online class.', NULL, '2020-10-17 12:54:14', '2020-10-17 12:54:14'),
(308, 291, '2020-10-20', 'Rukiea', 'He will Visit our office tomorrow And Admitted Web Course.', NULL, '2020-10-20 13:18:36', '2020-10-20 13:18:36'),
(309, 292, '2020-10-20', 'Rukiea', 'He Will Visits our office Next Saturday.', NULL, '2020-10-20 13:28:56', '2020-10-20 13:28:56'),
(310, 293, '2020-10-20', 'Rukiea', 'He will Confirm later.', NULL, '2020-10-20 13:32:13', '2020-10-20 13:32:13'),
(311, 294, '0020-10-20', 'Rukiea', 'He will Confirm later.', NULL, '2020-10-20 13:35:53', '2020-10-20 13:35:53'),
(312, 295, '2020-10-20', 'Rukiea', 'Not Interested.', NULL, '2020-10-20 13:40:11', '2020-10-20 13:40:11'),
(313, 296, '2020-10-20', 'Rukiea', 'He will come to visit our office in time.', NULL, '2020-10-20 13:53:59', '2020-10-20 13:53:59'),
(314, 297, '2020-10-22', 'Rukiea', 'He Will interested in online class.He will talk to his family', NULL, '2020-10-22 12:20:54', '2020-10-22 12:20:54'),
(315, 298, '2020-10-22', 'Rukiea', 'He will Confirm in Saturday.', NULL, '2020-10-22 12:29:32', '2020-10-22 12:29:32'),
(316, 299, '2020-10-22', 'Rukiea', 'He will Confirm in saturday.', NULL, '2020-10-22 12:32:20', '2020-10-22 12:32:20'),
(317, 300, '2020-10-22', 'Rukiea', 'He will Confirm in You later.', NULL, '2020-10-22 12:43:02', '2020-10-22 12:43:02'),
(318, 301, '2020-10-22', 'Rukiea', 'Not Interested.', NULL, '2020-10-22 12:46:26', '2020-10-22 12:46:26'),
(319, 302, '2020-10-22', 'Rukiea', 'She is busy now. He will contact you later.', NULL, '2020-10-22 12:54:38', '2020-10-22 12:54:38'),
(320, 303, '2020-10-22', 'Rukiea', 'She is interested in doing our course but has less time on hand.So He will Contact i your later.', NULL, '2020-10-22 13:05:02', '2020-10-22 13:05:02'),
(321, 304, '2020-10-22', 'Rukiea', 'He will Contact in tomorrow.', NULL, '2020-10-22 13:07:55', '2020-10-22 13:07:55'),
(322, 305, '2020-10-22', 'Rukiea', 'Not Interested.', NULL, '2020-10-22 13:10:25', '2020-10-22 13:10:25'),
(323, 306, '2020-10-23', 'Rukiea', 'He will Contact in your later.', NULL, '2020-10-23 11:28:35', '2020-10-23 11:28:35'),
(324, 307, '2020-10-23', 'Rukiea', 'He will visit our office tomorrow.', NULL, '2020-10-24 07:12:18', '2020-10-24 07:12:18'),
(325, 308, '2020-10-23', 'Rukiea', 'He will visit our office tomorrow.', NULL, '2020-10-24 07:16:20', '2020-10-24 07:16:20'),
(326, 309, '2020-10-23', 'Rukiea', 'Not Interested.', NULL, '2020-10-24 07:17:33', '2020-10-24 07:17:33'),
(327, 310, '2020-10-23', 'Rukiea', 'He will confirm you later.', NULL, '2020-10-24 07:18:56', '2020-10-24 07:18:56'),
(328, 311, '2020-10-23', 'Rukiea', 'He will confirm you later.', NULL, '2020-10-24 07:22:52', '2020-10-24 07:22:52'),
(329, 312, '2020-10-23', 'Rukiea', 'He will visit our office tomorrow.', NULL, '2020-10-24 07:24:28', '2020-10-24 07:24:28'),
(330, 313, '2020-10-27', 'Rukiea', 'She will Confrime in your later.', NULL, '2020-10-27 12:36:58', '2020-10-27 12:36:58'),
(331, 314, '2020-10-27', 'Rukiea', 'He will visit our office tomorrow.', NULL, '2020-10-27 12:41:12', '2020-10-27 12:41:12'),
(332, 315, '2020-10-27', 'Rukiea', 'He is interested in the offline course but class time problem so he will thinking.', NULL, '2020-10-27 12:50:34', '2020-10-27 12:50:34'),
(333, 299, '2020-10-31', 'Rukiea', 'Not interested', NULL, '2020-10-31 06:22:33', '2020-10-31 06:22:33'),
(334, 316, '2020-11-10', 'Rukiea', 'From time to time he comes to visit the office.', NULL, '2020-11-10 13:13:51', '2020-11-10 13:13:51'),
(335, 317, '2020-11-10', 'Rukiea', 'I\'ll talk to you later.', NULL, '2020-11-10 13:21:57', '2020-11-10 13:21:57'),
(336, 318, '2020-11-11', 'Rukiea', 'Will be admitted next Saturday', NULL, '2020-11-11 07:09:27', '2020-11-11 07:09:27'),
(337, 319, '2020-11-11', 'Rukiea', 'He Will come to the office in 2/1 days.', NULL, '2020-11-11 13:30:17', '2020-11-11 13:30:17'),
(338, 320, '2020-11-11', 'Rukiea', 'He Will come to the office in 2/1 days.', NULL, '2020-11-11 13:31:33', '2020-11-11 13:31:33'),
(339, 321, '2020-10-30', 'Rukiea', 'He will visit our office 2nd november and confirm admission.', NULL, '2020-11-11 13:37:43', '2020-11-11 13:37:43'),
(340, 322, '2020-11-13', 'Rukiea', 'He will confirm tomorrow.', NULL, '2020-11-13 13:33:24', '2020-11-13 13:33:24'),
(341, 323, '2020-11-13', 'Rukiea', 'He will confirm in your later.', NULL, '2020-11-13 13:36:33', '2020-11-13 13:36:33'),
(342, 324, '2020-11-13', 'Rukiea', 'He will confirm in your later.', NULL, '2020-11-13 13:44:57', '2020-11-13 13:44:57'),
(343, 325, '2020-11-08', 'Rukiea', 'Not Interested', NULL, '2020-11-18 13:13:39', '2020-11-18 13:13:39'),
(344, 326, '2020-11-18', 'Rukiea', 'He will think about it later.', NULL, '2020-11-18 13:23:00', '2020-11-18 13:23:00'),
(345, 327, '2020-11-18', 'Rukiea', 'He will think about it later', NULL, '2020-11-18 13:26:31', '2020-11-18 13:26:31'),
(346, 328, '2020-11-18', 'Rukiea', 'She will be interested in the online Course.', NULL, '2020-11-18 13:30:22', '2020-11-18 13:30:22'),
(347, 329, '2020-11-18', 'Rukiea', 'He will visit our office Saturday.', NULL, '2020-11-18 13:34:35', '2020-11-18 13:34:35'),
(348, 330, '2020-11-26', 'Rukiea', 'She will come to the orientation class.', NULL, '2020-11-26 12:50:51', '2020-11-26 12:50:51'),
(349, 331, '2020-11-26', 'Rukiea', 'He will Confirm with you later.', NULL, '2020-11-26 12:54:45', '2020-11-26 12:54:45'),
(350, 330, '2020-11-28', 'Rukiea', 'He will visited our office Monday.', NULL, '2020-11-28 06:57:19', '2020-11-28 06:57:19'),
(351, 330, '2020-03-01', 'Rukiea', 'He will visited our office Friday.', NULL, '2020-11-30 11:56:07', '2020-11-30 11:56:07'),
(352, 332, '2020-11-30', 'Rukiea', 'He will visit our office on 10th December.', NULL, '2020-11-30 12:03:22', '2020-11-30 12:03:22'),
(353, 333, '2020-11-30', 'Rukiea', 'He will interest graphic design course & He will confirm admission in your later.', NULL, '2020-11-30 12:16:03', '2020-11-30 12:16:03'),
(354, 333, '2021-06-02', 'Faruk', 'asdfasdfasd sdfasd', NULL, '2021-06-02 12:40:11', '2021-06-02 12:40:11'),
(355, 334, '2021-06-12', 'Rajia', 'He will visit our office on 15th june 2021.', NULL, '2021-06-12 13:58:58', '2021-06-12 13:58:58'),
(356, 335, '2021-06-14', 'Rajia', 'Next day I will confirm her the course price.', NULL, '2021-06-14 13:42:49', '2021-06-14 13:42:49'),
(357, 334, '2021-06-15', 'Rajia', 'Will come to our office and admit.', NULL, '2021-06-15 11:02:29', '2021-06-15 11:02:29'),
(358, 335, '2021-06-15', 'Rajia', 'Consult with her mother and then admit.', NULL, '2021-06-15 11:06:27', '2021-06-15 11:06:27'),
(359, 334, '2021-06-18', 'Rajia', 'today I called him, but his phone was switched off. tomorrow I will call him again.', NULL, '2021-06-18 11:35:37', '2021-06-18 11:35:37');

-- --------------------------------------------------------

--
-- Table structure for table `marketings`
--

CREATE TABLE `marketings` (
  `id` bigint(20) UNSIGNED NOT NULL,
  `name` varchar(255) NOT NULL,
  `course_id` int(11) NOT NULL,
  `mobile` varchar(255) NOT NULL,
  `email` varchar(255) NOT NULL,
  `address` varchar(255) NOT NULL,
  `next_date` date NOT NULL,
  `status` varchar(255) DEFAULT NULL,
  `created_at` timestamp NULL DEFAULT NULL,
  `updated_at` timestamp NULL DEFAULT NULL
) ENGINE=InnoDB DEFAULT CHARSET=utf8;

--
-- Dumping data for table `marketings`
--

INSERT INTO `marketings` (`id`, `name`, `course_id`, `mobile`, `email`, `address`, `next_date`, `status`, `created_at`, `updated_at`) VALUES
(1, 'Omite Ali', 9, '01991088296', 'test@gmail.com', 'n/a', '0001-01-01', 'not-interested', '2020-02-24 06:35:21', '2020-02-29 09:42:47'),
(2, 'Md. Rupom Mahmud', 8, '01647181625', 'test@gmail.com', 'N/A', '2020-03-10', NULL, '2020-02-24 12:05:00', '2020-02-24 12:05:00'),
(3, 'Md. Ashraful Islam', 8, '01931410831', 'test@gmail.com', 'Saver', '2020-02-28', NULL, '2020-02-24 12:07:26', '2020-02-24 12:07:26'),
(4, 'Mahbub Akash', 8, '01644100249', 'test@gmail.com', 'Uttara', '2020-03-11', NULL, '2020-02-24 12:27:10', '2020-02-24 12:27:10'),
(5, 'Md. SM Joshim Uddin', 8, '01763732389', 'test@gmail.com', 'Dhaka', '2020-02-20', NULL, '2020-02-24 12:34:58', '2020-02-24 12:34:58'),
(6, 'Md. Shahin Khan', 8, '01787122193', 'test@gmail.com', 'Saver', '2020-02-28', NULL, '2020-02-24 12:48:49', '2020-02-24 12:48:49'),
(7, 'Towfiq Sultan', 8, '01518383566', 'test@gmail.com', 'n/a', '0001-01-01', 'not-interested', '2020-02-24 12:56:14', '2020-02-24 12:56:23'),
(8, 'Sadiya Prattasha', 9, '01819391505', 'test@gmail.com', 'Dhaka', '2020-02-28', NULL, '2020-02-24 13:09:11', '2020-02-24 13:09:11'),
(9, 'Mahadi Hasan Miraz', 9, '01750579906', 'test@gmail.com', 'chapainawabganj', '2020-02-28', NULL, '2020-02-24 13:39:15', '2020-02-24 13:39:15'),
(10, 'Md. Sumon Ahamed', 8, '01776661772', 'test@gmail.com', 'Jamalpur', '0001-01-01', 'not-interested', '2020-02-24 13:47:14', '2020-02-24 13:47:21'),
(11, 'Md Rajaul Mahmud Rifat', 9, '01614020107', 'test@gmail.com', 'N/A', '0001-01-01', 'not-interested', '2020-02-25 10:47:50', '2020-02-25 10:47:57'),
(12, 'Simin', 9, '01760950686', 'test@gmail.com', 'N/A', '2020-03-05', NULL, '2020-02-25 11:01:35', '2020-02-25 11:01:35'),
(13, 'Misbah', 9, '01779791362', 'test@gmail.com', 'N/A', '2020-03-05', NULL, '2020-02-25 11:09:59', '2020-02-25 11:09:59'),
(14, 'Abdullah', 8, '01834790224', 'test@gmail.com', 'N/a', '0001-01-01', 'not-interested', '2020-02-25 11:23:41', '2020-02-25 11:23:51'),
(15, 'Md.Shorab Hossain', 8, '01830059426', 'test@gmail.com', 'N/A', '2020-05-08', NULL, '2020-02-25 11:31:54', '2020-02-25 11:31:54'),
(16, 'MD shahin alam', 9, '01310916555', 'test@gmail.com', 'Saver', '0001-01-01', 'not-interested', '2020-02-25 13:26:10', '2020-02-25 13:26:16'),
(17, 'Shakil Ahmed', 8, '01742757456', 'sa7425r@gmail.com', 'Ahmmed Nagor, House No #424,Mirpur - 01', '0001-01-01', 'admitted', '2020-02-26 07:21:13', '2020-02-26 07:21:30'),
(18, 'MD. Fahim Shahriyen', 8, '01751718658', 'test@gmail.com', 'Tejgaon', '0001-01-01', 'admitted', '2020-02-26 07:23:01', '2020-02-26 07:23:08'),
(19, 'Rashma Sarwar', 10, '01752771717', 'test@gmail.com', 'Mirpur - 14', '2020-03-10', NULL, '2020-02-26 07:25:20', '2020-02-26 07:25:20'),
(20, 'Md. Rashedul Khan', 8, '01818401065', 'test@gmail.com', 'N/A', '0001-01-01', 'not-interested', '2020-02-26 09:59:22', '2020-02-29 10:00:52'),
(21, 'Md. Titumear', 8, '01767335104', 'test@gmail.com', 'Mirpur', '2020-03-15', NULL, '2020-02-26 10:00:38', '2020-02-26 10:00:38'),
(22, 'Md. Mamun', 9, '01797240872', 'test@gmail.com', 'N/A', '2020-03-15', 'admitted', '2020-02-26 10:01:36', '2020-02-27 09:17:10'),
(23, 'Noman Bin Mahmud', 8, '01712871190', 'test@gmail.com', 'Mirpur', '2020-03-10', NULL, '2020-02-26 10:33:24', '2020-02-26 10:33:24'),
(24, 'Md. Nurajjaman', 8, '01717204022', 'test@gmail.com', 'Mirpur - 12', '2020-02-29', 'admitted', '2020-02-26 12:53:32', '2020-02-29 13:23:26'),
(25, 'Md. Nafiul Hasan', 8, '01719826378', 'test@gmail.com', 'Mirpur - 13', '2020-02-29', 'admitted', '2020-02-26 12:54:37', '2020-03-01 13:39:16'),
(26, 'Md Juwel Rana', 8, '01811798829', 'test@gmail.com', 'N/a', '2020-02-29', NULL, '2020-02-26 13:16:21', '2020-02-26 13:16:21'),
(27, 'RIFAT SHEZAN', 8, '01613302140', 'test@gmail.com', 'N/A', '2020-02-29', NULL, '2020-02-26 13:25:35', '2020-02-26 13:25:35'),
(28, 'Afridi shimul', 8, '01786203243', 'test@gmail.com', 'N/A', '0001-01-01', 'not-interested', '2020-02-26 13:29:39', '2020-02-26 13:29:51'),
(29, 'Sobuj Ahmed', 8, '01869987259', 'test@gmail.com', 'N/A', '2020-02-27', NULL, '2020-02-26 13:48:24', '2020-02-26 13:48:24'),
(30, 'Mohammad Ferdous Rahman', 9, '01885581060', 'test@gmail.com', 'N/A', '0001-01-01', 'not-interested', '2020-02-29 05:52:10', '2020-02-29 05:52:19'),
(31, 'Popy moni', 9, '01648905195', 'test@gmail.com', 'N/A', '0001-01-01', 'not-interested', '2020-02-29 06:00:55', '2020-02-29 06:01:05'),
(32, 'Abir', 8, '\'01407377865', 'test@gmail.com', 'Mymensingh,gafargaon', '0001-01-01', 'not-interested', '2020-02-29 06:20:09', '2020-02-29 06:20:18'),
(33, 'Ashiquzzaman  opu', 8, '01306417099', 'test@gmail.com', 'Manikgonj', '0001-01-01', 'not-interested', '2020-02-29 06:23:01', '2020-02-29 06:23:09'),
(34, 'Md.Samrat', 8, '01744335695', 'test@gmail.com', 'mirpur12', '2020-03-13', NULL, '2020-02-29 06:57:24', '2020-03-02 05:51:57'),
(35, 'Md. Mahfijur Rahman', 8, '01716399319', 'test@gmail.com', 'Rupnagar. Mirpur', '2020-02-29', 'admitted', '2020-02-29 10:51:47', '2020-03-05 14:00:45'),
(36, 'Abdul Alim', 8, '01303535664', 'test@gmail.com', 'N/A', '0001-01-01', NULL, '2020-02-29 10:59:57', '2020-02-29 10:59:57'),
(37, 'XYZ', 13, '01737777040', 'test@gmail.com', 'N/A', '2020-03-11', NULL, '2020-03-02 11:40:53', '2020-03-04 06:26:34'),
(38, 'Khokon mahmud- rony', 8, '01783404700', 'test@gmail.com', 'Baipail,ashulia,dhaka', '2020-03-10', NULL, '2020-03-02 11:59:56', '2020-03-02 11:59:56'),
(39, 'Mobashir Ahmed', 8, '01787012827', 'test@gmail.com', 'Village -jawar\r\nTana- Tarail\r\nDist- Kishoreganj', '2020-03-10', NULL, '2020-03-02 12:11:30', '2020-03-02 12:11:30'),
(40, 'Akash Saha', 9, '01632604185', 'test@gmail.com', 'N/A', '2020-03-11', NULL, '2020-03-03 05:28:30', '2020-03-03 05:28:30'),
(41, 'Akib Hasan', 9, '01319844343', 'test@gmail.com', 'N/A', '2020-03-20', NULL, '2020-03-03 05:50:15', '2020-03-03 05:50:15'),
(42, 'Mahmud Al Mahmud', 10, '01798251491', 'test@gmail.com', 'N/A', '2020-03-15', NULL, '2020-03-03 13:06:11', '2020-03-03 13:06:11'),
(43, 'Md.Nazrul Islam Hridoy', 8, '01788060665', 'test@gmail.com', 'Sonargao,,, Mograpara Chourasta', '2020-03-20', NULL, '2020-03-03 13:45:17', '2020-03-03 13:45:17'),
(44, 'MD Delowar Hussain', 8, '01783128671', 'test@gmail.com', 'Collanpur', '2020-03-20', NULL, '2020-03-03 14:12:14', '2020-03-03 14:12:14'),
(45, 'SR Sulaiman', 8, '01927944196', 'test@gmail.com', 'N/A', '2020-03-20', NULL, '2020-03-04 06:37:34', '2020-03-04 06:37:34'),
(46, 'Md. Mahbub Hasan', 10, '01971177364', 'test@gmail.com', 'N/A', '0001-01-01', 'not-interested', '2020-03-04 06:45:50', '2020-03-04 06:45:56'),
(47, 'Gobindo Debnath', 9, '+8808585201623839451', 'test@gmail.com', 'N/A', '2020-03-20', 'admitted', '2020-03-04 12:03:27', '2020-03-14 12:04:50'),
(48, 'Mahabuba Begum Mimi', 8, '01997487846', 'test@gmail.com', 'Bhola', '2020-03-24', NULL, '2020-03-04 13:28:44', '2020-03-04 13:28:44'),
(49, 'Md Rabby', 8, '01878881696', 'test@gmail.com', 'N/A', '2020-03-15', NULL, '2020-03-04 13:33:11', '2020-03-04 13:33:11'),
(50, 'Salman', 8, '01724838006', 'test@gmail.com', 'N/A', '2020-03-20', NULL, '2020-03-04 13:43:38', '2020-03-04 13:43:38'),
(51, ' ', 8, '01768948018', 'test@gmail.com', '  ', '2020-03-20', NULL, '2020-03-04 13:48:19', '2020-03-04 13:48:19'),
(52, 'Showkat Hossain', 9, '01912376822', 'test@gmail.com', 'N/A', '2020-03-06', NULL, '2020-03-04 14:04:32', '2020-03-04 14:04:32'),
(53, 'Md. Ismail Hossan Riktar', 8, '01838349899', 'test@gmail.com', 'N/A', '0001-01-01', 'not-interested', '2020-03-04 14:07:55', '2020-03-04 14:08:02'),
(54, 'Jony', 9, '01767100058', 'test@gmail.com', 'N/A', '2020-03-22', NULL, '2020-03-05 09:54:21', '2020-03-05 09:54:21'),
(55, 'rakibul islam badhan', 8, '01705263265', 'test@gmail.com', 'N/A', '2020-03-07', NULL, '2020-03-05 09:59:02', '2020-03-05 09:59:02'),
(56, 'Akash Mahmud', 8, '01799761491', 'test@gmail.com', 'N/A', '2020-03-18', NULL, '2020-03-05 10:46:54', '2020-03-06 11:47:38'),
(57, 'Sabbir Ahamed', 8, '01610108557', 'test@gmail.com', 'N/A', '2020-03-22', NULL, '2020-03-05 13:59:46', '2020-03-05 13:59:46'),
(58, 'Md. Arif Hossain', 8, '01814446210', 'test@gmail.com', 'N/A', '2020-03-17', NULL, '2020-03-06 13:07:28', '2020-03-06 13:07:28'),
(59, 'Ehsm Khan', 9, '01817586060', 'test@gmail.com', 'N/A', '0001-01-01', 'not-interested', '2020-03-10 11:11:46', '2020-03-10 11:11:52'),
(60, 'Sajid Shah', 8, '01819870738', 'test@gmail.com', 'N/A', '2020-03-22', NULL, '2020-03-10 11:18:00', '2020-03-10 11:18:00'),
(61, 'Mahbub Alom', 10, '01317395505', 'test@gmail.com', 'N/A', '0001-01-01', 'not-interested', '2020-03-10 11:24:43', '2020-03-10 11:24:54'),
(62, 'Md. Shadhin Mia', 8, '01774692464', 'test@gmail.com', 'N/A', '2020-03-16', NULL, '2020-03-10 11:27:53', '2020-03-10 11:27:53'),
(63, 'Shojol Kawsar', 8, '01760922192', 'test@gmail.com', 'N/A', '2020-03-24', NULL, '2020-03-10 11:45:45', '2020-03-10 11:45:45'),
(64, 'Sajib Khan', 8, '01636927554', 'test@gmail.com', 'N/A', '2020-03-24', NULL, '2020-03-10 11:51:14', '2020-03-10 11:51:14'),
(65, 'Sheikh Mahfuz Rahman', 8, '01798228384', 'test@gmail.com', 'N/A', '2020-03-24', NULL, '2020-03-10 11:59:24', '2020-03-10 11:59:24'),
(66, 'Porag', 9, '01711947145', 'test@gmail.com', 'N/A', '2020-03-11', 'admitted', '2020-03-10 12:43:08', '2020-03-16 13:02:37'),
(67, 'Sumon mia', 8, '01784676777', 'test@gmail.com', 'Mugda manda Motijheel,Dhaka', '2020-03-10', NULL, '2020-03-10 12:53:13', '2020-03-10 12:53:13'),
(68, 'Shuvo islam', 8, '01872976043', 'test@gmail.com', 'Tangail', '2020-03-24', NULL, '2020-03-10 13:00:33', '2020-03-10 13:00:33'),
(69, 'MD.Al-amin', 8, '01831942593', 'test@gmail.com', 'Keranigonj', '2020-03-16', NULL, '2020-03-10 13:02:00', '2020-03-10 13:02:00'),
(70, 'Md.Tamzid Hossain', 8, '01998576560', 'test@gmail.com', 'Mohammadpur, Magura', '0001-01-01', 'not-interested', '2020-03-10 13:07:41', '2020-03-10 13:08:19'),
(71, 'Reza', 8, '01845015340', 'test@gmail.com', 'N/A', '2020-03-13', NULL, '2020-03-13 03:15:11', '2020-03-13 03:15:11'),
(72, 'Fahim', 9, '01689186658', 'test@gmail.com', 'N/A', '2020-03-24', NULL, '2020-03-13 04:59:41', '2020-03-13 04:59:41'),
(73, 'Momin', 8, '01938600438', 'test@gmail.com', 'N/A', '2020-03-16', NULL, '2020-03-13 05:38:03', '2020-03-13 05:38:03'),
(74, 'Ashraful Islam', 9, '01719860083', 'test@gmail.com', 'Mirpur 14', '2020-03-20', NULL, '2020-03-13 10:29:03', '2020-03-13 10:29:03'),
(75, 'Rubel', 9, '01744467753', 'test@gmail.com', 'Mirpur- 02', '2020-03-15', 'admitted', '2020-03-13 12:38:46', '2020-03-16 13:02:18'),
(76, 'Riaz Ahmed', 8, '01714215310', 'test@gmail.com', 'N/A', '2020-03-16', NULL, '2020-03-14 03:53:23', '2020-03-14 03:53:23'),
(77, 'Hafsa Mim', 8, '01751317312', 'test@gmail.com', 'N/A', '2020-03-16', NULL, '2020-03-14 03:54:51', '2020-03-14 03:54:51'),
(78, ' ', 8, '01783404700', 'test@gmail.com', 'Baipail', '2020-03-20', NULL, '2020-03-14 08:24:05', '2020-03-14 08:24:05'),
(79, 'Md Omar', 14, '01882967381', 'test@gmail.com', 'Mirpur 13', '0001-01-01', NULL, '2020-03-16 12:01:07', '2020-03-16 12:01:07'),
(80, 'Alam khan', 9, '01722003500', 'test@gmail.com', 'Islampur/Jamalpur', '2020-03-20', NULL, '2020-03-16 12:10:55', '2020-03-16 12:10:55'),
(81, 'Md Faruk Hossain', 8, '01814394696', 'test@gmail.com', 'Mondolsen, bonbangla', '2020-03-18', NULL, '2020-03-16 13:23:55', '2020-03-16 13:23:55'),
(82, 'Janifar Hannan', 8, '01719160230', 'test@gmail.com', 'Lalmatia Block C . House number 8/6', '2020-03-18', NULL, '2020-03-16 13:28:46', '2020-03-16 13:28:46'),
(83, 'Mohammad Rashel', 8, '01629891536', 'test@gmail.com', 'charbata,  Subarnachar,  Noakhali', '2020-03-18', NULL, '2020-03-16 13:32:04', '2020-03-16 13:32:04'),
(84, 'Riyad Arefin', 8, '01927180855', 'test@gmail.com', 'Matikat, Dhaka Cantonment', '2020-03-18', NULL, '2020-03-16 13:37:43', '2020-03-16 13:37:43'),
(85, 'Riyad Arefin', 8, '01927180855', 'test@gmail.com', 'N/A', '2020-03-29', NULL, '2020-03-20 05:17:17', '2020-03-20 05:17:17'),
(86, 'Emamul Hasan Rihan', 9, '01839255763', 'test@gmail.com', 'n/a', '2020-03-29', NULL, '2020-03-21 03:42:13', '2020-03-21 03:42:13'),
(87, 'Md. Ashraful Islam', 8, '01997766428', 'test@gmail.com', 'n/a', '2020-03-29', NULL, '2020-03-21 03:48:34', '2020-03-21 03:48:34'),
(88, 'Rashed iqbal', 9, '01307293388', 'rashediqbal900@gmail.com', 'N/A', '2020-03-29', 'admitted', '2020-03-21 04:39:53', '2020-03-24 04:51:02'),
(89, 'Abdul Halim', 8, '01779035150', 'test@gmail.com', 'N/a', '2020-03-23', NULL, '2020-03-21 04:47:41', '2020-03-21 04:47:41'),
(90, 'Rajib', 15, '01731612910', 'rajibkumarbormon@gmail.com', 'N/A', '2020-03-29', NULL, '2020-03-22 05:58:16', '2020-03-22 05:58:16'),
(91, 'MD Asik Khan', 8, '01739506011', 'test@gmail.com', 'Lalbag', '2020-03-29', NULL, '2020-03-22 08:35:47', '2020-03-22 08:35:47'),
(92, 'Rubel Hosain', 10, '01628008533', 'test@gmail.com', 'N/A', '2020-03-29', NULL, '2020-03-24 04:59:35', '2020-03-24 04:59:35'),
(93, 'Muhib Chowdhori', 8, '01780520057', 'test@gmail.com', 'N/A', '2020-04-15', NULL, '2020-03-24 05:04:33', '2020-03-30 08:58:03'),
(94, 'Atif Hasan', 8, '01910172622', 'test@gmail.com', 'N/A', '0001-01-01', NULL, '2020-03-28 03:53:42', '2020-03-28 03:53:42'),
(95, 'Mahmudun zia', 8, '01306766132', 'test@gmail.com', 'N/A', '2020-03-31', NULL, '2020-03-28 04:05:51', '2020-03-28 04:05:51'),
(96, 'Riday saha', 8, '01779819695', 'test@gmail.com', 'N/A', '2020-03-31', NULL, '2020-03-28 04:22:22', '2020-03-28 04:22:22'),
(97, 'Amir Hossain', 8, '01988792891', 'test@gmail.com', 'N/A', '2020-03-31', NULL, '2020-03-28 06:43:54', '2020-03-28 06:43:54'),
(98, 'Toukir Ahammad', 9, '01882573311', 'test@gmail.com', 'N/A', '2020-03-31', NULL, '2020-03-28 06:50:24', '2020-03-28 06:50:24'),
(99, 'Rasel', 9, '01725997691', 'test@gmail.com', 'N/A', '0001-01-01', 'not-interested', '2020-03-28 06:53:43', '2020-03-30 09:37:36'),
(100, 'Iman', 15, '01840839758', 'test@gmail.com', 'N/A', '2020-03-31', NULL, '2020-03-28 06:54:58', '2020-03-28 06:54:58'),
(101, 'MD Redowan Ahmmed', 8, '01980675988', 'test@gmail.com', 'N/A', '0001-01-01', 'not-interested', '2020-03-28 11:24:02', '2020-03-28 11:24:12'),
(102, 'Tamanna Akter', 8, '01723432175', 'test@gmail.com', 'N/A', '0001-01-01', 'not-interested', '2020-03-28 11:28:06', '2020-03-28 11:28:14'),
(103, 'Musfiqur Rahman Anik', 8, '01843021204', 'test@gmail.com', 'N/A', '2020-03-31', NULL, '2020-03-28 11:36:34', '2020-03-28 11:36:34'),
(104, 'Md.Zibon Hossain', 8, '01950210268', 'test@gmail.com', 'N/A', '2020-04-05', NULL, '2020-03-29 13:44:47', '2020-03-29 13:44:47'),
(105, 'Md. Shahadat Hossain', 8, '01675377073', 'test@gmail.com', 'N/A', '2020-03-30', 'admitted', '2020-03-29 13:46:47', '2020-03-30 08:52:02'),
(106, 'Rajib', 15, '01731612910', 'test@gmail.com', 'N/A', '0001-01-01', 'not-interested', '2020-03-30 04:58:59', '2020-03-30 06:53:54'),
(107, 'Toukir Ahammad', 9, '01882573311', 'test@gmail.com', 'N/A', '2020-03-31', NULL, '2020-03-30 05:06:58', '2020-03-30 05:06:58'),
(108, 'Munhaj', 9, '01990566364', 'test@gmail.com', 'N/A', '0001-01-01', 'not-interested', '2020-03-30 05:18:25', '2020-03-30 06:53:45'),
(109, 'Abdula Al Abir', 8, '01846401299', 'test@gmail.com', 'N/A', '2020-03-31', NULL, '2020-03-30 05:57:56', '2020-03-30 05:57:56'),
(110, 'DIPTA DAS', 9, '01956058441', 'test@gmail.com', 'N/A', '0001-01-01', 'not-interested', '2020-03-30 06:53:25', '2020-03-30 06:53:35'),
(111, 'Md faysal', 15, '01911712663', 'test@gmail.com', 'N/A', '2020-03-15', NULL, '2020-03-30 07:01:51', '2020-03-30 07:01:51'),
(112, 'Md. imam hossain', 15, '01840839758', 'imamrubel58@gmail.com', 'N/A', '2020-03-31', NULL, '2020-03-30 08:23:00', '2020-03-30 08:23:00'),
(113, 'md rasel ahmed', 9, 'md rasel ahmed', 'mdraselhasanroni@gmail.com', 'N/A', '0001-01-01', 'not-interested', '2020-03-30 08:40:27', '2020-03-30 08:40:34'),
(114, 'Abdullah Al Mamun', 8, '01734598830', 'mamunt26@gmail.com', 'N/A', '2020-03-31', NULL, '2020-03-30 08:51:38', '2020-03-30 08:51:38'),
(115, 'Marzia ashrafi', 8, '01711301546', 'marziaashrafi@gmail.com', 'N/A', '2020-04-06', NULL, '2020-03-30 09:03:43', '2020-03-30 09:03:43'),
(116, 'Tufayel Ahmed', 8, '01930985817', 'tufayelahmedsagor77@gmail.com', 'N/A', '2020-03-31', NULL, '2020-03-30 09:06:02', '2020-03-30 09:06:02'),
(117, 'HABIBUL BASHAR', 9, '01721103108', 'ppapia108@gmail.com', 'N/A', '2020-04-05', NULL, '2020-03-30 09:11:38', '2020-03-30 09:11:38'),
(118, 'Saif', 14, '01775063794', 'mdshohayebsaif@gmail.com', 'N/A', '0001-01-01', 'not-interested', '2020-03-30 09:13:21', '2020-08-26 09:34:39'),
(119, 'Shohayeb', 9, '01404803125', 'mdshohayebsaif@gmail.com', 'N/A', '2020-03-05', NULL, '2020-03-30 09:17:20', '2020-03-30 09:17:20'),
(120, 'Asif', 8, '01308659094', 'asifh8707@gmail.com', 'N/A', '0001-01-01', 'not-interested', '2020-03-30 09:20:26', '2020-03-30 09:20:36'),
(121, 'arman alam', 9, '01642396305', 'armanalam2018@gmail.com', 'N/A', '2020-04-07', NULL, '2020-03-30 09:26:33', '2020-03-30 09:26:33'),
(123, 'Ariyan', 8, '01732845285', 'test@gmail.com', 'N/A', '0001-01-01', 'not-interested', '2020-03-30 09:39:16', '2020-03-30 09:39:24'),
(124, 'MD Hridoy Khan', 8, '01710039519', 'test@gmail.com', 'N/A', '2020-05-07', NULL, '2020-04-06 07:16:56', '2020-04-06 07:16:56'),
(125, 'Md. Asaduzzaman', 9, '01303556270', 'test@gmail.com', 'N/A', '2020-05-14', NULL, '2020-05-13 05:37:49', '2020-05-13 05:37:49'),
(126, 'Rafi Rafiqul', 8, '01912960231', 'test@gmail.com', 'N/A', '2020-07-18', NULL, '2020-06-18 06:37:23', '2020-06-18 06:37:23'),
(127, 'Md Jewel Rana', 8, '01736545031', 'test@gmail.com', 'N/A', '2020-06-13', NULL, '2020-06-19 09:26:08', '2020-06-19 09:26:08'),
(128, 'Md. Tarikul Islam', 9, '01724086651', 'test@gmail.com', 'gobindaganj,', '2020-07-10', NULL, '2020-06-29 13:44:16', '2020-06-29 13:44:16'),
(129, 'Rupok Ahmed', 9, '01911618310', 'test@gmail.com', 'Baipail,Savar,Dhaka', '2020-08-05', NULL, '2020-06-29 13:56:00', '2020-06-29 13:56:00'),
(130, 'md Rofikul islam sadi', 9, '01703105002', 'test@gmail.com', '', '2020-07-15', NULL, '2020-06-29 14:00:19', '2020-06-29 14:00:19'),
(131, 'Ferdous Rahman', 9, '01885581060', 'test@gmail.com', 'Jhawchar,Newtown,Sonargaon,Narayangonj', '2020-08-05', NULL, '2020-06-29 14:04:26', '2020-06-29 14:04:26'),
(132, 'Md. Shahru Mustakim', 9, '1741932378', 'test@gmail.com', 'Pallabi, Mirpur-11.5, Dhaka - 1216', '2020-07-11', NULL, '2020-06-30 08:25:10', '2020-06-30 08:25:10'),
(133, 'Saiful Islam', 9, '01879240101', 'test@gmail.com', 'Shewrapara, Mirpur, Dhaka.', '2020-07-11', NULL, '2020-06-30 08:36:17', '2020-06-30 08:36:17'),
(134, 'Antor', 9, '01634706572', 'test@gmail.com', 'Gulshans shajadpur', '2020-07-07', NULL, '2020-06-30 08:52:16', '2020-06-30 08:52:16'),
(135, 'Md.Saydul Islam', 9, '01914042970', 'test@gmail.com', '#House:549,Ashkona,Uttara,Dhaka', '2020-07-15', NULL, '2020-06-30 09:10:08', '2020-06-30 09:10:08'),
(136, 'Shahriar Arafat', 9, '01731612910', 'test@gmail.com', 'Gazipur.', '2020-08-10', NULL, '2020-06-30 11:44:36', '2020-06-30 11:44:36'),
(137, '-', 9, '01877390034', 'test@gmail.com', ', , -', '0001-01-01', 'not-interested', '2020-06-30 12:02:10', '2020-06-30 12:02:20'),
(138, 'Md.Nurul Islam Nahid', 9, '01944221236', 'test@gmail.com', 'Uttara', '2020-08-10', NULL, '2020-06-30 12:47:03', '2020-06-30 12:47:03'),
(139, 'Atiya Sadia Naushinara', 9, '1864122974', 'test@gmail.com', 'Dhaka', '0001-01-01', 'not-interested', '2020-06-30 13:56:13', '2020-06-30 13:56:23'),
(140, 'Masud Rana', 9, '01930350953', 'test@gmail.com', 'Rajbari zela goalaundo mor district', '0001-01-01', NULL, '2020-07-01 09:02:05', '2020-07-01 09:02:05'),
(141, 'Adnan', 9, '01316694078', 'test@gmail.com', 'Bhandaria,Pirojpur', '0001-01-01', NULL, '2020-07-01 09:11:16', '2020-07-01 09:11:16'),
(142, 'Sohana', 9, '01713673280', 'test@gmail.com', 'Kaukhali, rajbari', '0001-01-01', NULL, '2020-07-01 09:15:26', '2020-07-01 09:15:26'),
(143, 'Shukhi Akter', 9, '01707112556', 'test@gmail.com', 'C2/14 uday green, green square. Dhanmondi. Dhaka 1205', '0001-01-01', NULL, '2020-07-01 09:31:00', '2020-07-01 09:31:00'),
(144, 'Raisan', 9, '01773707378', 'test@gmail.com', 'dinajpur', '0001-01-01', NULL, '2020-07-01 09:36:02', '2020-07-01 09:36:02'),
(145, 'Md.Jahidul islam', 9, '01781744365', 'test@gmail.com', 'Suborna char,Noakhali', '0001-01-01', 'not-interested', '2020-07-02 06:00:28', '2020-07-02 06:16:23'),
(146, 'Ashraful Alam', 9, '01916838821', 'test@gmail.com', 'Barua, khilkhet,dhaka', '0001-01-01', 'not-interested', '2020-07-02 06:15:08', '2020-07-02 06:16:15'),
(147, 'Abu Naim', 8, '01926149993', 'abunaim.khulna@gmail.com', 'n/a', '2020-07-10', NULL, '2020-07-04 09:53:29', '2020-07-04 09:53:29'),
(148, 'Mahiuddin', 8, '01892526103', 'test@gmail.com', 'N/A', '2020-07-10', NULL, '2020-07-04 09:58:18', '2020-07-04 09:58:18'),
(149, 'Derham ali', 8, '01723806546', 'test@gmail.com', 'N/A', '2020-07-15', NULL, '2020-07-04 10:46:46', '2020-07-04 10:46:46'),
(150, 'S M Suhan', 8, '01409062887', 'test@gmail.com', 'N/A', '2020-07-10', NULL, '2020-07-04 11:44:50', '2020-07-04 11:44:50'),
(151, 'Juwel even', 8, '01869369031', 'test@gmail.com', 'n/a', '0001-01-01', 'not-interested', '2020-07-04 11:57:11', '2020-07-04 12:16:24'),
(152, 'Sopnohin rajkumar', 8, '01310929968', 'test@gmail.com', 'N/A', '2020-07-08', 'not-interested', '2020-07-04 12:00:28', '2020-07-08 11:55:27'),
(153, 'hasan mahmud', 8, '-1717129906', 'test@gmail.com', 'N/A', '2020-07-10', NULL, '2020-07-04 12:15:47', '2020-07-04 12:15:47'),
(154, 'Mamun Reza Habib', 8, '01705533739', 'test@gmail.com', 'N/A', '0001-01-01', 'not-interested', '2020-07-04 13:54:23', '2020-07-04 13:54:38'),
(155, 'Jannatul Ferdoush', 8, '01729877246.', 'test@gmail.com', 'N/A', '0001-01-01', 'not-interested', '2020-07-04 13:58:08', '2020-07-04 13:58:33'),
(156, 'Dipto sha', 8, '01690134874.', 'test@gmail.com', 'N/A', '2020-07-12', NULL, '2020-07-04 14:09:17', '2020-07-04 14:09:17'),
(157, 'MD Mostafizur Rahman', 8, '01318951659', 'test@gmail.com', 'N/A', '2020-07-07', NULL, '2020-07-04 14:16:52', '2020-07-04 14:16:52'),
(158, 'Atm Sajib', 8, '01849281054', 'test@gmail.com', 'N/A', '2020-07-10', NULL, '2020-07-04 14:22:06', '2020-07-04 14:22:06'),
(159, 'Md Julfiker', 8, '01985669116', 'test@gmail.com', 'N/A', '2020-07-12', NULL, '2020-07-04 14:28:56', '2020-07-04 14:28:56'),
(160, 'Mamunur Rahman', 9, '01961213428', 'test@gmail.com', 'N/A', '0001-01-01', 'not-interested', '2020-07-04 14:32:26', '2020-07-04 14:32:38'),
(161, 'S Sk Shuvo', 8, '01313896867', 'test@gmail.com', 'N/A', '0001-01-01', 'not-interested', '2020-07-04 14:36:16', '2020-07-04 14:36:25'),
(162, 'Al-Hasan Dhali', 8, '01786669360', 'test@gmail.com', 'N/A', '2020-07-12', NULL, '2020-07-04 14:48:25', '2020-07-04 14:48:25'),
(163, 'Saddam Hossen', 9, '01714261906', 'test@gmail.com', 'N/A', '2020-08-20', NULL, '2020-07-08 11:22:15', '2020-07-08 11:22:15'),
(164, 'Najmul Islam', 8, '01841327774', 'test@gmail.com', 'N/A', '2020-08-15', NULL, '2020-07-08 11:27:06', '2020-07-14 14:57:00'),
(165, 'Robiul islam', 9, '01623528215', 'test@gmail.com', 'N/A', '2020-07-13', NULL, '2020-07-08 11:37:59', '2020-07-08 11:37:59'),
(166, 'Ahsan habib', 9, '01962533235', 'test@gmail.com', 'N/A', '2020-07-10', NULL, '2020-07-08 11:50:24', '2020-07-08 11:50:24'),
(167, 'Arafat Hossain Redoy', 8, '01715285813', 'test@gmail.com', '261/1,South Goran Dhaka-1219', '0001-01-01', 'not-interested', '2020-07-08 12:11:26', '2020-07-08 12:46:25'),
(168, 'Laila', 8, '01880088002', 'test@gmail.com', 'South manda.mugda.dhaka.1214', '2020-07-20', NULL, '2020-07-08 12:26:50', '2020-07-08 12:26:50'),
(169, 'Mb.shakil', 8, '01798205940', 'test@gmail.com', 'N/A', '0001-01-01', 'not-interested', '2020-07-08 12:35:20', '2020-07-08 12:46:16'),
(170, 'Md sabbir hossen', 8, '01730947351', 'test@gmail.com', 'kazipur sirajganj', '0001-01-01', 'not-interested', '2020-07-08 12:39:44', '2020-07-08 12:46:05'),
(171, 'sepon kumar', 8, '01798725742', 'test@gmail.com', 'grame...khyerdara,post,narayanpara, thana, jela,,,joypurhat', '0001-01-01', 'not-interested', '2020-07-08 12:45:35', '2020-07-08 12:45:55'),
(172, 'Mehedi hasan mithu', 8, '01616674419', 'test@gmail.com', 'Zigatol, Dhanmondi', '2020-07-10', NULL, '2020-07-09 09:48:58', '2020-07-09 09:48:58'),
(173, 'Saiful Islam Rana', 8, '01707698558', 'test@gmail.com', '189 south pirerbagh, mirpur-02, dhaka-1216.', '2020-07-13', NULL, '2020-07-09 09:54:12', '2020-07-09 09:54:12'),
(174, 'MD Emon', 8, '01319704177', 'test@gmail.com', 'Borisal', '0001-01-01', 'not-interested', '2020-07-09 10:00:40', '2020-07-09 10:00:51'),
(175, 'Md Masud Alam', 8, '01755978156', 'test@gmail.com', 'Johuri Moholla,Mohammadpur,Dhaka', '0001-01-01', 'not-interested', '2020-07-09 10:12:01', '2020-08-17 06:04:57'),
(176, 'NushratJahan', 8, '01935477488', 'test@gmail.com', 'Mirpur', '2020-07-13', NULL, '2020-07-09 10:19:33', '2020-07-09 10:19:33'),
(177, 'Rupok Ahmad suruj', 9, '01911618310', 'test@gmail.com', 'N/A', '2020-09-01', NULL, '2020-07-09 13:36:59', '2020-08-26 09:34:00'),
(178, 'Leo Prince', 8, '01778232906', 'test@gmail.com', 'N/A', '0001-01-01', 'not-interested', '2020-07-09 13:40:34', '2020-07-09 13:40:43'),
(179, 'Habib Gazi', 8, '01660158777', 'test@gmail.com', 'N/A', '0001-01-01', 'not-interested', '2020-07-09 13:43:08', '2020-07-09 13:43:15'),
(180, 'Tarekul Islam', 8, '01756677299', 'test@gmail.com', 'N/A', '2020-08-15', NULL, '2020-07-09 13:46:40', '2020-07-09 13:46:40'),
(181, 'Kamrul Hassan', 9, '01713954371', 'test@gmail.com', 'N/A', '2020-08-15', NULL, '2020-07-09 13:50:06', '2020-07-09 13:50:06'),
(182, 'Saddam Hossain', 9, '01858449277', 'test@gmail.com', 'N/A', '0001-01-01', 'not-interested', '2020-07-09 13:55:37', '2020-07-09 13:55:50'),
(183, 'Ajrin Badhon', 8, '01312747925', 'test@gmail.com', 'N/A', '2020-08-10', NULL, '2020-07-09 14:08:31', '2020-07-09 14:08:31'),
(184, 'S R ', 8, '01725092639', 'test@gmail.com', 'N/A', '2020-07-15', NULL, '2020-07-09 14:13:51', '2020-07-14 14:52:48'),
(185, 'mohammad  mamunur rashid', 9, '01717466760', 'test@gmail.com', 'n/a', '2020-07-17', NULL, '2020-07-16 14:18:46', '2020-07-16 14:18:46'),
(186, 'Mim Tabassum tasniya', 8, '01403493125', 'test@gmail.com', 'N/A', '0001-01-01', 'not-interested', '2020-07-16 14:48:05', '2020-07-16 14:48:16'),
(187, ':  ', 9, '01309146367', 'test@gmail.com', '', '2020-08-13', NULL, '2020-08-11 12:06:16', '2020-08-11 12:06:16'),
(188, 'MD AL MAMUN', 9, '01710196137', 'test@gmail.com', 'BRAHMANBARIA', '2020-08-13', NULL, '2020-08-11 12:14:12', '2020-08-11 12:14:12'),
(189, 'Jenifar', 9, '\'01822334411', 'test@gmail.com', 'Dhaka', '2020-08-15', NULL, '2020-08-11 12:19:11', '2020-08-11 12:19:11'),
(190, 'Md shorif', 8, '01860984501', 'test@gmail.com', 'Nobinogor housing road no 7 Mohammadpur dhaka 1207', '0001-01-01', 'not-interested', '2020-08-12 13:22:14', '2020-08-17 06:04:44'),
(191, 'md monirul', 8, '01817553606', 'test@gmail.com', 'Mirpu. 2', '2020-10-12', NULL, '2020-08-12 13:29:04', '2020-08-12 13:29:04'),
(192, 'Md Rahat  Hossain', 8, '01305479932', 'test@gmail.com', 'Narayangong , casara', '2020-08-20', NULL, '2020-08-12 13:36:32', '2020-08-12 13:36:32'),
(193, 'JoJoyprokash Adhikary', 8, '01857206150', 'test@gmail.com', 'Savar', '2020-08-20', NULL, '2020-08-12 13:40:53', '2020-08-12 13:40:53'),
(194, 'Md.Rajibur Rahman', 8, '01776019111', 'test@gmail.com', 'Alenga kalihati tangail', '2020-08-20', NULL, '2020-08-12 13:51:23', '2020-08-12 13:51:23'),
(195, 'Mainuddin Rana', 8, '01911855822', 'Mainurana@gmai.com', 'n/a', '2020-09-05', 'admitted', '2020-08-17 05:43:01', '2020-09-12 12:20:08'),
(196, 'Nazrul Mia', 9, '01646079512', 'test@gmail.com', 'n/a', '0001-01-01', 'not-interested', '2020-08-17 05:46:59', '2020-08-17 06:04:32'),
(197, 'Emon Hossen', 9, '01840839758', 'test@gmail.com', 'n/a', '2020-08-25', NULL, '2020-08-17 05:57:19', '2020-08-17 05:57:19'),
(198, 'Md.jahid hasan', 11, '01319707123', 'test@gmail.com', 'N/A', '2020-08-25', NULL, '2020-08-17 06:04:14', '2020-08-17 06:04:14'),
(199, 'Abdullah AL Muttasim Fuad', 9, '01318673971', 'test@gmail.com', 'Khilkhet,Dhaka', '2020-08-28', NULL, '2020-08-17 10:38:47', '2020-08-17 10:38:47'),
(200, 'Syed Washim Iqbal', 9, '01631096064', 'test@gmail.com', 'N/A', '2020-08-20', NULL, '2020-08-17 11:49:13', '2020-08-17 11:49:13'),
(201, 'Al-Amin', 9, '0946456017', 'test@gmail.com', 'Arihazar Narayanganj', '2021-02-02', NULL, '2020-08-17 11:56:48', '2020-08-17 11:56:48'),
(202, 'MD. Shibli Sadik', 9, '01648549426', 'test@gmail.com', 'Pirojpur,Barishal', '2020-08-25', NULL, '2020-08-17 12:05:30', '2020-08-17 12:05:30'),
(203, 'rakibulislam', 9, '01743010043', 'test@gmail.com', 'thanapara,tangail', '2020-08-25', NULL, '2020-08-17 12:49:48', '2020-08-17 12:49:48'),
(204, 'Jahidul Islam', 9, '01686291821', 'test@gmail.com', 'Savar, Dhaka', '0001-01-01', 'not-interested', '2020-08-17 12:51:08', '2020-08-17 12:51:19'),
(205, 'Alfi', 9, '01794040824', 'test@gmail.com', 'Mirpur-1', '2020-08-17', 'admitted', '2020-08-17 13:26:39', '2020-08-17 13:26:47'),
(206, 'Niger Sultana Mou', 8, '880 17 0766 1704', 'nigermouaust15@gmail.com', '1/3 Shahjadpur , Jhilpar, Badda, Dhaka', '2020-08-30', NULL, '2020-08-18 13:01:51', '2020-08-27 10:19:48'),
(207, 'sakil', 9, '01517150810', 'test@gmail.com', 'meherpur', '0001-01-01', 'not-interested', '2020-08-18 13:03:39', '2020-08-18 13:04:09'),
(208, 'Hasanor Rhaman Shanto', 9, '01902443021', 'test@gmail.com', '43/11,Sabujbag,Dhaka.', '2020-08-26', NULL, '2020-08-18 13:06:39', '2020-08-18 13:06:39'),
(209, 'Joy Roy', 9, '01747017791', 'test@gmail.com', 'Faridpur', '0001-01-01', 'not-interested', '2020-08-18 13:07:49', '2020-08-18 13:07:56'),
(210, 'MD Faisal Mahmud', 9, '01676078180', 'test@gmail.com', 'Mohakhali', '0001-01-01', 'not-interested', '2020-08-18 13:08:56', '2020-08-18 13:09:05'),
(211, 'khandoker sohanur haque', 9, '01783673727', 'test@gmail.com', 'Dhanmondi 15', '0001-01-01', 'not-interested', '2020-08-18 13:09:49', '2020-08-18 13:10:04'),
(212, 'Tawhid', 8, '01620687724', 'test@gmail.com', 'Dhaka', '2020-08-26', NULL, '2020-08-18 13:23:36', '2020-08-18 13:23:36'),
(213, 'Md Ibbrahim', 8, '01628729201', 'test@gmail.com', 'Wari Dhaka', '0001-01-01', 'not-interested', '2020-08-18 13:26:41', '2020-08-18 13:26:54'),
(214, 'Md shorif', 8, '01860984501', 'test@gmail.com', 'Nobinogor housing road no 7 Mohammadpur dhaka 1207', '0001-01-01', 'not-interested', '2020-08-18 13:29:59', '2020-08-18 13:30:06'),
(215, 'md monirul', 8, '01817553606', 'test@gmail.com', 'Mirpu. 2', '2020-08-28', NULL, '2020-08-18 13:42:14', '2020-08-18 13:42:14'),
(216, 'Aksh', 8, '01719461643', 'test@gmail.com', 'N/A', '2020-09-15', NULL, '2020-08-18 13:44:15', '2020-09-12 13:24:19'),
(217, 'Kheled hasan', 9, '01713-238992', 'test@gmail.com', 'N/A', '2020-08-25', NULL, '2020-08-22 11:43:40', '2020-08-22 11:43:40'),
(218, 'Md Mokbul Hossain', 9, '01741824864', 'test@gmail.com', 'Mymensing, Dhaka', '0001-01-01', 'not-interested', '2020-08-22 12:00:47', '2020-08-22 12:00:55'),
(219, 'MD:Eshan', 9, '01761301095', 'test@gmail.com', 'Dinajpur', '2020-08-24', NULL, '2020-08-22 12:05:59', '2020-08-22 12:05:59'),
(220, 'Rizaul Karim', 9, '01916881545', 'test@gmail.com', 'Mirpur 2, Dhaka', '0001-01-01', NULL, '2020-08-22 12:09:51', '2020-08-22 12:09:51'),
(221, 'Mehejabin Hossain Jitu', 9, '01705572340', 'test@gmail.com', 'Mirpur,Dhaka', '2020-08-25', NULL, '2020-08-22 12:19:43', '2020-08-22 12:19:43'),
(222, 'Aktaruzzaman', 9, '01746094221', 'test@gmail.com', 'Muhammadpur, Dhaka', '2020-09-10', NULL, '2020-08-22 12:25:02', '2020-08-22 12:25:02'),
(223, 'Sadia jahan', 8, '01997403009', 'test@gmail.com', 'Mirpur 10', '0001-01-01', 'not-interested', '2020-08-22 12:59:02', '2020-09-12 13:21:33'),
(224, 'Arfa Khan', 8, '01300015816', 'test@gmail.com', 'Chittagong', '2020-09-10', NULL, '2020-08-22 13:09:08', '2020-08-22 13:09:08'),
(225, 'Arafat Hossain Redoy', 8, '01715285813', 'test@gmail.com', 'N/A', '2020-08-22', 'not-interested', '2020-08-22 13:14:49', '2020-08-22 13:18:37'),
(226, 'JoJoyprokash Adhikary', 8, '01857206150', 'test@gmail.com', 'Savar', '2020-08-25', NULL, '2020-08-22 13:15:46', '2020-08-22 13:15:46'),
(227, 'Md. Hanif', 9, '01756126007', 'test@gmail.com', 'Vill- Bishobag, P.O- Mestoli bazar, P.S- Chauddagram, Dist-Cumilla', '0001-01-01', 'not-interested', '2020-08-22 13:21:56', '2020-08-22 13:22:04'),
(228, 'Md sumon ahmed', 8, '01789504249', 'test@gmail.com', 'Tongi Gazipur', '0001-01-01', 'not-interested', '2020-08-22 13:26:43', '2020-08-22 13:26:54'),
(229, 'MD Faisal Mahmud', 9, '01676078180', 'test@gmail.com', 'Mohakhali', '0001-01-01', 'not-interested', '2020-08-22 13:29:51', '2020-08-22 13:30:05'),
(230, 'Mouri', 9, '01727225499', 'test@gmail.com', 'Mirpur-12', '0001-01-01', 'not-interested', '2020-08-22 13:34:58', '2020-08-22 13:35:09'),
(231, 'MD. Rifat Hasan', 9, '01608089276', 'test@gmail.com', 'Shah Ali Bagh, Mirpur-1, Dhaka -1216', '2020-09-10', NULL, '2020-08-22 13:38:04', '2020-08-22 13:38:04'),
(232, 'Akib Zabed', 9, '01716649916', 'test@gmail.com', 'N/A', '2020-09-10', NULL, '2020-08-24 13:29:15', '2020-09-01 11:29:02'),
(233, 'Arman', 15, '01682026330', 'test@gmail.com', 'Mirpur 02', '2020-09-10', NULL, '2020-08-26 09:19:44', '2020-08-26 09:19:44'),
(234, 'Shojib', 9, '01744393225', 'test@gmail.com', 'N/A', '2020-09-20', NULL, '2020-08-26 09:22:28', '2020-08-26 09:22:28'),
(235, 'Nadia Islam Dipa', 9, '01768762505', 'test@gmail.com', 'G.p.g-131, Wireless gate, Mohakhal,  Dhaka', '0001-01-01', 'not-interested', '2020-08-26 12:49:33', '2020-08-26 12:49:42'),
(236, 'Al Rafi', 8, '01736525244', 'test@gmail.com', 'West Rampura, Dhaka-1219', '0001-01-01', 'not-interested', '2020-08-26 12:50:36', '2020-09-12 13:21:07'),
(237, 'Omor faruk', 8, '01626774284', 'test@gmail.com', 'Banasree..rampora', '2020-09-05', NULL, '2020-08-26 12:53:01', '2020-08-26 12:53:01'),
(238, 'SHAMIM HOSEN', 8, '01734743160', 'test@gmail.com', 'Savar, dhaka', '0001-01-01', 'not-interested', '2020-08-26 12:54:40', '2020-09-12 13:18:44'),
(239, 'Farjana', 8, '1788065231', 'test@gmail.com', 'Comilla', '0001-01-01', 'not-interested', '2020-08-26 12:55:26', '2020-08-27 10:21:08'),
(240, 'Azim', 8, '01871828282', 'test@gmail.com', '101/A shankor dhanmodi', '0001-01-01', 'not-interested', '2020-08-26 12:56:11', '2020-08-27 10:20:52'),
(241, 'Shishir khan', 8, '01403590036', 'test@gmail.com', 'Mohammadpur, Dhaka', '2020-09-10', NULL, '2020-08-31 11:05:39', '2020-08-31 11:05:39'),
(242, 'Asiqur Rahman', 8, '01736362628', 'test@gmail.com', 'New market dhaka', '0001-01-01', 'not-interested', '2020-08-31 11:08:57', '2020-08-31 11:09:05'),
(243, 'Md. Zahidul Islam', 8, '01718457558', 'test@gmail.com', 'Gazipur', '0001-01-01', NULL, '2020-08-31 11:12:23', '2020-08-31 11:12:23'),
(244, 'Mst.Shahanaj Khatun', 8, '01738113506', 'test@gmail.com', 'Mirpur-11,Avenue-5,Dhaka-1216', '2020-09-03', NULL, '2020-08-31 11:23:45', '2020-08-31 11:23:45'),
(245, 'Md Kurban khan', 8, '01893273835', 'test@gmail.com', 'Borobari.Gazipur', '0001-01-01', 'not-interested', '2020-08-31 11:26:49', '2020-08-31 11:27:17'),
(246, 'Md Zihad Sorkar', 8, '01850184016', 'test@gmail.com', 'Bakshigonj, Jamalpur', '2020-09-10', NULL, '2020-08-31 11:34:17', '2020-08-31 11:34:17'),
(247, 'Nibir', 9, '01722414549', 'test@gmail.com', 'Bashundhara', '2020-09-15', NULL, '2020-08-31 11:58:29', '2020-08-31 11:58:29'),
(248, 'Resha Khandoker', 9, '01919254598', 'test@gmail.com', 'Monipuri Para. Mirpur', '0001-01-01', 'not-interested', '2020-08-31 12:01:23', '2020-08-31 12:03:23'),
(249, 'SELIMUZ ZAMAN', 9, '01912531655', 'test@gmail.com', '48/A JN Shah Road, Lalbag, Dhaka-1211', '0001-01-01', 'not-interested', '2020-08-31 12:04:06', '2020-08-31 12:04:14'),
(250, 'Nazim Uddin', 9, '01913097581', 'test@gmail.com', 'N/A', '2020-09-15', NULL, '2020-08-31 13:02:14', '2020-08-31 13:02:14'),
(251, 'Md Younus Ahamed', 8, '01643168785', 'test@gmail.com', 'N/A', '2020-09-05', NULL, '2020-08-31 13:07:59', '2020-08-31 13:07:59'),
(252, 'Atif Karim', 8, '01902706272', 'test@gmail.com', 'kallyanpur,Dhaka', '2020-09-10', NULL, '2020-09-01 09:00:45', '2020-09-01 09:00:45'),
(253, 'Md Mohi Uddin', 8, '01846825660', 'test@gmail.com', 'Friends Mega Tower, 5th floor, Dogair, Demra, Dhak.  1361', '0001-01-01', NULL, '2020-09-03 12:51:06', '2020-09-12 13:15:32'),
(254, 'Sohel Ahmed', 8, '01924217422', 'test@gmail.com', 'South Banasree', '2020-09-04', 'not-interested', '2020-09-03 12:54:16', '2020-09-12 13:15:52'),
(255, 'md emran hossian', 8, '01301724210', 'test@gmail.com', 'candpur', '0001-01-01', 'not-interested', '2020-09-04 10:16:26', '2020-09-04 10:16:47'),
(256, 'Mozibul hoque', 8, '01888622236', 'test@gmail.com', 'Chandpur', '2020-09-15', NULL, '2020-09-04 10:22:47', '2020-09-04 10:22:47'),
(257, 'Bisnu Chandro Ray', 15, '', 'test@gmail.com', 'N/A', '0001-01-01', NULL, '2020-09-05 13:06:16', '2020-09-05 13:06:16'),
(258, 'MD. JAHID HASAN', 8, '01875101685', 'test@gmail.com', 'Dhaka', '2020-09-14', NULL, '2020-09-08 13:46:37', '2020-09-08 13:46:37'),
(259, 'Joynal abdien', 9, '01866881769', 'test@gmail.com', 'Rosaitola,kakorkandi,nalitabari,sherpur', '2020-09-20', NULL, '2020-09-08 13:53:23', '2020-09-08 13:53:23'),
(260, 'Mizanur Rahaman', 9, '01681047829', 'test@gmail.com', '365 tejgaon link road gulshan dhaka', '2020-09-20', NULL, '2020-09-10 11:58:19', '2020-09-10 11:58:19'),
(261, 'Mahpara Binta Kibria', 8, '01710684857', 'test@gmail.com', 'N/A', '2020-09-14', 'admitted', '2020-09-12 06:59:56', '2020-09-14 12:41:35'),
(262, 'Shah Md Palash', 8, '01750882230', 'test@gmail.com', 'Chawrakalibari, Amtali, Barguna', '2020-09-20', NULL, '2020-09-14 13:09:51', '2020-09-14 13:09:51'),
(263, 'Md.Faisal Ahmed', 8, '01783509027', 'test@gmail.com', 'Uttara Dhaka', '0001-01-01', NULL, '2020-09-14 13:22:14', '2020-09-14 13:22:14'),
(264, 'rakibulhasancse21@gmai.com', 9, '01858589737', 'test@gmail.com', 'Dhanmondi', '0001-01-01', NULL, '2020-09-14 13:25:13', '2020-09-14 13:25:13'),
(265, 'Dipto', 9, '01716294372', 'test@gmail.com', 'Mirpur Dhaka', '2020-09-20', NULL, '2020-09-17 13:19:56', '2020-09-17 13:19:56'),
(266, 'Ruddro', 9, '01880787896', 'test@gmail.com', 'Ishwardi pabna', '2020-09-22', NULL, '2020-09-17 13:28:21', '2020-09-17 13:28:21'),
(267, 'Tania akter', 8, '01822224354', 'test@gmail.com', '\"Village-sarotia gaji,district-tangail\r\n  \"', '0001-01-01', 'not-interested', '2020-09-17 13:34:08', '2020-09-17 13:34:17'),
(268, 'Ripon Ahmed Joyem', 9, '01856511566', 'test@gmail.com', 'Ashulia, Dhaka', '2020-09-25', NULL, '2020-09-21 13:52:41', '2020-09-21 13:52:41'),
(269, 'Md. Ashraful Islam', 9, '01610494649', 'test@gmail.com', 'N/A', '2020-10-05', NULL, '2020-09-28 12:29:15', '2020-09-28 12:29:15'),
(270, 'Sheikh Noyon Islam', 9, '01822497672', 'test@gmail.com', 'N/A', '2020-10-05', NULL, '2020-09-28 13:31:28', '2020-09-28 13:31:28'),
(271, 'Shamim Ahmed', 9, '01319533360', 'test@gmail.com', 'n/a', '2020-10-05', NULL, '2020-09-28 13:34:50', '2020-09-28 13:34:50'),
(272, 'Shipon', 8, '01640525197', 'test@gmail.com', 'Gazipur', '2020-10-08', NULL, '2020-09-28 13:40:30', '2020-09-28 13:40:30'),
(273, 'Mahmud Ur Rahman', 9, '01303616932', 'test@gmail.com', 'Sreeram kandi,tungipara,gopalgonj', '2020-10-20', NULL, '2020-10-06 13:03:37', '2020-10-06 13:03:37'),
(274, 'Altaf Hossain', 8, '01990684544', 'test@gmail.com', 'Lakshmipur sodor', '2020-10-15', NULL, '2020-10-06 13:10:18', '2020-10-06 13:10:18'),
(275, 'Hridoy Hasan', 8, '01890362119', 'test@gmail.com', 'kazipur sirajganj', '2020-10-20', NULL, '2020-10-06 13:14:30', '2020-10-06 13:14:30'),
(276, 'Raihan Mohiuddin Rajib', 8, '01711738419', 'test@gmail.com', 'N/A', '2020-10-20', NULL, '2020-10-06 13:19:29', '2020-10-06 13:19:29'),
(277, 'TL Abu Taleb', 9, '01798989904', 'test@gmail.com', 'n/a', '2020-10-20', NULL, '2020-10-06 13:23:05', '2020-10-06 13:23:05'),
(278, 'Mahbub Alam', 9, '01625563394', 'test@gmail.com', 'n/a', '2020-10-20', NULL, '2020-10-06 13:28:38', '2020-10-06 13:28:38'),
(279, 'Juyel', 9, '01761135287', 'test@gmail.com', 'Uttara,Dhaka', '2020-10-15', 'admitted', '2020-10-12 13:10:34', '2020-10-15 09:20:31'),
(280, 'Shamim Reza', 9, '01767957043', 'test@gmail.com', 'Sirajganj', '2020-10-25', NULL, '2020-10-12 13:15:36', '2020-10-12 13:15:36'),
(281, ' ', 8, '01309063585', 'test@gmail.com', 'N/A', '0001-01-01', 'not-interested', '2020-10-12 13:20:55', '2020-10-12 13:21:06'),
(282, 'Amdadul hoque', 8, '01712319620', 'test@gmail.com', 'Khilgoan, dhaka.', '2020-10-20', NULL, '2020-10-12 13:24:30', '2020-10-12 13:24:30'),
(283, 'Md. Ibne Aslam', 8, '01913126684', 'test@gmail.com', '6th floor,Sh-77, North Badda, Dhaka', '2020-10-25', NULL, '2020-10-12 13:30:55', '2020-10-12 13:30:55'),
(284, 'Mohammad Abid', 10, '01818381273', 'test@gmail.com', 'N/A', '2020-10-20', 'admitted', '2020-10-15 13:42:00', '2020-11-11 07:09:54'),
(285, 'Abraham', 9, '01795116962', 'test@gmail.com', 'Mirpur-06', '2020-10-20', NULL, '2020-10-15 14:01:11', '2020-10-15 14:01:11'),
(286, 'Mohammad Mirajul Islam', 8, '01810019589', 'test@gmail.com', 'Dolipara, Uttara, Dhaka.', '2020-11-05', NULL, '2020-10-17 12:34:15', '2020-10-17 12:34:15'),
(287, 'Sahin Ahmed Khan Tusher', 8, '01854671555', 'Srrobin143@gmail.com', 'N/A', '2020-11-05', NULL, '2020-10-17 12:36:32', '2020-10-17 12:36:32'),
(288, 'Md Ariful islam', 8, '01783991347', 'test@gmail.com', 'Tangail', '2020-11-05', NULL, '2020-10-17 12:40:57', '2020-10-17 12:40:57'),
(289, 'Zannatul Ferdose Rimu', 8, '01788993121', 'test@gmail.com', 'Mymensingh', '0001-01-01', 'not-interested', '2020-10-17 12:45:01', '2020-10-17 12:45:16'),
(290, 'Forhad Ahmed', 8, '01990694204', 'test@gmail.com', 'Sonargaon, Narayanganj', '2020-11-05', NULL, '2020-10-17 12:54:14', '2020-10-17 12:54:14'),
(291, 'Md Jahngir Alam', 9, '01764194192', 'test@gmail.com', 'Mawna Gazipur', '2020-10-21', 'admitted', '2020-10-20 13:18:36', '2020-10-22 12:29:45'),
(292, 'Md. Abdullah Al Mamun', 9, '+8801814755518', 'test@gmail.com', '\"Flat no: A 7\r\nHouse no: 34/1,Green Road, Dhaka-1205, Bangladesh.    \"', '2020-10-24', NULL, '2020-10-20 13:28:56', '2020-10-20 13:28:56'),
(293, 'Farha Tanzin', 8, '01629753148', 'test@gmail.com', 'Feni', '2020-11-10', NULL, '2020-10-20 13:32:13', '2020-10-20 13:32:13'),
(294, 'Pinky', 9, '01999050066', 'test@gmail.com', 'Badda', '2020-11-10', NULL, '2020-10-20 13:35:53', '2020-10-20 13:35:53'),
(295, 'MD ASHIKUZZAMAN', 9, '01812740697', 'test@gmail.com', 'Jatrabari', '0001-01-01', NULL, '2020-10-20 13:40:11', '2020-10-20 13:40:11'),
(296, 'Rasel Ahmed', 8, '01719603058', 'test@gmail.com', 'Mirpur', '2020-11-10', NULL, '2020-10-20 13:53:59', '2020-10-20 13:53:59'),
(297, 'Habiba', 8, '01716326810', 'test@gmail.com', 'Mogbajar', '2020-11-15', NULL, '2020-10-22 12:20:54', '2020-10-22 12:20:54'),
(298, 'Md.omar faruk', 8, '01716953523', 'test@gmail.com', 'Shewrapara, mirpur', '2020-10-24', NULL, '2020-10-22 12:29:32', '2020-10-22 12:29:32'),
(299, 'Md. Jahid Khondokar', 9, '01707813700', 'test@gmail.com', 'N/A', '0001-01-01', NULL, '2020-10-22 12:32:20', '2020-10-31 06:22:33'),
(300, 'Md Mahmudul  Hasan', 8, '01911243402', 'test@gmail.com', 'Banani,Dhaka', '2020-11-05', NULL, '2020-10-22 12:43:02', '2020-10-22 12:43:02'),
(301, 'Md.Mazedul Hoque', 8, '01719345493', 'test@gmail.com', 'Mayakannon, Dhaka', '0001-01-01', 'not-interested', '2020-10-22 12:46:26', '2020-10-22 12:46:32'),
(302, 'MD. SORIFUL ISLAM', 8, '01631340373', 'test@gmail.com', '741/1, MONIPUR, MIRPUR-2, DHAKA.', '2020-10-28', NULL, '2020-10-22 12:54:38', '2020-10-22 12:54:38'),
(303, 'Jaied', 9, '01872021466', 'test@gmail.com', 'Mohsin Hall, DU', '2020-10-28', NULL, '2020-10-22 13:05:02', '2020-10-22 13:05:02'),
(304, 'Abul Hasan', 9, '01768912651', 'test@gmail.com', 'Bordbazar, National University, Gajipur, Dhaka.', '2020-10-28', NULL, '2020-10-22 13:07:55', '2020-10-22 13:07:55'),
(305, 'Nahidul islam', 14, '01716294372', 'test@gmail.com', 'Jessore', '0001-01-01', NULL, '2020-10-22 13:10:25', '2020-10-22 13:10:25'),
(306, 'Md Shahedujjaman', 9, '01707788429', 'test@gmail.com', 'Farmgate Dhaka', '2020-10-30', NULL, '2020-10-23 11:28:35', '2020-10-23 11:28:35'),
(307, 'Enyet', 15, '01924860101', 'test@gmail.com', 'N/A', '2020-10-24', NULL, '2020-10-24 07:12:18', '2020-10-24 07:12:18'),
(308, 'Sujon Mahmmud', 15, '01775119195', 'test@gmail.com', 'N/A', '2020-10-24', NULL, '2020-10-24 07:16:20', '2020-10-24 07:16:20'),
(309, 'Sohel Uddin', 15, '01852199690', 'test@gmail.com', 'N/A', '0001-01-01', NULL, '2020-10-24 07:17:33', '2020-10-24 07:17:33'),
(310, 'Piyas', 15, '01623301572', 'test@gmail.com', 'N/A', '2020-11-10', NULL, '2020-10-24 07:18:56', '2020-10-24 07:18:56'),
(311, 'Nayon Hossain', 10, '01775272530', 'test@gmail.com', 'N/A', '2020-11-10', NULL, '2020-10-24 07:22:52', '2020-10-24 07:22:52'),
(312, 'Golam Rabbi', 9, '01515209112', 'test@gmail.com', 'N/A', '2020-10-24', NULL, '2020-10-24 07:24:28', '2020-10-24 07:24:28'),
(313, 'rabeya khanom', 8, '01995942650', 'test@gmail.com', 'tongi- gazipur', '2020-11-10', NULL, '2020-10-27 12:36:58', '2020-10-27 12:36:58'),
(314, 'Md Moktadir Bhuiyan', 8, '01827151256', 'test@gmail.com', 'Mirpur 13', '2020-10-28', NULL, '2020-10-27 12:41:12', '2020-10-27 12:41:12'),
(315, 'Liton ahmed', 9, '01737304826', 'test@gmail.com', 'Malibagh dhaka', '2020-11-20', NULL, '2020-10-27 12:50:34', '2020-10-27 12:50:34'),
(316, 'Md Soriful Islam', 8, '01316348373', 'test@gmail.com', '741/1, Monipur', '2020-11-20', NULL, '2020-11-10 13:13:51', '2020-11-10 13:13:51'),
(317, 'Mohammad ahad', 9, '01739338564', 'test@gmail.com', 'Mirpur 14', '2020-11-25', NULL, '2020-11-10 13:21:57', '2020-11-10 13:21:57'),
(318, 'Asraful', 9, '01921615651', 'test@gmail.com', 'N/A', '2020-11-14', NULL, '2020-11-11 07:09:27', '2020-11-11 07:09:27'),
(319, ' ', 8, '01946303957', 'test@gmail.com', 'Tangail', '2020-11-15', 'admitted', '2020-11-11 13:30:17', '2020-11-30 09:21:50'),
(320, 'XYZ', 8, '01404638464', 'test@gmail.com', 'N/A', '2020-11-15', NULL, '2020-11-11 13:31:33', '2020-11-11 13:31:33'),
(321, '', 8, '01863831246', 'test@gmail.com', 'N/A', '2020-11-02', 'admitted', '2020-11-11 13:37:43', '2020-11-11 13:37:51'),
(322, 'Shahina akter', 8, '01773850392', 'test@gmail.com', 'Mirpur 1', '2020-11-16', NULL, '2020-11-13 13:33:24', '2020-11-13 13:33:24'),
(323, 'Mitu rahman', 8, '01310680355', 'test@gmail.com', 'Kazipur', '2020-11-16', NULL, '2020-11-13 13:36:33', '2020-11-13 13:36:33'),
(324, 'MD.YAKUB ALI', 9, '01742363670', 'test@gmail.com', 'Borosonei phulpur Mymensingh', '2020-11-26', NULL, '2020-11-13 13:44:57', '2020-11-13 13:44:57'),
(325, 'Zubayer Rahman', 8, '01728772648', 'test@gmail.com', 'Dhamrai, dhaka', '0001-01-01', NULL, '2020-11-18 13:13:39', '2020-11-18 13:13:39'),
(326, 'PurnoMiah', 8, '01731676277', 'test@gmail.com', 'Gouripu, Mymensingh', '2020-11-21', NULL, '2020-11-18 13:23:00', '2020-11-18 13:23:00'),
(327, 'Md. Humayun Kabir', 8, '01745747181', 'test@gmail.com', 'Gazipur', '2020-11-21', NULL, '2020-11-18 13:26:31', '2020-11-18 13:26:31'),
(328, 'Tania Rahman', 9, '01794509765', 'test@gmail.com', 'Shariatpur', '2020-11-25', NULL, '2020-11-18 13:30:22', '2020-11-18 13:30:22'),
(329, 'Sema Ansari', 9, '01638308088', 'test@gmail.com', 'Section :12,Block:E,Road:8,House:63,Mirpur', '2020-11-21', NULL, '2020-11-18 13:34:35', '2020-11-18 13:34:35'),
(330, 'Emon shak', 8, '01645226820', 'test@gmail.com', 'Dhaka', '2020-12-04', NULL, '2020-11-26 12:50:51', '2020-11-30 11:56:07'),
(331, 'Md Firoz Al Mamun', 8, '01735809147', 'test@gmail.com', 'mirpur-14, dhaka', '2020-12-01', NULL, '2020-11-26 12:54:45', '2020-11-26 12:54:45'),
(332, 'MD JONY HOSSAIN', 8, '01903535639', 'test@gmail.com', 'Savar Dhaka', '2020-12-10', NULL, '2020-11-30 12:03:22', '2020-11-30 12:03:22'),
(333, 'Ashik Razz', 8, '01717032371', 'test@gmail.com', 'n/a', '2021-07-01', NULL, '2020-11-30 12:16:03', '2021-06-02 12:40:11'),
(334, 'Md. Delower Hossain', 9, '01650292717', 'em.delwar@gmail.com', 'House-10, Road-07, block-C, Mirpur-1.', '2021-06-19', NULL, '2021-06-12 13:58:58', '2021-06-18 11:35:37'),
(335, 'Tasnim Mim', 8, '01643721280', 'tasnimmim615@gmail.com', 'Mirpur', '2021-06-22', NULL, '2021-06-14 13:42:49', '2021-06-15 11:06:27');

-- --------------------------------------------------------

--
-- Table structure for table `mentors`
--

CREATE TABLE `mentors` (
  `id` int(10) UNSIGNED NOT NULL,
  `name` varchar(191) NOT NULL,
  `fathers_name` varchar(191) NOT NULL,
  `mothers_name` varchar(191) NOT NULL,
  `phone` varchar(15) NOT NULL,
  `email` varchar(30) NOT NULL,
  `parents_phone` varchar(15) DEFAULT NULL,
  `nid` varchar(25) DEFAULT NULL,
  `present_address` text NOT NULL,
  `permanent_address` text,
  `photo` text,
  `career_objective` longtext,
  `user_id` int(10) UNSIGNED DEFAULT NULL,
  `created_at` timestamp NULL DEFAULT NULL,
  `updated_at` timestamp NULL DEFAULT NULL
) ENGINE=InnoDB DEFAULT CHARSET=utf8;

--
-- Dumping data for table `mentors`
--

INSERT INTO `mentors` (`id`, `name`, `fathers_name`, `mothers_name`, `phone`, `email`, `parents_phone`, `nid`, `present_address`, `permanent_address`, `photo`, `career_objective`, `user_id`, `created_at`, `updated_at`) VALUES
(1, 'MD. Arif', 'MD. Saidul Rahman', 'Most. Arjina begum', '01773940587', 'arif.euitsols@gmail.com', '01774255936', NULL, '<p>23/7 haque Vila, Shenpara parbata Mirpur -10</p>', '<p>Chirirbandar, Dinajpur</p>', 'uploads/images/1582197243_76OESelT_400x400.jpg', '<p>To gain confidence and fame using my potential in the field of Web Design &amp; Development and express my innovative creative skills for self and company growth.</p>', 1, '2020-02-20 10:13:31', '2020-02-20 11:14:03'),
(2, 'MD Arif Hossain', 'MD Tabarak Ali', 'Most Alima Begum', '01738194729', 'arif.skill@gmail.com', '01937970812', NULL, '<p>301/2, Senpara Parbata, Mirpur 10, Dhaka 1216</p>', '<p>Vill: Kamdebpur, P/O: Keranirhat, Ward: 11, Rangpur City Corporation, Rangpur</p>', 'uploads/images/1582194765_78312998_2488391291197400_4906732941469548544_o.jpg', '<p>With experience of half a decade of working as a Graphic and UI/UX Designer I want to work in a professional environment where creativity matters the most. In the process, I want to keep on helping learners who want to build their potential in the field of Graphic Design.</p>', 1, '2020-02-20 10:32:45', '2020-02-20 10:37:26'),
(3, 'Md. Mahafujur Rahman', 'Md. Jamser Ali', 'Monjuma Begum', '01737831156', 'mahfujrahman462@gmail.com', '01737894466', NULL, '<p>H#118, Road#6, Mohammadi Housing Society. Mohammadpur.</p>', '<p>Moujashakhati, Chamtahat, Kaliganj, Lalmonirhat&nbsp;</p>', 'uploads/images/1582361019_mahfuj.jpg', '<p>Between 2014 to 2018, I have been working as a web &amp; software developer at IT firms. Although I am working as a backend developer I also have good experience of frontend development using Bootstrap,JavaScript, jQuery HTML5, CSS3 feature. Customize &amp; development wordpress, theme &amp; plugins and some others tools. I have developed and maintained complex Web and RESTful applications using PHP frameworks (Laravel, Codeigniter) and row PHP.</p>\r\n\r\n<p>I always love working with a technically strong team where I can solve complex problems with a good balance of freedom and responsibility. Able to work under pressure &amp; complete before deadline.</p>', 1, '2020-02-22 08:43:39', '2020-02-22 08:50:43'),
(4, 'Al-Amin', 'MD. Fazlul Haque', 'Most. Ambiya Begum', '01889977951', 'alamin.euitsols@gmail.com', '01780742255', NULL, '<p>Mirpur 10</p>', '<p>Debiganj, Panchagarh</p>', 'uploads/images/1582532420_Untitled-2.jpg', NULL, 1, '2020-02-24 08:20:20', '2020-02-24 08:20:20'),
(5, 'Md. Al-Amin', 'Azizul Haque', 'Anowara Begum', '01738001777', 'alamin.fits@gmail.com', '01770501227', '19957711414000070', '<p>Basila, Mohammadpur, Dhaka-1207</p>', '<p>Vill: Sordarpara, Thana: Atwary, Zilla: Panchagarh, Rangpur</p>', 'uploads/images/1583558936_alamin_vai.png', '<p>Innovative IT professional. Looking for more challenging job in a dynamic and esteemed organization where I will be able to work in any kind of situation and good working environment with full effort to utilize my knowledge, skills and experience for professional&rsquo;s career development and have positive chance to implement creativity.</p>', 1, '2020-03-07 05:02:35', '2020-03-07 05:28:57'),
(6, 'MD. Faruk Ahamed', 'MD. Mizanur Rahman', 'Mst. Ferdoushi Begum', '01796173484', 'faruk.euitsols@gmail.com', '01726401577', '19974915228000219', '<p>23/7 Haque Vila, Shenpara Parbata, Mirpur 10</p>', '<p>Kurigram Sadar</p>', 'uploads/images/1583560044_faruk.jpg', '<p>Innovative IT professional. Looking for more challenging job in a dynamic and esteemed organization where I<br />\r\nwill be able to work in any kind of situation and good working environment with full effort to utilize my<br />\r\nknowledge, skills and experience for professional&rsquo;s career development and have positive chance to implement<br />\r\ncreativity.</p>', 1, '2020-03-07 05:47:24', '2020-03-07 05:48:13'),
(7, 'MD. Al Mamun', 'MD. Ataur Rahman', 'Mst. Mahamuda Begum', '01723682468', 'msarkar.cse@gmail.com', NULL, NULL, '<p>H#812, Evenu 8, Road 11, Mirpur DSS, Dhaka</p>', '<p>Pirgonj, Rangpur</p>', 'uploads/images/1583560881_mamun.jpg', '<p>Hi, I am Al-Mamun Sakar. I have been working as a Software Engineer for 5 years. Mainly I develop web application using PHP language, Laravel and Codeingiter Framework. Beside this I also use Python programming language, Flask and Django framework for development. Programming is not just my profession it&#39;s my love. I love to practice Artificial Intelligence specially Machine learning and Deep learning. Because I want to be a Machine Learning Engineer in future. Please, Keep me in your prayers.</p>', 1, '2020-03-07 06:01:21', '2020-03-07 06:01:37'),
(8, 'Abdullah Al Reza', 'MD. Rezaul Islam', 'MSt. Ronju Are Islam', '01917897919', 'reza.ict@gmail.com', '01721563039', NULL, '<p>Sochid Bari, Uttor Badda, Gulshan</p>', '<p>Arpara, Shalikha,Magura</p>', 'uploads/images/1583562685_reja-vai222.png', '<p>Lead the IT department of the country and work closely with FHF global IT team to provide solution in a participatory approach.<br />\r\nManage end user accounts, permissions, access rights, and storage allocations in accordance with best practices in windows server 2012 r<br />\r\nManage &amp; Monitoring IT service (Auto failover, Bandwidth control, Port forwarding, MAC binding) through Mikrotik Router and Linux Server.</p>', 1, '2020-03-07 06:22:52', '2020-03-07 06:32:18'),
(9, 'ZUMANUR RAHMAN', 'M. M. Zafar Uddin', 'Mrs. Noor Jahan Begam', '01711124911', 'zumanur@gmail.com', NULL, '7334083396', '<p>Flat 5A, House 74/5, Road 4/2, Block B, Section 12, Mirpur, Dhaka 1216</p>', '<p>Permanent Address: House 450/1, Road- Station Road, Jamalpur 2000</p>', 'uploads/images/1583564254_zumanur vai.jpg', '<p>Generally I do Stationery, Branding related designs, Publications, UI/UX designs for the client of Upwork. In the past I attended in some contests of 99designs and freelancer.com and awarded as a winner several times. I am an exclusive author of Graphicriver and shop owner at Creative Market</p>', 1, '2020-03-07 06:57:34', '2020-03-07 06:57:59'),
(10, 'K. M. Saddam Hossain', 'Abdul Hamid Khan', 'Mst. Parvin Khatun', '01718170799', 'saddam1700@gmail.com', NULL, NULL, '<p>Dhaka</p>', '<p>B,Baria(Purbopara),&nbsp; Kalidashganti,&nbsp; Raigonj,&nbsp; Sirajgonj</p>', 'uploads/images/1583583618_Screenshot_1.png', '<p>Seeking challenging career in Information Technology sector to get a position of responsibility, using my skills efficiency to communicate my ideas and views and commit myself for achieving organization objectives with the team effort and my positive attitude and performance. I can use my capabilities through sincerely dedication and hard work to move up the graph of the Organization.</p>', 1, '2020-03-07 12:20:18', '2020-03-07 12:20:37');

-- --------------------------------------------------------

--
-- Table structure for table `mentor_education`
--

CREATE TABLE `mentor_education` (
  `id` int(10) UNSIGNED NOT NULL,
  `exam_title` text NOT NULL,
  `major` text,
  `institute` text,
  `result` text,
  `passing_year` varchar(10) DEFAULT NULL,
  `duration` varchar(10) NOT NULL,
  `mentor_id` int(10) UNSIGNED NOT NULL,
  `created_at` timestamp NULL DEFAULT NULL,
  `updated_at` timestamp NULL DEFAULT NULL
) ENGINE=InnoDB DEFAULT CHARSET=utf8;

--
-- Dumping data for table `mentor_education`
--

INSERT INTO `mentor_education` (`id`, `exam_title`, `major`, `institute`, `result`, `passing_year`, `duration`, `mentor_id`, `created_at`, `updated_at`) VALUES
(1, 'BSc in Computer Science and Engineering', 'Computer Science', 'Daffodil International University', '3.71 (Out of 4)', '2017', '4', 2, '2020-02-20 10:39:25', '2020-02-20 10:39:25'),
(2, 'Diploma in Engineering', 'Computer Engineering', 'Rangpur Polytechnic Institute', '3.36 (Out of 4)', '2013', '4', 2, '2020-02-20 10:39:25', '2020-02-20 10:39:25'),
(3, 'BSC in Computer Science and Engineering', 'Computer Science & Engineering', 'World University of Bangladesh', 'Appeared', '2020', '3', 1, '2020-02-20 10:53:34', '2020-02-20 11:14:29'),
(5, 'Diploma in Engineering', 'Computer Science', 'Rangpur Polytechnic Institute', 'CGPA 3.71', '2016', '4', 1, '2020-02-20 10:54:19', '2020-02-20 10:54:19'),
(6, 'BSc in CSE', 'Computer Programming', 'Bangladesh University', '3.74', '2018', '3.5years', 5, '2020-03-07 05:04:22', '2020-03-07 05:04:22'),
(7, 'Diploma in Engineering', 'Computer Engineering', 'Thakurgaon Polytechnic Institute', '3.19', '2017', '4 years', 6, '2020-03-07 05:49:06', '2020-03-07 05:49:06'),
(8, 'Bachelor of Science', 'Computer Science', 'Daffodil International University', '3.89', '2018', '4 years', 7, '2020-03-07 06:02:49', '2020-03-07 06:02:49'),
(9, 'Master of Science in Computer Science', 'Computer Science & Engineering', 'Jahangirnagar University', '3.47', '2013', '2 years', 8, '2020-03-07 06:26:47', '2020-03-07 06:26:47'),
(10, 'Department of Information & Telecommunication Engineering', 'Telecommunication Engineering', 'Darul Ihsan University', '3.58', '2008', '4 years', 8, '2020-03-07 06:26:47', '2020-03-07 06:26:47'),
(11, 'B.Sc in CSE', 'Computer Science', 'Dhaka International University', '3.87', '2014', '4 years', 9, '2020-03-07 07:00:31', '2020-03-07 07:00:31'),
(12, 'Diploma in Civil Engg', 'Civil', 'Dhaka Polytechnic Institute', '3.43', '2004', '4 years', 9, '2020-03-07 07:00:31', '2020-03-07 07:00:31'),
(13, 'Master of Science in Information Technology', 'Master of Science in Information Technology', 'Jahangirnagar University', '3.61', '2015', '4 years', 10, '2020-03-07 12:22:34', '2020-03-07 12:22:34');

-- --------------------------------------------------------

--
-- Table structure for table `mentor_employment_histories`
--

CREATE TABLE `mentor_employment_histories` (
  `id` int(10) UNSIGNED NOT NULL,
  `office_name` text NOT NULL,
  `address` text NOT NULL,
  `designation` text NOT NULL,
  `responsibility` text NOT NULL,
  `from` date DEFAULT NULL,
  `to` date DEFAULT NULL,
  `mentor_id` int(10) UNSIGNED NOT NULL,
  `created_at` timestamp NULL DEFAULT NULL,
  `updated_at` timestamp NULL DEFAULT NULL
) ENGINE=InnoDB DEFAULT CHARSET=utf8;

--
-- Dumping data for table `mentor_employment_histories`
--

INSERT INTO `mentor_employment_histories` (`id`, `office_name`, `address`, `designation`, `responsibility`, `from`, `to`, `mentor_id`, `created_at`, `updated_at`) VALUES
(1, 'Upwork', 'USA', 'Creative Graphic Designer', 'Design creative contents for client from all over the globe.', '2012-01-05', '2020-02-20', 2, '2020-02-20 10:42:09', '2020-02-20 10:42:09'),
(2, 'European IT Solutions', 'Noor Mansion (3rd Floor), Plot#04, Main Road#01, Mirpur-10, Dhaka-1216, Bangladesh.', 'Sr. Web Developer & Programmer', 'Team Leading, Ongoing design and maintenance of new and existing websites, Provide guidance to other team members on web development issues.', '2016-12-15', '2020-02-20', 1, '2020-02-20 11:06:39', '2020-02-20 11:06:39'),
(3, 'Technobd Web Solutions Pvt. Ltd.', 'Karwan Bazar, Dhaka', 'Sr. Software Engineer', 'Android application development.', '2017-08-16', NULL, 5, '2020-03-07 05:06:05', '2020-03-07 05:06:05'),
(4, 'European IT Solutions', 'Noor Mansion (3rd Floor), Plot#04, Main Road#01, Mirpur-10, Dhaka-1216, Bangladesh.', 'Sr. Web Developer', 'Web Developer', '2017-07-01', NULL, 6, '2020-03-07 05:50:55', '2020-03-07 05:50:55'),
(5, 'weDevs', 'Mirpur DOHS', 'Software Engineer', 'Design Database Entity Relationship Diagram (ERD)', '2018-11-01', NULL, 7, '2020-03-07 06:06:06', '2020-03-07 06:06:06'),
(6, 'The Fred Hollows Foundation', 'H#60, R#8, Niketon, Gulshan-1', 'IT Manager', 'Lead the IT department of the country and work closely with FHF global IT team to provide solution in a participatory approach.', '2012-01-01', NULL, 8, '2020-03-07 06:29:44', '2020-03-07 06:29:44'),
(7, 'Daffodil International Academy', 'Panthapoth, Dhaka', 'Chief Designer', 'Chief Designer', '2014-08-01', NULL, 9, '2020-03-07 08:27:00', '2020-03-07 08:27:00'),
(8, 'Tritiyo Limited', 'Dhaka', 'Sr. Software Engineer', 'Software Engineer/Web Developer', '2016-01-01', NULL, 10, '2020-03-07 12:25:08', '2020-03-07 12:25:08');

-- --------------------------------------------------------

--
-- Table structure for table `mentor_payments`
--

CREATE TABLE `mentor_payments` (
  `id` int(10) UNSIGNED NOT NULL,
  `amount` decimal(10,2) NOT NULL,
  `mentor_payment_info_id` int(10) UNSIGNED NOT NULL,
  `user_id` int(10) UNSIGNED NOT NULL,
  `created_at` timestamp NULL DEFAULT NULL,
  `updated_at` timestamp NULL DEFAULT NULL
) ENGINE=InnoDB DEFAULT CHARSET=utf8;

--
-- Dumping data for table `mentor_payments`
--

INSERT INTO `mentor_payments` (`id`, `amount`, `mentor_payment_info_id`, `user_id`, `created_at`, `updated_at`) VALUES
(1, 5000.00, 3, 1, '2020-03-07 09:02:01', '2020-03-07 09:02:01'),
(2, 5000.00, 4, 1, '2020-03-07 09:02:55', '2020-03-07 09:02:55'),
(3, 5000.00, 5, 1, '2020-03-07 09:03:09', '2020-03-07 09:03:09'),
(4, 5000.00, 6, 1, '2020-03-07 09:03:23', '2020-03-07 09:03:23'),
(5, 7500.00, 2, 1, '2020-03-11 07:04:49', '2020-03-11 07:04:49'),
(6, 7500.00, 12, 1, '2020-03-11 07:05:35', '2020-03-11 07:05:35'),
(7, 5000.00, 3, 1, '2020-03-19 11:40:34', '2020-03-19 11:40:34'),
(8, 5000.00, 4, 1, '2020-03-19 11:41:13', '2020-03-19 11:41:13'),
(9, 5000.00, 5, 1, '2020-03-19 11:41:34', '2020-03-19 11:41:34'),
(10, 5000.00, 6, 1, '2020-03-19 11:41:54', '2020-03-19 11:41:54'),
(11, 12000.00, 1, 1, '2020-03-19 11:43:36', '2020-03-19 11:43:36'),
(12, 10000.00, 10, 1, '2020-03-19 11:45:01', '2020-03-19 11:45:01'),
(13, 7000.00, 13, 1, '2020-03-19 11:45:41', '2020-03-19 11:45:41'),
(14, 10000.00, 8, 1, '2020-03-19 11:46:32', '2020-03-19 11:46:32'),
(15, 10000.00, 9, 1, '2020-03-19 11:46:44', '2020-03-19 11:46:44'),
(16, 14100.00, 2, 1, '2020-07-13 07:01:23', '2020-07-13 07:01:23'),
(17, 15000.00, 1, 1, '2020-07-20 08:01:03', '2020-07-20 08:01:03'),
(18, 5000.00, 3, 1, '2020-07-20 08:13:04', '2020-07-20 08:13:04'),
(19, 5000.00, 4, 1, '2020-07-20 08:13:18', '2020-07-20 08:13:18'),
(20, 5000.00, 5, 1, '2020-07-20 08:13:29', '2020-07-20 08:13:29'),
(21, 5000.00, 6, 1, '2020-07-20 08:13:38', '2020-07-20 08:13:38'),
(22, 15000.00, 10, 1, '2020-07-27 13:14:37', '2020-07-27 13:14:37'),
(23, 7500.00, 8, 1, '2020-07-27 13:15:06', '2020-07-27 13:15:06'),
(24, 7500.00, 9, 1, '2020-07-27 13:15:11', '2020-07-27 13:15:11'),
(25, 5400.00, 1, 1, '2020-09-19 14:31:56', '2020-09-19 14:31:56'),
(26, 1200.00, 3, 1, '2020-09-19 14:32:38', '2020-09-19 14:32:38'),
(27, 1200.00, 4, 1, '2020-09-19 14:32:48', '2020-09-19 14:32:48'),
(28, 1200.00, 5, 1, '2020-09-19 14:32:52', '2020-09-19 14:32:52'),
(29, 1200.00, 6, 1, '2020-09-19 14:32:56', '2020-09-19 14:32:56'),
(30, 3800.00, 10, 1, '2020-09-19 14:33:27', '2020-09-19 14:33:27'),
(31, 11700.00, 12, 7, '2020-10-16 15:13:11', '2020-10-16 15:13:11');

-- --------------------------------------------------------

--
-- Table structure for table `mentor_payment_infos`
--

CREATE TABLE `mentor_payment_infos` (
  `id` int(10) UNSIGNED NOT NULL,
  `mentor_id` int(10) UNSIGNED NOT NULL,
  `mentor_name` varchar(255) DEFAULT NULL,
  `mentor_phone` varchar(255) DEFAULT NULL,
  `email` varchar(255) DEFAULT NULL,
  `course_id` int(10) UNSIGNED NOT NULL,
  `batch_id` int(10) UNSIGNED NOT NULL,
  `year` year(4) NOT NULL,
  `total_class` int(11) DEFAULT NULL,
  `per_class_payment` decimal(10,2) DEFAULT NULL,
  `batch_wise_payment` decimal(10,2) DEFAULT NULL,
  `created_at` timestamp NULL DEFAULT NULL,
  `updated_at` timestamp NULL DEFAULT NULL
) ENGINE=InnoDB DEFAULT CHARSET=utf8;

--
-- Dumping data for table `mentor_payment_infos`
--

INSERT INTO `mentor_payment_infos` (`id`, `mentor_id`, `mentor_name`, `mentor_phone`, `email`, `course_id`, `batch_id`, `year`, `total_class`, `per_class_payment`, `batch_wise_payment`, `created_at`, `updated_at`) VALUES
(1, 5, 'Md. Al-Amin', '01738001777', 'alamin.fits@gmail.com', 7, 15, 2020, 36, 900.00, NULL, '2020-03-07 05:15:10', '2020-03-07 08:58:56'),
(2, 3, 'Md. Mahafujur Rahman', '01737831156', 'mahfujrahman462@gmail.com', 2, 9, 2020, 36, 600.00, NULL, '2020-03-07 05:17:11', '2020-03-07 05:17:11'),
(3, 2, 'MD Arif Hossain', '01738194729', 'arif.skill@gmail.com', 5, 1, 2020, 27, 600.00, NULL, '2020-03-07 05:19:42', '2020-07-20 08:11:15'),
(4, 2, 'MD Arif Hossain', '01738194729', 'arif.skill@gmail.com', 5, 2, 2020, 27, 600.00, NULL, '2020-03-07 05:19:58', '2020-07-20 08:11:26'),
(5, 2, 'MD Arif Hossain', '01738194729', 'arif.skill@gmail.com', 5, 3, 2020, 27, 600.00, NULL, '2020-03-07 05:20:16', '2020-07-20 08:11:39'),
(6, 2, 'MD Arif Hossain', '01738194729', 'arif.skill@gmail.com', 5, 4, 2020, 27, 600.00, NULL, '2020-03-07 05:20:31', '2020-07-20 08:11:50'),
(7, 9, 'ZUMANUR RAHMAN', '01711124911', 'zumanur@gmail.com', 8, 22, 2020, 32, 1000.00, NULL, '2020-03-07 08:53:22', '2020-03-07 08:53:22'),
(8, 8, 'Abdullah Al Reza', '01917897919', 'reza.ict@gmail.com', 6, 16, 2020, 36, 800.00, NULL, '2020-03-07 08:54:59', '2020-03-07 08:54:59'),
(9, 8, 'Abdullah Al Reza', '01917897919', 'reza.ict@gmail.com', 6, 21, 2020, 36, 800.00, NULL, '2020-03-07 08:55:23', '2020-03-07 08:55:23'),
(10, 7, 'MD. Al Mamun', '01723682468', 'msarkar.cse@gmail.com', 3, 17, 2020, 36, 800.00, NULL, '2020-03-07 08:57:07', '2020-03-07 08:57:07'),
(11, 6, 'MD. Faruk Ahamed', '01796173484', 'faruk.euitsols@gmail.com', 9, 28, 2020, 32, 0.00, NULL, '2020-03-07 08:57:38', '2020-03-07 08:57:38'),
(12, 3, 'Md. Mahafujur Rahman', '01737831156', 'mahfujrahman462@gmail.com', 9, 23, 2020, 32, 600.00, NULL, '2020-03-07 09:01:02', '2020-03-07 09:01:02'),
(13, 10, 'K. M. Saddam Hossain', '01718170799', 'saddam1700@gmail.com', 1, 20, 2020, 36, 600.00, NULL, '2020-03-11 05:51:06', '2020-03-11 05:51:06');

-- --------------------------------------------------------

--
-- Table structure for table `mentor_specializations`
--

CREATE TABLE `mentor_specializations` (
  `id` int(10) UNSIGNED NOT NULL,
  `field_title` varchar(191) NOT NULL,
  `description` text,
  `mentor_id` int(10) UNSIGNED NOT NULL,
  `created_at` timestamp NULL DEFAULT NULL,
  `updated_at` timestamp NULL DEFAULT NULL
) ENGINE=InnoDB DEFAULT CHARSET=utf8;

--
-- Dumping data for table `mentor_specializations`
--

INSERT INTO `mentor_specializations` (`id`, `field_title`, `description`, `mentor_id`, `created_at`, `updated_at`) VALUES
(1, 'Graphic Design, UI/UX, Prototyping, Web Design', NULL, 2, '2020-02-20 10:40:04', '2020-02-20 10:40:04'),
(2, 'Web Design & Development', '3+ years work experience in the field of web development, Expertise in front end development technologies including JavaScript, jQuery advanced HTML, CSS, and BOOTSTRAP.', 1, '2020-02-20 10:56:15', '2020-02-20 11:17:50'),
(3, 'WordPress Theme development & Customization', 'Experience of working on different web platforms such as WordPress, Square-space And many others, Ability to coordinate and work with team members on the application Development projects.', 1, '2020-02-20 10:56:15', '2020-02-20 11:16:54'),
(4, 'Android Development', 'Mobile application development.', 5, '2020-03-07 05:04:43', '2020-03-07 05:04:43'),
(5, 'Web Developer', 'Web Development', 6, '2020-03-07 05:49:31', '2020-03-07 05:49:31'),
(6, 'Software Engineer', 'Analyze System and Design According to Requirement. Design Mockup Based on Analysis. Design Database Entity Relationship Diagram (ERD). Create RESTFull API for Backend. Develop Single Page Application (SPA) Utilized: PHP, Laravel, Lumen, SQL, MySQL, NoSQL, MongoDB, VueJs, Ant-Design, Nginx.', 7, '2020-03-07 06:04:31', '2020-03-07 06:04:31'),
(7, 'IT Manager', 'Lead the IT department of the country and work closely with FHF global IT team to provide solution in a participatory approach.', 8, '2020-03-07 06:27:48', '2020-03-07 06:27:48'),
(8, 'Graphic Designer', 'Freelance Graphic Designer', 9, '2020-03-07 07:01:28', '2020-03-07 07:01:28'),
(9, 'Sr. Software Engineer', 'Sr. Software Engineer', 10, '2020-03-07 12:23:22', '2020-03-07 12:23:22');

-- --------------------------------------------------------

--
-- Table structure for table `messages`
--

CREATE TABLE `messages` (
  `id` int(10) UNSIGNED NOT NULL,
  `promotion_type_id` int(11) NOT NULL,
  `message` longtext NOT NULL,
  `user_id` int(10) UNSIGNED NOT NULL,
  `created_at` timestamp NULL DEFAULT NULL,
  `updated_at` timestamp NULL DEFAULT NULL
) ENGINE=InnoDB DEFAULT CHARSET=latin1;

-- --------------------------------------------------------

--
-- Table structure for table `migrations`
--

CREATE TABLE `migrations` (
  `id` int(10) UNSIGNED NOT NULL,
  `migration` varchar(255) NOT NULL,
  `batch` int(11) NOT NULL
) ENGINE=InnoDB DEFAULT CHARSET=utf8;

--
-- Dumping data for table `migrations`
--

INSERT INTO `migrations` (`id`, `migration`, `batch`) VALUES
(1, '2014_10_12_000000_create_users_table', 1),
(2, '2019_08_27_135245_create_course_types_table', 1),
(3, '2019_08_27_135250_create_courses_table', 1),
(4, '2019_08_27_142329_create_mentors_table', 1),
(5, '2019_08_27_143420_create_institutes_table', 1),
(6, '2019_08_28_112407_create_batches_table', 1),
(7, '2019_08_29_143812_create_students_table', 1),
(8, '2019_08_30_063608_create_accounts_table', 1),
(9, '2019_08_30_132933_create_payments_table', 1),
(10, '2019_09_26_120112_create_teachers_table', 1),
(11, '2019_09_27_105232_create_installment_dates_table', 1),
(12, '2019_10_19_104440_create_teacher_phones_table', 1),
(13, '2019_10_19_104452_create_teacher_emails_table', 1),
(14, '2019_10_25_110602_create_course_student_table', 1),
(15, '2019_10_26_100546_create_batch_student_table', 1),
(16, '2019_12_18_064807_create_mentor_education_table', 1),
(17, '2019_12_18_064914_create_mentor_employment_histories_table', 1),
(18, '2019_12_18_065003_create_mentor_specializations_table', 1),
(19, '2019_12_29_125742_create_course_migrations_table', 1),
(20, '2020_01_12_071653_create_course_mentor_table', 1),
(21, '2020_01_14_095627_create_teacher_payment_infos_table', 1),
(22, '2020_01_15_091920_create_teacher_payments_table', 1),
(23, '2020_01_16_061426_create_mentor_payment_infos_table', 1),
(24, '2020_01_18_042850_create_mentor_payments_table', 1),
(25, '2020_01_18_104928_create_batch_mentor_table', 1);

-- --------------------------------------------------------

--
-- Table structure for table `online_registration`
--

CREATE TABLE `online_registration` (
  `id` int(11) NOT NULL,
  `reg_no` varchar(255) NOT NULL,
  `name` varchar(191) NOT NULL,
  `fathers_name` varchar(191) NOT NULL,
  `mothers_name` varchar(191) NOT NULL,
  `photo` text,
  `present_address` varchar(255) NOT NULL,
  `permanent_address` varchar(255) NOT NULL,
  `dob` date NOT NULL,
  `gender` varchar(255) NOT NULL,
  `phone` varchar(20) NOT NULL,
  `parents_phone` varchar(20) DEFAULT NULL,
  `email` varchar(100) DEFAULT NULL,
  `nationality` varchar(100) DEFAULT NULL,
  `nid` varchar(255) NOT NULL,
  `birth` varchar(255) NOT NULL,
  `blood_group` varchar(20) DEFAULT NULL,
  `emergency_contact_name` varchar(255) DEFAULT NULL,
  `emergency_contact_relation` varchar(50) DEFAULT NULL,
  `emergency_contact_address` varchar(255) DEFAULT NULL,
  `emergency_contact_phone` varchar(20) DEFAULT NULL,
  `student_as` varchar(20) NOT NULL,
  `district` varchar(50) DEFAULT NULL,
  `year` year(4) NOT NULL,
  `note` longtext,
  `course_id` int(10) UNSIGNED DEFAULT NULL,
  `created_at` timestamp NULL DEFAULT CURRENT_TIMESTAMP,
  `updated_at` timestamp NULL DEFAULT CURRENT_TIMESTAMP
) ENGINE=InnoDB DEFAULT CHARSET=latin1;

--
-- Dumping data for table `online_registration`
--

INSERT INTO `online_registration` (`id`, `reg_no`, `name`, `fathers_name`, `mothers_name`, `photo`, `present_address`, `permanent_address`, `dob`, `gender`, `phone`, `parents_phone`, `email`, `nationality`, `nid`, `birth`, `blood_group`, `emergency_contact_name`, `emergency_contact_relation`, `emergency_contact_address`, `emergency_contact_phone`, `student_as`, `district`, `year`, `note`, `course_id`, `created_at`, `updated_at`) VALUES
(21, '01', 'Md. Mamun Ur Rasid', 'Md. Abul Kalam Azad', 'Begum Monoara Azad', NULL, 'Dhaka', 'Kurigram', '2021-06-01', 'male', '01717221398', NULL, NULL, NULL, '112233665544', '00112233665544', NULL, NULL, NULL, NULL, NULL, 'Professional', 'Dhaka', 2021, NULL, 8, '2021-06-02 13:16:10', '2021-06-02 13:25:33'),
(22, '02', 'MD Abdul Aziz', 'ghjghj', 'chdfhdfh', NULL, 'Kurigram', 'kurigram sador', '2021-06-06', 'male', '01776978991', NULL, 'abdulaziz0170934@gmail.com', NULL, '8704992901', '54756756756756', NULL, NULL, NULL, NULL, NULL, 'Professional', 'kfghfghfg', 2021, NULL, 13, '2021-06-06 08:44:24', '2021-06-06 08:45:01');

-- --------------------------------------------------------

--
-- Table structure for table `payments`
--

CREATE TABLE `payments` (
  `id` int(10) UNSIGNED NOT NULL,
  `account_id` int(10) UNSIGNED NOT NULL,
  `amount` decimal(8,2) NOT NULL,
  `user_id` int(10) UNSIGNED DEFAULT NULL,
  `created_at` timestamp NULL DEFAULT NULL,
  `updated_at` timestamp NULL DEFAULT NULL
) ENGINE=InnoDB DEFAULT CHARSET=utf8;

--
-- Dumping data for table `payments`
--

INSERT INTO `payments` (`id`, `account_id`, `amount`, `user_id`, `created_at`, `updated_at`) VALUES
(2, 2, 4000.00, 3, '2020-01-27 17:35:38', '2020-01-27 17:35:38'),
(3, 3, 4000.00, 1, '2020-01-27 17:37:35', '2020-01-27 17:37:35'),
(9, 9, 3000.00, 3, '2020-01-28 15:53:45', '2020-01-28 15:53:45'),
(10, 10, 4000.00, 3, '2020-01-29 11:39:55', '2020-01-29 11:39:55'),
(11, 11, 3000.00, 3, '2020-01-29 13:51:15', '2020-01-29 13:51:15'),
(12, 12, 3000.00, 3, '2020-01-29 14:04:58', '2020-01-29 14:04:58'),
(14, 14, 4000.00, 3, '2020-01-30 11:12:21', '2020-01-30 11:12:21'),
(17, 17, 4000.00, 3, '2020-01-30 11:42:12', '2020-01-30 11:42:12'),
(18, 18, 2000.00, 3, '2020-01-30 13:17:16', '2020-01-30 13:17:16'),
(19, 19, 4000.00, 1, '2020-01-30 13:19:00', '2020-01-30 13:19:00'),
(22, 22, 4000.00, 1, '2020-01-30 13:32:12', '2020-01-30 13:32:12'),
(26, 26, 4000.00, 1, '2020-01-30 13:43:25', '2020-01-30 13:43:25'),
(29, 29, 4000.00, 1, '2020-01-30 15:16:06', '2020-01-30 15:16:06'),
(31, 31, 4000.00, 1, '2020-01-31 11:23:58', '2020-01-31 11:23:58'),
(33, 33, 4000.00, 3, '2020-01-31 11:42:50', '2020-01-31 11:42:50'),
(34, 34, 4000.00, 3, '2020-01-31 12:10:47', '2020-01-31 12:10:47'),
(36, 36, 4000.00, 1, '2020-01-31 12:26:12', '2020-01-31 12:26:12'),
(37, 37, 4000.00, 3, '2020-01-31 12:31:12', '2020-01-31 12:31:12'),
(39, 39, 4000.00, 3, '2020-01-31 16:32:41', '2020-01-31 16:32:41'),
(40, 40, 4000.00, 3, '2020-01-31 17:13:11', '2020-01-31 17:13:11'),
(41, 41, 4000.00, 1, '2020-01-31 17:14:43', '2020-01-31 17:14:43'),
(42, 42, 4000.00, 1, '2020-01-31 17:27:25', '2020-01-31 17:27:25'),
(43, 43, 4000.00, 3, '2020-01-31 17:28:55', '2020-01-31 17:28:55'),
(44, 44, 4000.00, 1, '2020-01-31 17:40:03', '2020-01-31 17:40:03'),
(45, 45, 4000.00, 3, '2020-01-31 17:43:18', '2020-01-31 17:43:18'),
(46, 46, 4000.00, 1, '2020-01-31 17:50:43', '2020-01-31 17:50:43'),
(47, 47, 4000.00, 3, '2020-01-31 17:55:38', '2020-01-31 17:55:38'),
(48, 48, 4000.00, 1, '2020-01-31 17:57:10', '2020-01-31 17:57:10'),
(49, 49, 4000.00, 1, '2020-01-31 18:07:48', '2020-01-31 18:07:48'),
(50, 50, 4000.00, 3, '2020-01-31 18:13:14', '2020-01-31 18:13:14'),
(51, 51, 4000.00, 1, '2020-01-31 18:18:11', '2020-01-31 18:18:11'),
(52, 52, 4000.00, 3, '2020-01-31 18:25:34', '2020-01-31 18:25:34'),
(53, 53, 4000.00, 1, '2020-01-31 18:25:43', '2020-01-31 18:25:43'),
(54, 54, 4000.00, 3, '2020-01-31 18:33:54', '2020-01-31 18:33:54'),
(55, 55, 4000.00, 1, '2020-01-31 18:41:47', '2020-01-31 18:41:47'),
(56, 56, 4000.00, 1, '2020-01-31 18:55:23', '2020-01-31 18:55:23'),
(57, 57, 4000.00, 3, '2020-01-31 18:59:19', '2020-01-31 18:59:19'),
(58, 58, 4000.00, 3, '2020-01-31 19:13:11', '2020-01-31 19:13:11'),
(59, 59, 4000.00, 1, '2020-01-31 19:13:58', '2020-01-31 19:13:58'),
(60, 60, 4000.00, 1, '2020-01-31 19:24:11', '2020-01-31 19:24:11'),
(61, 61, 4000.00, 3, '2020-01-31 19:26:43', '2020-01-31 19:26:43'),
(62, 62, 4000.00, 1, '2020-01-31 19:35:37', '2020-01-31 19:35:37'),
(64, 64, 4000.00, 1, '2020-01-31 19:44:16', '2020-01-31 19:44:16'),
(65, 65, 4000.00, 1, '2020-01-31 19:57:06', '2020-01-31 19:57:06'),
(68, 68, 4000.00, 3, '2020-02-02 08:46:01', '2020-02-02 08:46:01'),
(72, 72, 4000.00, 3, '2020-02-02 10:32:55', '2020-02-02 10:32:55'),
(76, 76, 4000.00, 3, '2020-02-02 10:49:32', '2020-02-02 10:49:32'),
(82, 82, 4000.00, 1, '2020-02-02 11:03:10', '2020-02-02 11:03:10'),
(83, 83, 4000.00, 3, '2020-02-02 11:03:59', '2020-02-02 11:03:59'),
(86, 86, 4000.00, 1, '2020-02-02 11:20:19', '2020-02-02 11:20:19'),
(89, 89, 4000.00, 1, '2020-02-02 11:29:18', '2020-02-02 11:29:18'),
(103, 103, 4000.00, 1, '2020-02-02 12:17:01', '2020-02-02 12:17:01'),
(110, 110, 4000.00, 3, '2020-02-02 12:37:59', '2020-02-02 12:37:59'),
(111, 111, 4000.00, 1, '2020-02-02 12:38:56', '2020-02-02 12:38:56'),
(114, 114, 4000.00, 3, '2020-02-02 12:42:57', '2020-02-02 12:42:57'),
(115, 115, 4000.00, 1, '2020-02-02 12:49:10', '2020-02-02 12:49:10'),
(117, 117, 4000.00, 3, '2020-02-02 13:16:04', '2020-02-02 13:16:04'),
(119, 119, 4000.00, 3, '2020-02-02 13:53:27', '2020-02-02 13:53:27'),
(121, 121, 4000.00, 1, '2020-02-02 13:56:37', '2020-02-02 13:56:37'),
(123, 123, 4000.00, 1, '2020-02-02 14:06:21', '2020-02-02 14:06:21'),
(128, 128, 4000.00, 1, '2020-02-02 14:45:34', '2020-02-02 14:45:34'),
(130, 130, 4000.00, 1, '2020-02-02 14:53:02', '2020-02-02 14:53:02'),
(133, 133, 4000.00, 3, '2020-02-02 14:59:41', '2020-02-02 14:59:41'),
(134, 134, 4000.00, 1, '2020-02-02 15:01:46', '2020-02-02 15:01:46'),
(135, 135, 4000.00, 1, '2020-02-02 15:09:19', '2020-02-02 15:09:19'),
(137, 137, 4000.00, 3, '2020-02-02 15:14:44', '2020-02-02 15:14:44'),
(138, 138, 4000.00, 1, '2020-02-02 15:17:19', '2020-02-02 15:17:19'),
(141, 141, 4000.00, 1, '2020-02-02 15:27:13', '2020-02-02 15:27:13'),
(142, 142, 4000.00, 3, '2020-02-02 15:27:16', '2020-02-02 15:27:16'),
(144, 144, 4000.00, 1, '2020-02-02 15:33:10', '2020-02-02 15:33:10'),
(151, 151, 3000.00, 1, '2020-02-02 16:18:20', '2020-02-02 16:18:20'),
(155, 155, 4000.00, 3, '2020-02-02 16:27:40', '2020-02-02 16:27:40'),
(156, 156, 4000.00, 1, '2020-02-02 16:30:23', '2020-02-02 16:30:23'),
(161, 161, 5000.00, 1, '2020-02-02 16:40:09', '2020-02-02 16:40:09'),
(164, 164, 4000.00, 3, '2020-02-02 16:43:36', '2020-02-02 16:43:36'),
(169, 169, 4000.00, 1, '2020-02-02 16:50:20', '2020-02-02 16:50:20'),
(171, 171, 4000.00, 3, '2020-02-02 16:59:56', '2020-02-02 16:59:56'),
(174, 174, 4000.00, 1, '2020-02-02 17:06:17', '2020-02-02 17:06:17'),
(178, 178, 4000.00, 3, '2020-02-02 17:23:18', '2020-02-02 17:23:18'),
(180, 180, 4000.00, 1, '2020-02-02 17:34:58', '2020-02-02 17:34:58'),
(181, 181, 4000.00, 3, '2020-02-02 17:36:57', '2020-02-02 17:36:57'),
(183, 183, 4000.00, 1, '2020-02-02 17:43:44', '2020-02-02 17:43:44'),
(184, 184, 4000.00, 3, '2020-02-02 17:51:26', '2020-02-02 17:51:26'),
(195, 195, 4000.00, 3, '2020-02-02 19:34:26', '2020-02-02 19:34:26'),
(196, 196, 4000.00, 1, '2020-02-02 20:05:19', '2020-02-02 20:05:19'),
(197, 197, 4000.00, 1, '2020-02-02 20:17:07', '2020-02-02 20:17:07'),
(200, 200, 4000.00, 3, '2020-02-02 20:19:39', '2020-02-02 20:19:39'),
(202, 202, 4000.00, 3, '2020-02-02 20:32:15', '2020-02-02 20:32:15'),
(205, 205, 4000.00, 1, '2020-02-03 09:23:34', '2020-02-03 09:23:34'),
(206, 206, 4000.00, 1, '2020-02-03 09:35:41', '2020-02-03 09:35:41'),
(210, 210, 4000.00, 1, '2020-02-03 09:58:59', '2020-02-03 09:58:59'),
(212, 212, 4000.00, 1, '2020-02-03 10:07:43', '2020-02-03 10:07:43'),
(214, 214, 8000.00, 3, '2020-02-03 10:16:06', '2020-02-03 10:16:06'),
(215, 215, 4000.00, 1, '2020-02-03 10:21:17', '2020-02-03 10:21:17'),
(216, 216, 4000.00, 3, '2020-02-03 10:29:53', '2020-02-03 10:29:53'),
(219, 219, 4000.00, 1, '2020-02-03 10:30:57', '2020-02-03 10:30:57'),
(222, 222, 4000.00, 3, '2020-02-03 10:43:00', '2020-02-03 10:43:00'),
(224, 224, 4000.00, 3, '2020-02-03 11:01:24', '2020-02-03 11:01:24'),
(233, 233, 4000.00, 3, '2020-02-03 11:46:03', '2020-02-03 11:46:03'),
(237, 237, 4000.00, 3, '2020-02-03 11:56:30', '2020-02-03 11:56:30'),
(239, 239, 6000.00, 3, '2020-02-03 12:10:34', '2020-02-03 12:10:34'),
(245, 245, 4000.00, 1, '2020-02-03 12:53:38', '2020-02-03 12:53:38'),
(247, 247, 4000.00, 3, '2020-02-03 14:48:04', '2020-02-03 14:48:04'),
(250, 250, 4000.00, 3, '2020-02-03 14:58:36', '2020-02-03 14:58:36'),
(252, 252, 4000.00, 3, '2020-02-03 15:09:10', '2020-02-03 15:09:10'),
(256, 256, 4000.00, 3, '2020-02-03 15:19:45', '2020-02-03 15:19:45'),
(259, 259, 4000.00, 3, '2020-02-03 16:24:40', '2020-02-03 16:24:40'),
(260, 260, 4000.00, 3, '2020-02-03 16:36:59', '2020-02-03 16:36:59'),
(264, 264, 4000.00, 3, '2020-02-03 17:34:48', '2020-02-03 17:34:48'),
(265, 265, 4000.00, 3, '2020-02-03 17:56:36', '2020-02-03 17:56:36'),
(275, 274, 4000.00, 3, '2020-02-04 10:09:53', '2020-02-04 10:09:53'),
(278, 277, 4000.00, 3, '2020-02-04 10:50:06', '2020-02-04 10:50:06'),
(281, 280, 4000.00, 1, '2020-02-04 10:57:29', '2020-02-04 10:57:29'),
(282, 281, 3500.00, 3, '2020-02-04 11:02:22', '2020-02-04 11:02:22'),
(284, 283, 4000.00, 3, '2020-02-04 11:21:13', '2020-02-04 11:21:13'),
(286, 285, 4000.00, 1, '2020-02-04 11:23:03', '2020-02-04 11:23:03'),
(288, 287, 4000.00, 3, '2020-02-04 11:31:31', '2020-02-04 11:31:31'),
(289, 288, 4000.00, 1, '2020-02-04 11:33:54', '2020-02-04 11:33:54'),
(292, 291, 3500.00, 1, '2020-02-04 11:46:52', '2020-02-04 11:46:52'),
(293, 292, 3500.00, 1, '2020-02-04 11:55:35', '2020-02-04 11:55:35'),
(294, 293, 3500.00, 1, '2020-02-04 12:06:25', '2020-02-04 12:06:25'),
(297, 296, 4000.00, 3, '2020-02-04 12:29:58', '2020-02-04 12:29:58'),
(298, 297, 4000.00, 1, '2020-02-04 12:30:49', '2020-02-04 12:30:49'),
(300, 299, 4000.00, 3, '2020-02-04 12:46:41', '2020-02-04 12:46:41'),
(302, 301, 4000.00, 3, '2020-02-04 13:50:54', '2020-02-04 13:50:54'),
(305, 304, 4000.00, 3, '2020-02-04 14:04:26', '2020-02-04 14:04:26'),
(309, 307, 3000.00, 3, '2020-02-05 12:15:48', '2020-02-05 12:15:48'),
(310, 308, 3000.00, 3, '2020-02-05 12:31:46', '2020-02-05 12:31:46'),
(314, 312, 4000.00, 3, '2020-02-05 13:37:39', '2020-02-05 13:37:39'),
(316, 314, 4000.00, 3, '2020-02-05 13:58:32', '2020-02-05 13:58:32'),
(322, 320, 4000.00, 3, '2020-02-05 18:43:44', '2020-02-05 18:43:44'),
(323, 321, 4000.00, 3, '2020-02-06 10:45:01', '2020-02-06 10:45:01'),
(329, 324, 4000.00, 3, '2020-02-06 18:32:01', '2020-02-06 18:32:01'),
(336, 331, 3000.00, 3, '2020-02-11 07:13:59', '2020-02-11 07:13:59'),
(337, 332, 3000.00, 3, '2020-02-11 07:23:46', '2020-02-11 07:23:46'),
(339, 334, 3500.00, 3, '2020-02-13 09:51:22', '2020-02-13 09:51:22'),
(343, 337, 3000.00, 3, '2020-02-16 11:15:04', '2020-02-16 11:15:04'),
(384, 373, 4500.00, 1, '2020-02-23 09:23:12', '2020-02-23 09:23:12'),
(389, 376, 0.00, 1, '2020-02-26 07:46:07', '2020-02-26 07:46:07'),
(473, 2, 4000.00, 3, '2020-03-13 04:45:33', '2020-03-13 04:45:33'),
(486, 76, 4000.00, 3, '2020-03-13 10:48:46', '2020-03-13 10:48:46'),
(489, 111, 4000.00, 3, '2020-03-13 10:52:31', '2020-03-13 10:52:31'),
(491, 155, 4000.00, 3, '2020-03-13 11:06:33', '2020-03-13 11:06:33'),
(497, 57, 4000.00, 3, '2020-03-13 12:11:54', '2020-03-13 12:11:54'),
(511, 130, 4000.00, 3, '2020-03-13 12:48:52', '2020-03-13 12:48:52'),
(514, 337, 3000.00, 3, '2020-03-13 12:58:53', '2020-03-13 12:58:53'),
(519, 51, 4000.00, 3, '2020-03-13 13:38:05', '2020-03-13 13:38:05'),
(531, 247, 2000.00, 3, '2020-03-13 15:46:27', '2020-03-13 15:46:27'),
(533, 252, 2000.00, 3, '2020-03-13 15:49:45', '2020-03-13 15:49:45'),
(540, 12, 3000.00, 3, '2020-03-14 07:29:49', '2020-03-14 07:29:49'),
(549, 215, 4000.00, 3, '2020-03-14 12:12:52', '2020-03-14 12:12:52'),
(554, 110, 4000.00, 3, '2020-03-14 12:47:21', '2020-03-14 12:47:21'),
(556, 180, 4000.00, 3, '2020-03-14 13:00:26', '2020-03-14 13:00:26'),
(557, 222, 4000.00, 3, '2020-03-14 13:12:59', '2020-03-14 13:12:59'),
(558, 196, 3000.00, 3, '2020-03-15 05:34:56', '2020-03-15 05:34:56'),
(563, 210, 4000.00, 3, '2020-03-15 07:52:07', '2020-03-15 07:52:07'),
(564, 224, 4000.00, 3, '2020-03-15 09:44:11', '2020-03-15 09:44:11'),
(568, 280, 4000.00, 3, '2020-03-15 12:55:29', '2020-03-15 12:55:29'),
(569, 283, 4000.00, 3, '2020-03-15 13:04:13', '2020-03-15 13:04:13'),
(572, 304, 4000.00, 3, '2020-03-15 15:02:17', '2020-03-15 15:02:17'),
(579, 89, 4000.00, 3, '2020-03-16 07:55:34', '2020-03-16 07:55:34'),
(590, 205, 4000.00, 3, '2020-03-16 13:52:56', '2020-03-16 13:52:56'),
(596, 281, 3500.00, 3, '2020-03-18 05:16:35', '2020-03-18 05:16:35'),
(599, 42, 4000.00, 3, '2020-03-18 05:26:54', '2020-03-18 05:26:54'),
(606, 314, 2000.00, 3, '2020-03-18 08:18:39', '2020-03-18 08:18:39'),
(614, 285, 4000.00, 3, '2020-03-18 12:14:13', '2020-03-18 12:14:13'),
(620, 33, 4000.00, 3, '2020-03-18 13:04:57', '2020-03-18 13:04:57'),
(621, 260, 4000.00, 3, '2020-03-18 13:33:41', '2020-03-18 13:33:41'),
(623, 59, 4000.00, 3, '2020-03-18 13:43:41', '2020-03-18 13:43:41'),
(624, 62, 4000.00, 3, '2020-03-18 13:44:34', '2020-03-18 13:44:34'),
(626, 64, 4000.00, 3, '2020-03-18 14:14:29', '2020-03-18 14:14:29'),
(645, 200, 2000.00, 1, '2020-03-20 13:58:11', '2020-03-20 13:58:11'),
(647, 31, 3000.00, 1, '2020-03-20 14:03:48', '2020-03-20 14:03:48'),
(650, 138, 4000.00, 1, '2020-03-20 14:54:48', '2020-03-20 14:54:48'),
(653, 31, 1000.00, 1, '2020-06-02 13:07:02', '2020-06-02 13:07:02'),
(655, 206, 4000.00, 3, '2020-07-06 06:51:09', '2020-07-06 06:51:09'),
(659, 46, 4000.00, 3, '2020-07-07 05:37:17', '2020-07-07 05:37:17'),
(661, 44, 4000.00, 3, '2020-07-07 08:26:02', '2020-07-07 08:26:02'),
(664, 259, 4000.00, 3, '2020-07-07 12:01:42', '2020-07-07 12:01:42'),
(669, 26, 4000.00, 3, '2020-07-08 15:53:38', '2020-07-08 15:53:38'),
(671, 250, 4000.00, 3, '2020-07-09 07:28:29', '2020-07-09 07:28:29'),
(675, 14, 4000.00, 3, '2020-07-11 15:11:35', '2020-07-11 15:11:35'),
(676, 332, 3000.00, 1, '2020-07-15 15:30:00', '2020-07-15 15:30:00'),
(677, 331, 3000.00, 1, '2020-07-15 15:30:45', '2020-07-15 15:30:45'),
(681, 320, 3000.00, 3, '2020-07-20 05:14:33', '2020-07-20 05:14:33'),
(685, 60, 4000.00, 3, '2020-07-20 10:59:58', '2020-07-20 10:59:58'),
(686, 18, 6000.00, 3, '2020-07-20 16:27:23', '2020-07-20 16:27:23'),
(689, 389, 0.00, 7, '2020-07-25 07:27:14', '2020-07-25 07:27:14'),
(695, 196, 1000.00, 3, '2020-08-19 13:59:57', '2020-08-19 13:59:57'),
(699, 321, 2000.00, 3, '2020-08-22 08:07:44', '2020-08-22 08:07:44'),
(701, 197, 4000.00, 1, '2020-08-22 14:49:35', '2020-08-22 14:49:35'),
(712, 200, 2000.00, 1, '2020-09-30 11:55:28', '2020-09-30 11:55:28'),
(713, 135, 4000.00, 3, '2020-10-09 14:55:22', '2020-10-09 14:55:22'),
(726, 181, 4000.00, 7, '2020-10-24 10:30:16', '2020-10-24 10:30:16'),
(745, 414, 4000.00, 1, '2020-11-20 08:55:21', '2020-11-20 08:55:21'),
(748, 416, 4000.00, 1, '2020-12-03 06:25:51', '2020-12-03 06:25:51'),
(752, 417, 3000.00, 1, '2020-12-08 07:41:29', '2020-12-08 07:41:29'),
(754, 418, 8000.00, 1, '2020-12-14 09:47:20', '2020-12-14 09:47:20'),
(757, 414, 4000.00, 1, '2020-12-17 11:14:32', '2020-12-17 11:14:32'),
(758, 419, 3500.00, 1, '2020-12-31 09:21:05', '2020-12-31 09:21:05'),
(759, 420, 1000.00, 1, '2021-01-01 10:12:36', '2021-01-01 10:12:36'),
(760, 421, 4000.00, 1, '2021-01-01 10:19:59', '2021-01-01 10:19:59'),
(761, 422, 4000.00, 1, '2021-01-01 10:30:17', '2021-01-01 10:30:17'),
(766, 423, 8000.00, 1, '2021-01-07 09:08:18', '2021-01-07 09:08:18'),
(769, 424, 1500.00, 1, '2021-01-12 12:42:22', '2021-01-12 12:42:22'),
(770, 19, 4000.00, 7, '2021-01-13 11:22:52', '2021-01-13 11:22:52'),
(771, 425, 2000.00, 1, '2021-01-13 14:13:07', '2021-01-13 14:13:07'),
(772, 426, 1500.00, 1, '2021-01-14 07:45:54', '2021-01-14 07:45:54'),
(773, 427, 1500.00, 1, '2021-01-14 07:53:26', '2021-01-14 07:53:26'),
(774, 428, 1500.00, 1, '2021-01-14 11:18:23', '2021-01-14 11:18:23'),
(776, 429, 1500.00, 1, '2021-01-16 08:18:01', '2021-01-16 08:18:01'),
(777, 430, 1500.00, 1, '2021-01-16 08:23:42', '2021-01-16 08:23:42'),
(778, 431, 1500.00, 1, '2021-01-16 08:30:08', '2021-01-16 08:30:08'),
(779, 432, 1500.00, 1, '2021-01-16 08:44:02', '2021-01-16 08:44:02'),
(781, 433, 1500.00, 1, '2021-01-16 13:15:58', '2021-01-16 13:15:58'),
(783, 434, 3500.00, 1, '2021-01-20 09:36:26', '2021-01-20 09:36:26'),
(785, 435, 1500.00, 1, '2021-01-21 14:16:21', '2021-01-21 14:16:21'),
(786, 436, 1500.00, 1, '2021-01-21 14:20:08', '2021-01-21 14:20:08'),
(787, 437, 1500.00, 1, '2021-01-21 14:23:41', '2021-01-21 14:23:41'),
(788, 22, 4000.00, 1, '2021-01-22 09:50:46', '2021-01-22 09:50:46'),
(789, 219, 4000.00, 7, '2021-01-25 07:16:05', '2021-01-25 07:16:05'),
(790, 72, 4000.00, 7, '2021-01-25 08:08:17', '2021-01-25 08:08:17'),
(794, 438, 1500.00, 1, '2021-01-26 12:34:28', '2021-01-26 12:34:28'),
(795, 439, 500.00, 1, '2021-01-26 12:40:50', '2021-01-26 12:40:50'),
(796, 440, 4000.00, 1, '2021-01-27 07:49:01', '2021-01-27 07:49:01'),
(797, 441, 1500.00, 1, '2021-01-28 09:18:42', '2021-01-28 09:18:42');

-- --------------------------------------------------------

--
-- Table structure for table `promotion_types`
--

CREATE TABLE `promotion_types` (
  `id` int(11) NOT NULL,
  `type` varchar(150) NOT NULL,
  `user_id` int(10) UNSIGNED NOT NULL,
  `created_at` timestamp NULL DEFAULT NULL,
  `updated_at` timestamp NULL DEFAULT NULL
) ENGINE=InnoDB DEFAULT CHARSET=latin1;

--
-- Dumping data for table `promotion_types`
--

INSERT INTO `promotion_types` (`id`, `type`, `user_id`, `created_at`, `updated_at`) VALUES
(30, 'Eidi Offer 01-05-2021', 16, '2021-06-02 12:46:29', '2021-06-02 12:46:29'),
(31, 'MRK-WDD-01', 16, '2021-06-16 07:27:02', '2021-06-16 07:29:02');

-- --------------------------------------------------------

--
-- Table structure for table `sms_history`
--

CREATE TABLE `sms_history` (
  `id` int(10) NOT NULL,
  `user_id` int(10) UNSIGNED NOT NULL,
  `updated_at` timestamp NULL DEFAULT NULL,
  `created_at` timestamp NULL DEFAULT NULL,
  `message` varchar(255) NOT NULL,
  `type` varchar(255) NOT NULL,
  `status` varchar(255) NOT NULL,
  `receiver_no` varchar(255) NOT NULL
) ENGINE=InnoDB DEFAULT CHARSET=latin1;

--
-- Dumping data for table `sms_history`
--

INSERT INTO `sms_history` (`id`, `user_id`, `updated_at`, `created_at`, `message`, `type`, `status`, `receiver_no`) VALUES
(1073, 1, '2021-06-02 10:53:45', '2021-06-02 10:53:45', 'Dear AL KAFI SOHAG,\ntest message -1\nSincerely,\nEuropean IT Institute\nContact Us: 01889977951\n', 'Indivisual Message', '1', '01773301138'),
(1074, 16, '2021-06-02 13:07:26', '2021-06-02 13:07:26', 'Dear Mr. Mamun Ur Rasid,\nThis is the test SMS.\nSincerely,\nEuropean IT Institute\nContact Us: 01889977951\n', 'Indivisual Message', '1', '01717221398'),
(1075, 16, '2021-06-02 13:12:37', '2021-06-02 13:12:37', 'Dear Ariful Islam ,\nEuropean IT is wishing you the happiest of birthdays.\nSincerely,\nEuropean IT Institute\nContact Us: 01889977951\n', 'Birthday Sms', '1', '01767953943'),
(1076, 9, '2021-06-04 14:35:41', '2021-06-04 14:35:41', 'Dear AL KAFI SOHAG,\nQwaa\nSincerely,\nEuropean IT Institute\nContact Us: 01889977951\n', 'Indivisual Message', '1', '01773301138'),
(1077, 9, '2021-06-06 08:30:13', '2021-06-06 08:30:13', 'Dear MD Abdul Aziz,\nsdfdsfgdsfg\nSincerely,\nEuropean IT Institute\nContact Us: 01889977951\n', 'Indivisual Message', '1', '01776978991');

-- --------------------------------------------------------

--
-- Table structure for table `students`
--

CREATE TABLE `students` (
  `id` int(10) UNSIGNED NOT NULL,
  `reg_no` varchar(255) NOT NULL,
  `name` varchar(191) NOT NULL,
  `fathers_name` varchar(191) NOT NULL,
  `mothers_name` varchar(191) NOT NULL,
  `photo` text,
  `present_address` text NOT NULL,
  `permanent_address` text NOT NULL,
  `dob` date NOT NULL,
  `gender` varchar(100) NOT NULL,
  `institute_id` int(255) UNSIGNED DEFAULT NULL,
  `board_roll` varchar(100) DEFAULT NULL,
  `board_reg` varchar(100) DEFAULT NULL,
  `phone` varchar(15) NOT NULL,
  `parents_phone` varchar(150) DEFAULT NULL,
  `email` varchar(191) DEFAULT NULL,
  `nationality` varchar(50) DEFAULT NULL,
  `nid` varchar(191) DEFAULT NULL,
  `birth` varchar(25) DEFAULT NULL,
  `blood_group` varchar(50) DEFAULT NULL,
  `emergency_contact_name` text,
  `emergency_contact_relation` text,
  `emergency_contact_address` text,
  `emergency_contact_phone` text,
  `student_as` varchar(191) NOT NULL,
  `district` varchar(255) DEFAULT NULL,
  `year` year(4) NOT NULL,
  `note` longtext,
  `career_info` text,
  `user_id` int(255) UNSIGNED DEFAULT NULL,
  `created_at` timestamp NULL DEFAULT NULL,
  `updated_at` timestamp NULL DEFAULT NULL
) ENGINE=InnoDB DEFAULT CHARSET=utf8;

--
-- Dumping data for table `students`
--

INSERT INTO `students` (`id`, `reg_no`, `name`, `fathers_name`, `mothers_name`, `photo`, `present_address`, `permanent_address`, `dob`, `gender`, `institute_id`, `board_roll`, `board_reg`, `phone`, `parents_phone`, `email`, `nationality`, `nid`, `birth`, `blood_group`, `emergency_contact_name`, `emergency_contact_relation`, `emergency_contact_address`, `emergency_contact_phone`, `student_as`, `district`, `year`, `note`, `career_info`, `user_id`, `created_at`, `updated_at`) VALUES
(2, '02', 'Farjana Yasmin', 'Md. Giass Uddin', 'Most. Rabia Begum', NULL, 'Salimuddin market, Mirpur-1', 'Baneshwer Rajshahi', '2000-12-30', 'female', 2, '318963', '281288', '01701055327', '01745616375', NULL, 'Bangladeshi', NULL, NULL, 'A+', 'Alauddin', 'Uncle', 'Mirpur-14', '01718756889', 'Industrial', NULL, 2020, '<p>Basic</p>', NULL, 3, '2020-01-27 17:31:02', '2020-01-27 17:31:02'),
(3, '03', 'Fauzia Fariha Borsha', 'MD. Atiar Rahman', 'Naznin Akter', NULL, 'Mirpur-1', 'Ishurdi Pabna', '1998-02-03', 'female', 2, '318956', '281295', '01797607221', '01739190671', 'fauziafariha851@gmail.com', 'Bangladeshi', '2404132173', NULL, 'O+', 'Faruk Hossin', 'Uncle', 'Mirpur-1, Solimuddin Market', '01729072017', 'Industrial', NULL, 2020, '<p>CCNA</p>', NULL, 1, '2020-01-27 17:36:28', '2020-02-02 07:58:51'),
(9, '09', 'Md. Naimur Rahman', 'Md. Sohel Amran', 'Anjuman Ara', NULL, 'Kollanpur, Dhaka', 'Boalmari, Faridpur', '2001-10-20', 'male', 6, '345325', '255381', '01776122263', '01748230933', NULL, 'Bangladeshi', NULL, NULL, 'A+', 'Tarekul Islam', 'Brother', 'Kollanpur, Dhaka', '01717605857', 'Industrial', NULL, 2020, '<p>Basic</p>', NULL, 3, '2020-01-28 15:50:21', '2020-01-28 15:50:21'),
(10, '10', 'Mafizul Islam', 'Sahebali Matubbar', 'Fuljan Bibi', NULL, 'Mirpur-13', 'Dashar, Kalkini, Madaripur', '1997-12-12', 'male', 6, '345239', '255465', '01876125942', '01946813561', 'hasanmahamud0186@gmail.com', 'Bangladeshi', NULL, '19975414031010726', 'AB+', 'Sahebali Matubbar', 'Father', 'Kalkini, Madaripur', '01946813561', 'Industrial', NULL, 2020, '<p>Basic</p>', NULL, 3, '2020-01-29 11:33:26', '2020-01-29 11:33:26'),
(11, '11', 'Suranjit Baroy', 'Jibon Baroy', 'Latika Baroy', NULL, 'Savar, Dhaka', 'Aghailjhara, Barisal', '1999-04-05', 'male', 6, '345295', '255411', '01788693247', '01703222051', 'sbsuranjit14@gmail.com', 'Bangladeshi', NULL, '1999610207037441', 'O+', 'Proshenjit Baroy', 'Brother', 'Savar, Dhaka', '01792268682', 'Industrial', NULL, 2020, '<p>Basic Python</p>', NULL, 1, '2020-01-29 13:48:27', '2020-02-05 13:31:47'),
(12, '12', 'Aminul Islam', 'Afsar Ali', 'Tahmina Begum', NULL, 'Shamoly, Dhaka', 'Kaliganj, Satkhira', '1999-06-01', 'male', 6, '345267', '255437', '01927604935', '01826989828', 'aminulislamgpi345267@gmail.com', 'Bangladeshi', '1027396280', NULL, 'O+', 'Afsar Ali', 'Father', 'Kaliganj, Satkhira', '01826989828', 'Industrial', NULL, 2020, '<p>Basic Python</p>', NULL, 1, '2020-01-29 14:01:09', '2020-02-05 13:31:17'),
(14, '14', 'Rotna Roy', 'Purno Roy', 'Parul Roy', NULL, 'Super Hostal,New york-3: Road# 24, House # 28 Sector # 7, Dhaka -1230, bangladesh', 'Dinajpur', '2000-10-06', 'female', 15, '300412', '213328', '01704321726', '01773302497', 'roy.itlc@gmail.com', 'Bangladeshi', '20002713087000165', NULL, 'B+', 'Tapos Ray', 'Brother', 'Dinajpur', '01773302497', 'Industrial', NULL, 2020, '<p>Advance</p>', NULL, 1, '2020-01-30 11:04:51', '2020-02-06 23:37:08'),
(15, '15', 'Md. Moynul Hasan Nahid', 'Md. Mokarrom Hosain', 'Mst. Fardosi Bagom', NULL, 'Senpara, Mirpur-10', 'Mangalpur, Birampur, Dinajpur', '2000-06-09', 'male', 15, '300503', '213296', '01783131181', '01716732818', 'mhnahid880@gmail.com', 'Bangladeshi', NULL, '20002711071102065', 'O+', 'Md. Mokarrom Hosain', 'Father', 'Mangalpur, Birampur, Dinajpur', '01716732818', 'Industrial', NULL, 2020, '<p>Basic</p>', NULL, 1, '2020-01-30 11:06:40', '2020-02-06 23:36:40'),
(16, '16', 'Most. Mayesha Mumtaz', 'Md. Mahfuzar Rahman', 'Most. Sharifa Begum', NULL, 'Siyalbari, Mirpur-2', 'Saidpur, Nilfamari', '1999-05-02', 'female', 15, '300390', '299563', '01881979246', '01716694846', 'soumyrhmn234@gmail.com', 'Bangladeshi', NULL, '19997328506000058', 'B+', 'Md. Mahfuzar Rahman', 'Father', 'Saidpur, Nilfamari', '01716694846', 'Industrial', NULL, 2020, '<p>Basic in web design</p>', NULL, 1, '2020-01-30 11:29:19', '2020-02-06 23:36:12'),
(19, '19', 'Suman Ali', 'Rejaul Islam', 'Tobiya Khatun', NULL, 'Senpara, Mirpur-10', 'Debhata, Satkhira', '1999-11-13', 'male', 19, '334198', '266384', '01733652265', '01727442424', 'sumonali.com65@gmail.com', 'Bangladeshi', '8705745514', NULL, 'B+', 'Md. Abdur Razzak', 'Brother', 'Satkhira', '01727442424', 'Industrial', NULL, 2020, '<p>Basic Web Design</p>', NULL, 1, '2020-01-30 13:12:15', '2020-02-11 05:51:18'),
(20, '20', 'Arifa Akter', 'Md. Alef Sheikh', 'Saleha Begum', NULL, 'Gazipur, Mouchak', 'Mymensingh', '2000-02-05', 'female', 20, '370882', '230169', '01903596166', '01967623182', 'arifakter370882@gmail.com', 'Bangladeshi', NULL, '19983323209011585', 'O+', 'Saleha Begum', 'Mother', 'Gazipur, Mouchak', '01967623182', 'Industrial', NULL, 2020, NULL, NULL, 1, '2020-01-30 13:14:14', '2020-02-02 07:55:42'),
(21, '21', 'MD. Shakerul Islam', 'MD. Yasin', 'Mst. Rabeya Begum', NULL, 'Mirpur-7,Road-4,House#793', 'Mirpur-7,Road-4,House#793', '2000-01-22', 'male', 14, '357727', '243178', '01910503134', '01928029212', 'sayempathan546@gmail.com', 'Bangladeshi', NULL, NULL, NULL, 'MD. Yasin', 'Father', 'Mirpur-7,Road-4,House#793', '01928029212', 'Industrial', NULL, 2020, '<p>Web Development With Laravel</p>', NULL, 1, '2020-01-30 13:14:30', '2020-01-30 13:14:30'),
(22, '22', 'MD. Atiqur Rahman', 'MD. Tiabur Rahman', 'Parvin Akter', NULL, 'Mirpur-1, Shah-Ali, Block New-C, Road-4, House#20', 'Mirpur-1, Shah-Ali, Block New-C, Road-4, House#20', '1993-11-25', 'male', 14, '357743', '243162', '01644984549', '01971971526', 'atiqurrahman2244@gmail.com', 'Bangladeshi', '5985754109', NULL, 'AB+', 'MD. Tiabur Rahman', 'Father', 'Mirpur-1, Shah-Ali, Block New-C, Road-4, House#20', '01971971526', 'Industrial', NULL, 2020, '<p>Web Development with Laravel</p>', NULL, 1, '2020-01-30 13:28:52', '2020-01-30 13:28:52'),
(26, '26', 'Md. Nasiruddin Khan', 'Alauddin Khan', 'Nasima Begum', NULL, 'House#28, Road-14, Block-D,Section-12, Pallabi, Mirpur-1216', 'House#28, Road-14, Block-D,Section-12, Pallabi, Mirpur-1216', '1996-06-06', 'male', 14, '388859', '208602', '01996021439', '01917370905', 'cupid.srk786@gmail.com', 'Bangladeshi', NULL, NULL, 'B+', 'MD. Suzauddin Khan', 'Uncle', 'House#28, Road-14, Block-D,Section-12, Pallabi, Mirpur-1216', '01917370905', 'Industrial', NULL, 2020, '<p>Web Development With Laravel</p>', NULL, 1, '2020-01-30 13:40:52', '2020-03-12 11:01:07'),
(29, '29', 'Nazmin Akter', 'MD. Nazrul Islam', 'Mst. Hosnara Begum', NULL, 'House#121, Shenpara parbata, opposite of BRTA', 'Sadar Dinazpur', '2000-06-15', 'female', 15, '300530', '216269', '01318018722', '01718787675', NULL, 'Bangladeshi', NULL, '200027164250203097', 'B+', 'MD. Nazrul Islam', 'Father', 'Sadar Dinazpur', '01718787675', 'Industrial', NULL, 2020, '<p>Web Design</p>', NULL, 1, '2020-01-30 15:09:54', '2020-01-30 15:15:01'),
(30, '30', 'Mst. Akhi Islam', 'Md. Ahsanul Haqu', 'Mst. Rosna Begum', NULL, 'senphara, House No # 421', 'Pirgonj Thagurgoan', '1999-12-02', 'female', 15, '200331', '179709', '01785440111', '01706757315', NULL, 'Bangladeshi', NULL, '19999423305015396', 'AB+', 'Md. Ahsanul Haqu', 'Father', 'Pergong Thagurgoan', '01706757315', 'Industrial', NULL, 2020, '<p>Basic</p>', NULL, 1, '2020-01-30 15:10:56', '2020-02-06 23:35:30'),
(31, '31', 'MD. Omor Faruk', 'MD. Jomser Ali', 'Most. Dulali Begum', NULL, 'Mohammodpur,102/10', 'Bagpur jolipara, gongachora', '1999-08-07', 'male', 16, '308173', '0000291824', '01779532187', '01944273857', 'kpikomorfaruk99@gmail.com', 'Bangladeshi', NULL, NULL, 'O+', 'MD. Shohel', 'Brother', 'Mohammodpur Botola Bazar', '01612808815', 'Industrial', NULL, 2020, '<p>Basic</p>', NULL, 1, '2020-01-31 11:19:37', '2020-01-31 11:19:37'),
(33, '33', 'Md. Al-Mamun', 'Md. Mojibar Rahman', 'Mst. Hajera Begum', NULL, 'Senpara, Mirpur-10', 'Rahimanpur, Goalpara, Thakurgaon', '1996-06-10', 'male', 15, '300353', '299647', '01774103187', '01750528851', NULL, 'Bangladeshi', '8702219299', NULL, 'A+', 'Md. Mojibar Rahman', 'Father', 'Rahimanpur, Goalpara, Thakurgaon', '01750528851', 'Industrial', NULL, 2020, '<p>Basic Php</p>', NULL, 3, '2020-01-31 11:39:33', '2020-01-31 11:39:33'),
(35, '35', 'Marufa Akter Munmun', 'SM Mohosen', 'Anwara Begum', NULL, 'Senpara, Mirpur-10', 'Tikapara, Thakurgaon', '2000-01-21', 'female', 15, '300550', '213249', '01773872413', '01720802434', 'marufaislam124@gmail.com', 'Bangladeshi', NULL, '20009429403083735', 'O+', 'SM Mohosen', 'Father', 'Tikapara, Thakurgaon', '01720802434', 'Industrial', NULL, 2020, '<p>Basic Web Design</p>', NULL, 3, '2020-01-31 12:07:01', '2020-01-31 12:07:01'),
(36, '36', 'Ashraful Islam', 'Abdus Salam', 'Aspia Begum', NULL, 'Shenpara Parbata, Mirpur 10', 'Jal Dhaka, Nilphamari', '1999-12-31', 'male', 15, '300451', '299551', '01744377345', '01736626176', 'farhanintehab@gmail.com', 'Bangladeshi', '9154490396', NULL, 'A+', 'Abdus Salam', 'Father', 'Jal Dhaka, Nilphamari', '01736626176', 'Industrial', NULL, 2020, '<p>Web Design</p>', NULL, 1, '2020-01-31 12:22:30', '2020-01-31 12:22:30'),
(37, '37', 'Md. Shihad Khandoker', 'Md. Anower Khandoker', 'Most. Shahanara Begum', NULL, 'Benaroshipolli, Mirpur-10', 'Pirganj, Rangpur', '2000-09-24', 'male', 15, '300543', '213256', '01717039119', '01717153850', 'khandokershihad77@gmail.com', 'Bangladeshi', NULL, '20008517688006833', 'B+', 'Md. Sumon Khandoker', 'Brother', 'Pirganj, Rangpur', '01719462187', 'Industrial', NULL, 2020, '<p>Basic Web Design</p>', NULL, 3, '2020-01-31 12:29:52', '2020-01-31 12:29:52'),
(39, '39', 'Tasnia Hossain Tonni', 'Md. Ismail Hossain', 'Mrs. Husneara Begum', NULL, 'Mirpur-2, Dhaka', 'Kaharol, Dinajpur', '1999-11-01', 'female', 15, '300391', '299562', '01785216737', '01757990323', NULL, 'Bangladeshi', '9156580996', NULL, 'AB+', 'Md. Ismail Hossain', 'Father', 'Kaharol, Dinajpur', '01757990323', 'Industrial', NULL, 2020, '<p>Basic&nbsp;</p>', NULL, 3, '2020-01-31 16:31:34', '2020-02-06 11:36:20'),
(40, '40', 'MD. Khyruzzaman', 'MD. Mojibor Rahman', 'Most. Khaleda Begum', NULL, 'Benarosipolli, Mirpur 10', 'Lalmonirhat', '1999-05-06', 'male', 18, '306103', '293901', '01744885211', '01738029048', 'khyruzzaman.social@gmail.com', 'Bangladeshi', '6454507671', NULL, 'O+', 'Most. Khaleda Begum', 'Mother', 'Lalmonirhat', '01738029048', 'Industrial', NULL, 2020, NULL, NULL, 1, '2020-01-31 17:03:15', '2020-02-04 11:15:00'),
(41, '41', 'Subas Chandra Barmon', 'Bhabesh Chandra Barmon', 'Suva Rani', NULL, 'Senpara, Mirpur-10', 'Munshirhat, Thakurgaon', '1997-08-25', 'male', 15, '200327', '179713', '01785279504', '01302166904', 'subasroy9504@gmail.com', 'Bangladeshi', NULL, '19979419436100554', 'B+', 'Bhabesh Chandra Barmon', 'Father', 'Munshirhat, Thakurgaon', '01302166904', 'Industrial', NULL, 2020, '<p>Basic</p>', NULL, 3, '2020-01-31 17:10:18', '2020-01-31 17:10:18'),
(42, '42', 'MD. Humayun Kabir', 'MD. Ruhul Amin', 'Most. Hamida Begum', NULL, 'Shenpara , Road:7, House#37', 'shamnogor satkhira', '1999-05-18', 'male', 19, '334197', '266385', '01993212022', '01926306891', 'humayunkabir01993@gmail.com', 'Bangladeshi', '7804568181', NULL, 'B+', 'MD. Ruhul Amin', 'Father', 'shamnogor satkhira', '01926306891', 'Industrial', NULL, 2020, '<p>Web Design</p>', NULL, 1, '2020-01-31 17:20:58', '2020-01-31 17:20:58'),
(43, '43', 'Shanto Roy', 'Ronjith Roy', 'Lolita Rani', NULL, '421/1 Senpara, Mirpur-10', 'Khakshabari, Nilphamari', '2000-09-18', 'male', 15, '300394', '213346', '01750369908', '01751493581', 'shantoroy1792@gmail.com', 'Bangladeshi', NULL, '20007316444002282', 'B+', 'Ronjith Roy', 'Father', 'Khakshabari, Nilfamari', '01751493581', 'Industrial', NULL, 2020, '<p>Basic</p>', NULL, 3, '2020-01-31 17:28:24', '2020-01-31 17:28:24'),
(44, '44', 'Tapos Kumar Baidya', 'Kali Kumar Baidya', 'Sabitri Baidya', NULL, 'Shenpara , Road:7, House#37', 'Nagarghata Tala, Satkharia', '1996-06-14', 'male', 19, '334211', '266371', '01720041999', '01740811925', 'taposkbaidya@gmail.com', 'Bangladeshi', '6456253845', NULL, 'B+', 'Kali Kumar Baidya', 'Father', 'Nagarghata Tala, Satkharia', '01740811925', 'Industrial', NULL, 2020, '<p>Graphic Design</p>', NULL, 1, '2020-01-31 17:35:40', '2020-01-31 17:38:16'),
(45, '45', 'Md. Rasel Rana', 'Md. Abdul Mazid', 'Most. Raziya Begum', NULL, '421/1 Senpara, Mirpur-10', 'Shalandor, Shahapara, Thakurgaon', '1999-05-17', 'male', 15, '300335', '299665', '01738683544', '01794976745', 'hraselaaa40@gmail.com', 'Bangladeshi', NULL, '19999419489025718', 'A+', 'Md. Abdul Mazid', 'Father', 'Shalandor, Shahapara, Thakurgaon', '01794976745', 'Industrial', NULL, 2020, '<p>Basic</p>', NULL, 3, '2020-01-31 17:42:23', '2020-01-31 17:42:23'),
(46, '46', 'MD. Maruf Hossain', 'MD. Ibrahim Khlil', 'Rowsanyara Khatun', NULL, 'Mirpur-10,Road-7,House#37', 'Sadar Satkhira', '1997-11-30', 'male', 19, '389521', '207321', '01711316236', '01311845788', 'maruftonuu@gmail.com', 'Bangladeshi', '19978718240000058', NULL, 'B+', 'MD. Ibrahim Khlil', 'Father', 'Sadar Satkhira', '01311845788', 'Industrial', NULL, 2020, '<p>Graphic</p>', NULL, 1, '2020-01-31 17:45:54', '2020-01-31 17:48:56'),
(47, '47', 'Shakibul Amin', 'Rohul Amin', 'Shahida Begum', NULL, 'Kazipara, Mirpur-10', 'Kaliganj, Lalmonirhat', '2001-10-10', 'male', 15, '300408', '213332', '01796968975', '01749410532', 'shakib.sua@gmail.com', 'Bangladeshi', '20015213995000394', NULL, 'O+', 'Rohul Amin', 'Father', 'Kaliganj, Lalmonirhat', '01749410532', 'Industrial', NULL, 2020, '<p>Basic</p>', NULL, 3, '2020-01-31 17:55:01', '2020-01-31 18:00:11'),
(48, '48', 'MD. Habibur Bashar', 'MD. Kolimullah  Sheikh', 'Asma Khatun', NULL, 'Mirpur-10,Road-7,House#37', 'Sadar Satkhira', '1999-08-29', 'male', 19, '334235', '266347', '01611266347', '01736827985', 'hbmrkl@gmail.com', 'Bangladeshi', '8704389686', NULL, 'B+', 'MD. Kolimullah  Sheikh', 'Father', 'Sadar Satkhira', '01736827985', 'Industrial', NULL, 2020, '<p>Graphic</p>', NULL, 1, '2020-01-31 17:56:41', '2020-01-31 17:56:41'),
(49, '49', 'Mine Uddin', 'Moshur Rahman', 'Taslima Khatun', NULL, 'Shenpara amtola kacha bazar', 'Hossainpur Kishorganj', '2000-01-09', 'male', 20, '370811', '230235', '01985937805', '01727561076', 'mdmaineuddinmm@gmail.com', 'Bangladeshi', NULL, '20004812713100749', 'O+', 'Taslima Khatun', 'Mother', 'Hossainpur Kishorganj', '01727561076', 'Industrial', NULL, 2020, '<p>Graphic</p>', NULL, 1, '2020-01-31 18:06:35', '2020-01-31 18:10:30'),
(50, '50', 'Ruksana', 'Md. Abdul Kabir', 'Most. Asma Akther', NULL, 'Senpara, Mirpur-10', 'Karimganj, Kishoreganj', '1999-10-02', 'female', 20, '370792', '230252', '01787411608', '01986833971', NULL, 'Bangladeshi', NULL, '19994826601009724', 'O+', 'Md. Abdul Kabir', 'Father', 'Karimganj, Kishoreganj', '01986833971', 'Industrial', NULL, 2020, '<p>Basic</p>', NULL, 1, '2020-01-31 18:09:23', '2020-02-02 07:55:05'),
(51, '51', 'Tanvir Ahmad', 'Asadulla', 'Jahanara Akter', NULL, 'Shenpara parbata, Mirpur-10', 'Hossinpur kishorganj', '1998-11-20', 'male', 20, '370795', '230250', '01774933144', '01755946803', 'tanvir370795@gmail.com', 'Bangladeshi', '8254655445', NULL, 'O+', 'Asadulla', 'Father', 'Hossinpur kishorganj', '01755946803', 'Industrial', NULL, 2020, '<p>Graphic</p>', NULL, 1, '2020-01-31 18:16:35', '2020-01-31 18:16:35'),
(52, '52', 'Afsana Mimi', 'Md. Humayun Kabir', 'Shirin Akter', NULL, 'Senpara, Mirpur-10', 'Pakundia, Kishoreganj', '2001-01-01', 'female', 20, '370810', '230236', '01789930559', '01935081338', 'mafsana920@gmail.com', 'Bangladeshi', NULL, '20014817957102342', 'A+', 'Md. Humayun Kabir', 'Father', 'Pakundia, Kishoreganj', '01935081338', 'Industrial', NULL, 2020, '<p>Basic</p>', NULL, 3, '2020-01-31 18:24:55', '2020-01-31 18:24:55'),
(53, '53', 'Nahida Akther', 'Abusiddik', 'Kajul Reka', NULL, 'Shenpara parbata, Mirpur-10', 'Bajitpur, Kishorganj', '1996-02-01', 'female', 20, '370829', '230220', '01736885810', '01734761642', NULL, 'Bangladeshi', NULL, '19964810686111014', 'B+', 'Abusiddik', 'Father', 'Bajitpur, Kishorganj', '01734761642', 'Industrial', NULL, 2020, '<p>Graphic</p>', NULL, 1, '2020-01-31 18:25:00', '2020-01-31 18:25:00'),
(54, '54', 'Ruma Rani Das', 'Abinas Das', 'Sopna Rani Das', NULL, 'Senpara, Mirpur-10', 'Bajitpur, Kishoreganj', '1999-12-10', 'female', 20, '370838', '230211', '01905703896', '01739721577', 'rumadas3191@gmail.com', 'Bangladeshi', NULL, '20074810625001562', 'B+', 'Abinas Das', 'Father', 'Bajitpur, Kishoreganj', '01739721577', 'Industrial', NULL, 2020, '<p>Basic</p>', NULL, 3, '2020-01-31 18:33:16', '2020-01-31 18:40:25'),
(55, '55', 'Mumtahina Akhi', 'MD. Abdul Wahed', 'Ummehani Khanom', NULL, 'Shenpara parbata, Mirpur-10', 'Kishorganj, korimgonj', '2000-01-01', 'female', 20, '370817', '230230', '01791276791', '01724629768', NULL, 'Bangladeshi', NULL, '20004814234116380', 'O+', 'MD. Abdul Wahed', 'Father', 'Kishorganj, korimgonj', '01724629768', 'Industrial', NULL, 2020, '<p>Graphic</p>', NULL, 1, '2020-01-31 18:39:55', '2020-01-31 18:39:55'),
(56, '56', 'MD. Shakhawat Hossain Sujon', 'MD. Shamsuddin Prodhan', 'Mst. Sufia Begum', NULL, 'Shenpara parbata, Mirpur-10', 'Sadar Panchagarh', '1999-03-03', 'male', 15, '300548', '213251', '01796903722', '01744742795', NULL, 'Bangladeshi', NULL, '19997727302001564', 'B+', 'MD. Shamsuddin Prodhan', 'Father', 'Sadar Panchagarh', '01744742795', 'Industrial', NULL, 2020, NULL, NULL, 1, '2020-01-31 18:53:22', '2020-01-31 18:53:22'),
(57, '57', 'Sabbir Ahmed', 'Abed Ali', 'Nasnin AKter', NULL, 'Mirpur-14 Dhaka', 'Boda, Panchagarh', '2001-12-15', 'male', 15, '300558', '213241', '01316078737', '01724534587', 'sarkarshakil78737@gmail.com', 'Bangladeshi', NULL, '20017712512106464', 'B+', 'Mosaddek', 'Brother', 'Mirpur-14, Dhaka', '01739265686', 'Industrial', NULL, 2020, '<p>Basic&nbsp;</p>', NULL, 3, '2020-01-31 18:56:44', '2020-01-31 18:56:44'),
(58, '58', 'Golam Rabbe Sajib', 'Lulu Mia', 'Rasheda Begum', NULL, 'Shenpara parbata, Mirpur-10', 'Jamalpur', '2000-02-12', 'male', 20, '370825', '230223', '01934066779', '01766981743', 'sajibsarker144@gmail.com', 'Bangladeshi', NULL, '20003918521034271', 'O+', 'Ramjan Ali', 'Brother', 'Jamalpur', '01942568527', 'Industrial', NULL, 2020, '<p>Web Design</p>', NULL, 1, '2020-01-31 19:09:55', '2020-01-31 19:09:55'),
(59, '59', 'Sumaiya Tabassum Ayshy', 'Md. Abdur Rahman', 'Hosne Ara Begum', NULL, 'Senpara, Mirpur-10', 'Tamni Guzadia, Kishoreganj', '2000-06-02', 'female', 20, '370734', '230306', '01911635700', '01611469875', 'sumaiyaayshy@gmail.com', 'Bangladeshi', NULL, '20008926602008031', 'O+', 'Rehana Akter Munia', 'Sister', 'Mymensingh', '01611469875', 'Industrial', NULL, 2020, '<p>Basic</p>', NULL, 3, '2020-01-31 19:12:32', '2020-01-31 19:12:32'),
(60, '60', 'Yasin', 'Motalib', 'Banasa', NULL, 'Shenpara parbata, Mirpur-10', 'Narsingdi', '2001-07-12', 'male', 20, '370919', '230132', '01867588758', '01846235777', 'yasinmia370919@gmail.com', 'Bangladeshi', NULL, '20016816021043257', 'A-', 'Motalib', 'Father', 'Narsingdi', '01846235777', 'Industrial', NULL, 2020, '<p>Web Design</p>', NULL, 1, '2020-01-31 19:19:36', '2020-01-31 19:19:36'),
(61, '61', 'Md. Mostaqul Islam', 'Md. Adam Ali', 'Mst. Mahinur Begum', NULL, '421/1 Senpara, Mirpur-10', 'Joydebpur, Chirirbandar, Dinajpur', '2000-02-02', 'male', 15, '300398', '213342', '01319187282', '01759326523', 'mostaqul226@gmail.com', 'Bangladeshi', '271291000264', NULL, 'B+', 'Mst. Mahinur Begum', 'Mother', 'Joydebpur, Chirirbandar, Dinajpur', '01759326523', 'Industrial', NULL, 2020, '<p>Basic</p>', NULL, 3, '2020-01-31 19:25:39', '2020-01-31 19:25:39'),
(62, '62', 'MD. Azizul Haq', 'MD. Maznu Mia', 'Hasina Begum', NULL, 'Shenpara parbata, Mirpur-10', 'Kapasia Gazipur', '1997-12-15', 'male', 20, '370901', '230150', '01771210875', '01739496994', 'azizulhaq336@gmail.com', 'Bangladeshi', NULL, '19973313617002591', 'B+', 'MD. Arifur Rahman', 'Brother', 'kapasia Gazipur', '01739496994', 'Industrial', NULL, 2020, '<p>Web Design</p>', NULL, 1, '2020-01-31 19:31:18', '2020-01-31 19:31:18'),
(63, '63', 'Jobayer', 'Moula Mia', 'Jotshna', NULL, 'Shenpara parbata, Mirpur-10', 'Netrokona Sadar', '2000-04-15', 'male', 20, '370966', '230087', '01784774318', '01314525140', 'mdjubayar370966@gmail.com', 'Bangladeshi', NULL, '20007217439104025', 'O+', 'Moula Mia', 'Father', 'Netrokona Sadar', '01314525140', 'Industrial', NULL, 2020, '<p>Design &amp; Development</p>', NULL, 1, '2020-01-31 19:41:41', '2020-01-31 19:41:41'),
(65, '65', 'MD. Wahid Mia', 'Abdul Haqe', 'Dinara KJhatun', NULL, 'Shenpara parbata, Mirpur-10', 'Mymensingh', '1999-11-10', 'male', 20, '370962', '230090', '01835518633', '01624487510', 'hassanwahid355@gmail.com', 'Bangladeshi', '43850501', NULL, 'AB-', 'Rehana Khatun', 'Sister', 'Mymensingh', '01624487510', 'Industrial', NULL, 2020, '<p>Web Design</p>', NULL, 1, '2020-01-31 19:55:11', '2020-01-31 19:55:11'),
(68, '68', 'Md. Shohanur Rahman', 'Md. Shohedullah Talukder', 'Roakeya Begum', NULL, 'Gazipur', 'Trishal, Mymensingh', '2001-10-12', 'male', 20, '370899', '230152', '01736439950', '01716626163', 'shohanurrahman690@gmail.com', 'Bangladeshi', NULL, '20016119428026769', 'B+', 'Md. Shohedullah Talukder', 'Father', 'Gazipur', '01716626163', 'Industrial', NULL, 2020, '<p>Basic</p>', NULL, 3, '2020-02-02 08:40:10', '2020-02-02 08:40:10'),
(72, '72', 'Md. Tanjum Mostafa', 'Md. Golam Mostafa', 'Nasrin Sultana', NULL, 'Mirpur-14,', 'kushtia Mojompur', '2001-06-18', 'male', 45, '325165', '275157', '01739786787', '01718487022', 'tanjumalif4545@gmail.com', 'Bangladeshi', NULL, '20015037975007051', 'B+', 'Md. Golam Mostafa', 'Father', 'kushtia Mojompur', '01718487022', 'Industrial', NULL, 2020, '<p>Basic</p>', NULL, 1, '2020-02-02 10:24:36', '2020-09-28 11:26:23'),
(73, '73', 'Pobitro Debnath', 'Horish Chandra Debnath', 'Sunti Rani Debnath', NULL, '7/7 Senpara, Mirpur-10', 'Sadar Thakurgaon', '2001-08-09', 'male', 31, '302109', '212564', '01788212585', '01767421090', 'pobitrodebnath85@gmail.com', 'Bangladeshi', NULL, '19999419489002806', 'O+', 'Horish Chandra Debnath', 'Father', 'Sadar Thakurgaon', '01767421090', 'Industrial', NULL, 2020, '<p>Advanced</p>', NULL, 3, '2020-02-02 10:30:58', '2020-02-02 10:30:58'),
(77, '77', 'Md. Rasel Islam', 'Md. Saidur Rahman', 'Mst. Yesmin Ara', NULL, 'Kamranggirchor, Dhaka', 'Basudebpur, Chirirbandar, Dinajpur', '2000-02-01', 'male', 31, '302098', '212575', '01750764228', '01788019904', 'rmraselislam2000@gmail.com', 'Bangladeshi', NULL, '20002713023000318', 'B+', 'Md. Saidur Rahman', 'Father', 'Basudebpur, Chirirbandar, Dinajpur', '01788019904', 'Industrial', NULL, 2020, '<p>Basic</p>', NULL, 3, '2020-02-02 10:44:43', '2020-02-02 10:44:43'),
(83, '83', 'MD. Al Amin', 'MD. Abul Kalam', 'Mst. Asma Begum', NULL, 'Mirpur 14', 'Sadar Sherpur', '2020-01-01', 'male', 59, '366790', '434095', '01959260116', '01638805801', 'alamin260116@gmail.com', 'Bangladeshi', '6006957622', NULL, 'O+', 'MD. Mostafijur Rahman', 'Uncle', 'Mymensingh', '01927678862', 'Industrial', NULL, 2020, '<p>Web Design</p>', NULL, 1, '2020-02-02 10:59:48', '2020-02-02 10:59:48'),
(85, '85', 'Md. Ataur Rahman', 'Md. Abdul Malek', 'Mst. Amina Khatun', NULL, 'Senpara, Mirpur-10', 'Chirirbander, Dinajpur', '1999-12-29', 'male', 31, '201276', '178764', '01705949143', '01783257442', NULL, 'Bangladeshi', NULL, '19962713031003063', 'A+', 'Md. Masud', 'Uncle', 'Chirirbander, Dinajpur', '01783257442', 'Industrial', NULL, 2020, '<p>Basic</p>', NULL, 3, '2020-02-02 11:02:05', '2020-02-02 11:02:05'),
(89, '89', 'MD. Solaiman', 'MD. Shofiqul Islam', 'Mst. Saniara Begum', NULL, 'Shenpara parbata, Mirpur-10', 'sadar, Sherpur', '2001-10-02', 'male', 59, '366882', '234103', '01774960511', '01716477947', 'md.solaiman@gmail.com', 'Bangladeshi', NULL, NULL, 'AB+', 'MD. Shofiqul Islam', 'Father', 'sadar, Sherpur', '01716477947', 'Industrial', NULL, 2020, '<p>Web Design</p>', NULL, 1, '2020-02-02 11:16:48', '2020-02-02 11:19:02'),
(93, '93', 'MD. Rubel Ahmed Sagor', 'MD. Murshed Alam', 'Shamsun Nahar', NULL, 'Shenpara parbata, Mirpur-10', 'Sadar Sherpur', '2020-08-12', 'male', 59, '366909', '234076', '01904932290', '01926382766', 'rubelahmed7452@gmail.com', 'Bangladeshi', NULL, NULL, 'A+', 'MD. Murshed Alam', 'Father', 'Sadar, Sherpur', '01926382766', 'Industrial', NULL, 2020, '<p>Web Design</p>', NULL, 1, '2020-02-02 11:26:32', '2020-02-02 11:26:32'),
(103, '103', 'Zonaed', 'Kalu Miah', 'Shafaly Begum', NULL, 'Senpara, Mirpur-10', 'Raipura, Narsingdi', '1999-12-29', 'male', 20, '370796', '230249', '01788691973', '01813925249', 'zonaedruman1999@gmail.com', 'Bangladeshi', NULL, NULL, 'O+', 'Kalu Miah', 'Father', 'Raipura, Narsingdi', '01813925249', 'Industrial', NULL, 2020, '<p>Basic</p>', NULL, 3, '2020-02-02 12:09:20', '2020-02-02 12:09:20'),
(105, '105', 'Azizul Hakim', 'Mohiuddin Milon', 'Lipi Khatun', NULL, 'Mirpur 2', 'Kushtia', '1998-06-27', 'male', 45, '325140', '0000275182', '01922623408', '01763180373', 'hridoyr111@gmail.com', 'Bangladeshi', '19985027906000124', NULL, NULL, 'Mohiuddin Milon', 'Father', 'Kushtia', '01763180373', 'Industrial', NULL, 2020, '<p>Networking</p>', NULL, 1, '2020-02-02 12:13:18', '2020-02-02 12:13:18'),
(110, '110', 'Md. Sabbir Hossain', 'Md. Abdur Rahman', 'Sahara Begum', NULL, 'Senpara, Mirpur-10', 'Madhupur, Tangail', '1999-12-31', 'male', 20, '370879', '230172', '01991410899', '01739483931', NULL, NULL, NULL, '19999315769001792', 'O+', 'Md. Abdur Rahman', 'Father', 'Madhupur, Tangail', '01739483931', 'Industrial', NULL, 2020, '<p>Basic</p>', NULL, 3, '2020-02-02 12:24:41', '2020-02-02 12:24:41'),
(111, '111', 'Akhirujjaman Shuvro', 'Abdul Awall Akanda', 'Mst. Aklima Parvin', NULL, 'Senpara, Mirpur-10', 'Netrokona', '2001-01-01', 'male', 20, '370790', '230254', '01916006406', '01316050852', NULL, 'Bangladeshi', NULL, NULL, 'O+', 'Mst. Aklima Parvin', 'Mother', 'Netrokona', '01316050852', 'Industrial', NULL, 2020, '<p>Basic</p>', NULL, 1, '2020-02-02 12:30:18', '2020-03-10 05:31:23'),
(113, '113', 'MD. Sajedul Islam', 'MD. Mominuddin', 'Mst. Shorifa Begum', NULL, 'Shamoli,Dhaka', 'Kurigram, Nageswari', '2001-08-30', 'male', 16, '308164', '291838', '01773113319', '01750517295', 'sajedulshamim19@gmail.com', 'Bangladeshi', NULL, '20014916144108768', 'B+', 'MD. Mominuddin', 'Father', 'Kurigram, Nageswari', '01773113319', 'Industrial', NULL, 2020, '<p>Graphic Design</p>', NULL, 1, '2020-02-02 12:34:06', '2020-02-02 12:34:06'),
(117, '117', 'Tamanna Akter Tithi', 'Abdul korim', 'Mst. Rajia Khatun', NULL, 'Mirpur 2', 'Trishal Mymensingh', '1999-12-04', 'female', 20, '370755', '230286', '01768253625', '01719597684', 'tamannaaktertithi370755@gmail.com', 'Bangladeshi', NULL, NULL, 'O+', 'Abdul korim', 'Father', 'Trishal Mymensingh', '01719597684', 'Industrial', NULL, 2020, '<p>Graphic</p>', NULL, 1, '2020-02-02 12:46:24', '2020-02-02 12:46:24'),
(119, '119', 'Jui Akter', 'Md. Hasmot Ali', 'Shamela Begum', NULL, 'Mirpur-1, Dhaka', 'Pulish lines, Gopalganj', '1996-01-01', 'female', 48, '243658', '144267', '01303370771', '01619007005', 'juimoni0077@gmail.com', 'Bangladeshi', NULL, '19963523207004766', 'O+', 'Md. Shohag', 'Brother', 'Mirpur-1, Dhaka', '01619007005', 'Industrial', NULL, 2020, '<p>Basic</p>', NULL, 3, '2020-02-02 13:13:35', '2020-02-02 13:13:35'),
(121, '121', 'Md. Alamin Miah', 'Md. Bulu Miah', 'Most. Rupaly Begum', NULL, 'Gazipur', 'Pirgonj, Rangpur', '1999-06-15', 'male', 16, '308234', '209822', '01791887992', '01785395775', NULL, 'Bangladeshi', NULL, '19958517650003804', 'B+', 'Md. Ruhul Amin', 'Brother', 'Pirgonj, Rangpur', '01785395775', 'Industrial', NULL, 2020, '<p>Duet</p>', NULL, 3, '2020-02-02 13:51:10', '2020-02-02 13:51:10'),
(122, '122', 'Most. Shetara Akter Rimu', 'MD. Esahak Ali', 'Most. Jahanur Begum', NULL, 'Gajipur', 'Gaibanda Sadar', '2000-10-20', 'female', 16, '308180', '291814', '01750150065', '01755444841', NULL, 'Bangladeshi', NULL, '19993218260004841', 'B+', 'MD. Esahak Ali', 'Father', 'Gaibanda Sadar', '01755444841', 'Industrial', NULL, 2020, '<p>Web Design</p>', NULL, 1, '2020-02-02 13:52:23', '2020-02-02 13:52:23'),
(125, '125', 'SK Asadul Islam', 'SK Toriqul Islam', 'Asma Khatun', NULL, 'Shenpara parbata Road:07 House#37, Mirpur-10', 'Satkhira, Debhata', '2000-03-01', 'male', 19, '334209', '266373', '01783513798', '01916138622', 'bappiislam26091@gmail.com', 'Bangladeshi', NULL, '20008712563026551', 'O+', 'SK Toriqul Islam', 'Father', 'Satkhira, Debhata', '01916138622', 'Industrial', NULL, 2020, '<p>Graphic</p>', NULL, 1, '2020-02-02 14:03:58', '2020-02-02 14:03:58'),
(129, '129', 'MD. Abdul Majid', 'MD. Ansarul Islam', 'Most. Rejia Begum', NULL, 'Shenpara parbata, Mirpur-10', 'Taraganj, Rangpur', '2001-09-03', 'male', 16, '308260', '209796', '01774596411', '01783235882', 'abmajidweb@gmail.com', 'Bangladeshi', NULL, '20018519263000056', 'O+', 'Most. Rejia Begum', 'Mother', 'Taraganj, Rangpur', '01709868651', 'Industrial', NULL, 2020, '<p>Laravel&nbsp;</p>', NULL, 1, '2020-02-02 14:41:19', '2020-02-02 14:41:19'),
(132, '132', 'MD. Redoy Islam', 'MD. Lablu Mia', 'Mst. Rina Begum', NULL, 'Shenpara parbata, Mirpur-10', 'Rangpur,Mirbag', '2000-04-07', 'male', 16, '308280', '291705', '01770930936', '01681426840', 'mdredoyislam84@gmail.com', 'Bangladeshi', NULL, '20008514240001194', NULL, 'MD. Lablu Mia', 'Father', 'Rangpur,Mirbag', '01681426840', 'Industrial', NULL, 2020, NULL, NULL, 1, '2020-02-02 14:50:54', '2020-02-02 14:50:54'),
(135, '135', 'Mahmud Ali', 'Saidur Rahman', 'Moriom Begum', NULL, 'Gazipur', 'Parbotibur, Dinajpur', '2000-06-11', 'male', 16, '308336', '209786', '01759656837', '01932426366', 'mdmahmudali37@gmail.com', 'Bangladeshi', NULL, '20002717786104528', 'O+', 'Saidur Rahman', 'Father', 'Parbotibur, Dinajpur', '01932426366', 'Industrial', NULL, 2020, '<p>Duet</p>', NULL, 3, '2020-02-02 14:58:21', '2020-02-02 14:58:21'),
(136, '136', 'MD. Sultan Mahamud Bosunia', 'MD. Abdul Kuddus Bosunia', 'Most. Sultana Begum', NULL, 'Shenpara parbata, Mirpur-10', 'Kawniya Rangpur', '2000-11-06', 'male', 16, '308364', '209758', '01740003776', '01718864882', 'sultanmahamudkpi@gmail.com', 'Bangladeshi', NULL, '20008514223000864', 'B+', 'MD. Abdul Kuddus Bosunia', 'Father', 'Kawniya Rangpur', '01718864882', 'Industrial', NULL, 2020, '<p>App</p>', NULL, 1, '2020-02-02 14:58:45', '2020-02-02 14:58:45'),
(137, '137', 'MD. Sumon Islam', 'MD. Aminur Rahman', 'Most. Ratna Begum', NULL, 'Shenpara parbata, Mirpur-10', 'Patgram,Lalmonirhat', '1999-08-11', 'male', 16, '308265', '291734', '01785205284', '01728200838', 'sumondipa12345@gmail.com', 'Bangladeshi', '5106675829', NULL, 'O+', 'MD. Aminur Rahman', 'Father', 'Patgram,Lalmonirhat', '01728200838', 'Industrial', NULL, 2020, '<p>Web Design with wp</p>', NULL, 1, '2020-02-02 15:06:19', '2020-02-02 15:06:19'),
(139, '139', 'Humayan Kabir', 'Shajahan Ali', 'Dolly Begum', NULL, 'Keraniganj, Dhaka', 'Keraniganj, Dhaka', '1997-12-04', 'male', 19, '334217', '266365', '01770985839', '01553219667', NULL, 'Bangladeshi', NULL, '2007878281010440', 'B+', 'Shajahan Ali', 'Father', 'Keraniganj, Dhaka', '01553219667', 'Industrial', NULL, 2020, '<p>Basic</p>', NULL, 3, '2020-02-02 15:12:28', '2020-02-02 15:12:28'),
(140, '140', 'MD. Maruf Istiak Mahim', 'MD. Mujibur Rahman', 'Mst. Mina Begum', NULL, 'Gajipur', 'Kurigram Sadar', '2000-10-26', 'male', 16, '308161', '291843', '01796778269', '01713765643', 'marufmahim15@gmail.com', 'Bangladeshi', NULL, '20004915217000274', 'O+', 'MD. Mujibur Rahman', 'Father', 'Kurigram Sadar', '01713765643', 'Industrial', NULL, 2020, NULL, NULL, 1, '2020-02-02 15:15:18', '2020-02-02 15:15:18'),
(143, '143', 'MD. Rasel Mia', 'MD. Abubakkar Siddik', 'Most. Laila Begum', NULL, 'Mirpur-11', 'Rangpur Pirgonj', '2000-02-05', 'male', 16, '308317', '291651', '01788156036', '01737318794', 'mahmud308317@gmail.com', 'Bangladeshi', NULL, '20008517663101039', 'O+', 'MD. Abubakkar Siddik', 'Father', 'Rangpur Pirgonj', '01737318794', 'Industrial', NULL, 2020, NULL, NULL, 1, '2020-02-02 15:24:17', '2020-02-02 15:24:17'),
(144, '144', 'Rasel Mia', 'Rafiqul Islam', 'Rahena Begum', NULL, 'Senpara, Mirpur-10', 'Sadar Kurigram', '2000-01-30', 'male', 16, '308304', '291670', '01753132726', '01762982638', 'raselmia@gmail.com', 'Bangladeshi', NULL, '20004923306145161', 'B+', 'Rafiqul Islam', 'Father', 'Sadar Kurigram', '01762982638', 'Industrial', NULL, 2020, '<p>Advance</p>', NULL, 3, '2020-02-02 15:25:53', '2020-02-02 15:25:53'),
(146, '146', 'MD. Habibur Rahman', 'MD. Abdul Hakim', 'Hawa Begum', NULL, 'Mirpur 11', 'Rajarhat Kurigram', '1999-08-12', 'male', 16, '375673', '225428', '01793807540', '01763840159', 'jhankarhabib@gmail.com', 'Bangladeshi', '1504967884', NULL, 'B+', 'MD. Abdul Hakim', 'Father', 'Rajarhat Kurigram', '01763840159', 'Industrial', NULL, 2020, NULL, NULL, 1, '2020-02-02 15:32:06', '2020-02-02 15:32:06'),
(152, '152', 'Proshanta Ray', 'Jotish Chandra ray', 'Binna rani ray', NULL, 'Shamoly', 'Dinajpur', '2000-12-05', 'male', 6, '345322', '255384', '01744853554', '01744324324', NULL, NULL, NULL, NULL, NULL, 'Jotish Chandra ray', 'Father', NULL, '01744324324', 'Industrial', NULL, 2020, NULL, NULL, 1, '2020-02-02 16:07:55', '2020-02-10 09:11:48'),
(153, '153', 'Md. Kamurjjaman', 'Md. Abu Bokkar Siddique', 'Kajuli Begum', NULL, 'Shenpara parbata, Mirpur-10', 'Sherpur', '2000-12-02', 'male', 59, '366879', '234106', '01310574974', '01999308341', NULL, 'Bangladeshi', NULL, NULL, 'B+', 'Hasan Islam', 'Friend', 'Mirpur-6', '01999308341', 'Industrial', NULL, 2020, NULL, NULL, 1, '2020-02-02 16:11:39', '2020-02-02 16:17:39'),
(157, '157', 'Sharif Uddin', 'Tahaj Uddin', 'Rokeya Begum', NULL, 'Senpara, Mirpur-10', 'Shibaloya, Manikganj', '1996-03-19', 'male', 34, '346520', '254199', '01705027888', '01759048573', 'rukonfpi@gmail.com', 'Bangladeshi', NULL, '19965617471021291', NULL, 'Khalid Hasan', 'Brother', 'Shibaloya, Manikganj', '01759048573', 'Industrial', NULL, 2020, '<p>Basic php</p>', NULL, 3, '2020-02-02 16:25:39', '2020-02-02 16:25:39'),
(158, '158', 'MD. Mahabub Alam Shakil', 'MD. Ataur Rahman', 'Afruza begum', NULL, 'Shenpara parbata, Mirpur-10', 'Mymensingh', '2000-10-12', 'male', 20, '370871', '230180', '01902065410', '01725551436', 'mahbubalamshakilch23@gmail.com', 'Bangladeshi', NULL, '20005115247006378', 'B+', 'MD. Ataur Rahman', 'Father', 'Mymensingh', '01725551436', 'Industrial', NULL, 2020, NULL, NULL, 1, '2020-02-02 16:28:20', '2020-02-02 16:28:20'),
(163, '163', 'MD. Nasir uddin', 'MD. Abdul Hamid', 'Nasima Begum', NULL, 'Shenpara parbata, Mirpur-10', 'Tangail', '2000-09-01', 'male', 20, '370890', '230161', '01999414279', '01732958057', 'mdnasiruddin1964@gmail.com', 'Bangladeshi', NULL, '20079328690016582', 'B+', 'MD. Abdul Hamid', 'Father', 'Tangail', '01732958057', 'Industrial', NULL, 2020, NULL, NULL, 1, '2020-02-02 16:36:36', '2020-02-02 16:39:39'),
(166, '166', 'Rakibul Islam', 'Moazzam Hossen', 'Hafeza Begum', NULL, 'Senpara, Mirpur-10', 'Goalonda, Rajbari', '2000-03-04', 'male', 34, '346518', '254201', '01796658717', '01732490676', 'rakibislam432000@gmail.com', 'Bangladeshi', NULL, '19978212976006499', 'AB+', 'Moazzam Hossen', 'Father', 'Goalonda, Rajbari', '01732490676', 'Industrial', NULL, 2020, '<p>Advance php</p>', NULL, 3, '2020-02-02 16:41:48', '2020-02-02 16:41:48'),
(169, '169', 'MD. Hassan Sharkar', 'MD. Rofiqul Islam', 'Khadiza Begum', NULL, 'Shenpara parbata, Mirpur-10', 'Sadar Mymensingh', '2000-02-02', 'male', 20, '370862', '230189', '01714908527', '+971565237187', 'hassansharkarhp@gmail.com', 'Bangladeshi', NULL, '20006115254111344', 'A+', 'Lucky', 'Sister', 'Sadar Mymensingh', '01743912659', 'Industrial', NULL, 2020, NULL, NULL, 1, '2020-02-02 16:46:56', '2020-02-02 16:46:56'),
(174, '174', 'Md. Al-Amin Akash', 'Md. Abdul Baki', 'Mst. Anwara Begum', NULL, 'Senpara, Mirpur-10', 'Sadar Dinajpur', '2000-09-30', 'male', 34, '346563', '254156', '01724716296', '01717138594', 'alaminakashd@gmail.com', 'Bangladeshi', NULL, '20002716469006122', NULL, 'Abdul Baki', 'Father', 'Sadar Dinajpur', '01717138594', 'Industrial', NULL, 2020, '<p>Advance</p>', NULL, 3, '2020-02-02 16:58:10', '2020-02-04 18:38:31'),
(175, '175', 'Md. Sujon Hosen', 'Md. Yousub Ali', 'Mst. Rehena Khatun', NULL, 'Sanpara, Mirpur-10', 'Ullapara , Sirajgonj', '1998-07-02', 'male', 34, '346548', '254171', '01768949466', '01723254412', 'sujonhosen9466@gmail.com', 'Bangladeshi', '2407745617', NULL, NULL, 'Md. Mukul Hossen', 'Uncle', 'Ullapara , Sirajong', '01762605351', 'Industrial', NULL, 2020, NULL, NULL, 3, '2020-02-02 17:03:44', '2020-02-03 11:34:16'),
(176, '176', 'MD. Ekramul Hasan', 'MD. Yasin Ali', 'Mst. majida Begum', NULL, 'Shenpara parbata, Mirpur-10', 'Sherpur, Bogura', '2000-11-11', 'male', 20, '370858', '230193', '01303066292', '01718350016', 'emubabu84@gmail.com', 'Bangladeshi', NULL, '20001018877115107', 'B+', 'MD. Yasin Ali', 'Father', 'Sherpur, Bogura', '01718350016', 'Industrial', NULL, 2020, NULL, NULL, 1, '2020-02-02 17:05:03', '2020-02-02 17:05:03'),
(180, '180', 'Mst. Anjuma Khatun', 'Md. Antaj Ali Mondal', 'Mst. Chaina Begum', NULL, 'Senpara, Mirpur-10', 'Joypurhat Sadar', '1998-08-10', 'female', 16, '308332', '209790', '01983118733', '01922777255', 'subornakhatun644@gmail.com', 'Bangladeshi', NULL, '19983817473006398', 'A+', 'Mst. Chaina Begum', 'Mother', 'Joypurhat Sadar', '01922777255', 'Industrial', NULL, 2020, '<p>Advance</p>', NULL, 3, '2020-02-02 17:18:11', '2020-02-02 17:18:11'),
(183, '183', 'Abdul Haque', 'Jakir Mia', 'Parvin Akter', NULL, 'Shenpara parbata, Mirpur-10', 'Kishorganj', '2000-01-12', 'male', 20, '370754', '230287', '01738412938', '01731107651', NULL, 'Bangladeshi', NULL, '20004813351114008', NULL, 'Imam Hossain', 'Friends', 'Mymensingh', '01783691565', 'Industrial', NULL, 2020, NULL, NULL, 1, '2020-02-02 17:32:13', '2020-02-02 17:32:13'),
(184, '184', 'Sumaiya Akter Jui', 'Abdul Mannan', 'Marium Begum', NULL, 'Senpara, Mirpur-10', 'Fulbari, Kurigram', '2000-01-01', 'female', 16, '308170', '291828', '01760490752', '01722176487', 'sumaiyajahanjui6@gmail.com', 'Bangladeshi', NULL, '20004911840024925', 'A+', 'Abdul Mannan', 'Father', 'Fulbari, Kurigram', '01722176487', 'Industrial', NULL, 2020, '<p>Duet</p>', NULL, 3, '2020-02-02 17:35:11', '2020-02-02 17:35:11'),
(185, '185', 'Hasan Mia', 'Jinnat Ali', 'Azara Khatun', NULL, 'Shenpara parbata, Mirpur-10', 'Mymensingh', '1998-08-18', 'male', 20, '370853', '230197', '01706343303', '01738262343', 'hasanmahmud3039@gmail.com', 'Bangladeshi', NULL, '19986112406006832', 'B+', 'Jinnat Ali', 'Father', 'Mymensingh', '01738262343', 'Industrial', NULL, 2020, NULL, NULL, 1, '2020-02-02 17:40:51', '2020-02-02 17:46:25'),
(186, '186', 'Md. Sagor Mia', 'Md. Akber Ali', 'Nurjahan Begum', NULL, 'Senpara, Mirpur-10', 'Nagarpur, Tangail', '2001-08-10', 'male', 34, '346558', '254161', '01777547780', '01738107311', 'ksagorkhan081@gmail.com', 'Bangladeshi', NULL, '20019317694105777', NULL, 'Md. Omor Ali', 'Brother', 'Nagarpur, Tangail', '01307068967', 'Industrial', NULL, 2020, '<p>Advance</p>', NULL, 3, '2020-02-02 17:47:49', '2020-02-02 17:47:49'),
(188, '188', 'MD Mohtasim Billah Mim', 'MD Azad Bokto Sarkar', 'MST Shamsun Nahar', NULL, '421/1 Separa Parbata, Mirpur-10', 'Taragonj, Rangpur', '2000-11-10', 'male', 15, '300415', '213325', '01788223964', '01790631961', NULL, 'Bangladeshi', NULL, '859271200011618', 'AB+', 'MD Azad Bokto Sarkar', 'Fathers', 'Taragonj, Rangpur', '01790631961', 'Industrial', NULL, 2020, NULL, NULL, 1, '2020-02-02 17:56:31', '2020-02-06 23:35:00'),
(197, '197', 'Jotis Chandro Ray', 'Schindro Nath Ray', 'Berodoni Rani Ray', NULL, '421/1 Senpara, Parbota, Mirpur-10', 'Jaldhaka, Nilphamari', '1998-05-01', 'male', 15, '200319', '179721', '01750425692', '01761847273', NULL, 'Bangladeshi', NULL, NULL, 'AB+', 'Schindro Nath Ray', 'Father', 'Jaldhaka, Nilphamari', '01761847273', 'Industrial', NULL, 2020, '<p>Basic</p>', NULL, 3, '2020-02-02 19:29:00', '2020-02-02 19:29:00'),
(198, '198', 'Sahib Khandoker', 'Abdul Quddus khandoker', 'Sharifa Begum', NULL, '212/2 Uttor Ibrahimpur, Kafrul Thana', 'Ulipur Kurigram', '1999-02-16', 'male', 16, '308167', '291834', '01717697363', '01736202423', NULL, 'Bangladeshi', '6455559077', NULL, 'AB+', 'Ferdous Alam', 'Uncle', 'Gulshan PS', '01718660593', 'Industrial', NULL, 2020, NULL, NULL, 1, '2020-02-02 20:03:27', '2020-02-02 20:03:27'),
(199, '199', 'MD. Sujon Mia', 'MD. Kudrat Ali', 'Most. Sorifa Begum', NULL, 'Mirpur 11', 'Rangpur, Kaunia', '2000-03-12', 'male', 16, '308284', '291699', '01797735728', '01770711739', 'mdsujommia@gmail.com', 'Bangladeshi', NULL, NULL, 'A+', 'MD. Kudrat Ali', 'Father', 'Rangpur, Kaunia', '01770711739', 'Industrial', NULL, 2020, NULL, NULL, 1, '2020-02-02 20:13:57', '2020-02-02 20:13:57'),
(202, '202', 'Md. Mokarom Hossen Srizon', 'Md. Motior Rahman', 'Most. Nurjahan Begum', NULL, 'Kalsi road, Mirpur-11', 'Birgonj, Dinajpur', '2000-03-02', 'male', 16, '308251', '209805', '01755106348', '01737047360', 'srizon.6348@gmail.com', 'Bangladeshi', NULL, '20002711225002001', 'A+', 'Robiul Islam', 'Brother', 'Kalsi road, Mirpur-11', '01725223155', 'Industrial', NULL, 2020, '<p>Basic</p>', NULL, 3, '2020-02-02 20:17:53', '2020-02-02 20:17:53'),
(204, '204', 'Md. Makhlukat', 'Md. Monjur Alam', 'Mst. Masuma Akter', NULL, 'Kalsi road, Mirpur-11', 'Sadar Rangpur', '2001-08-07', 'male', 16, '308195', '291791', '01774370063', '01405149619', 'makhlukatdipu774@gmail.com', 'Bangladeshi', NULL, NULL, 'A+', 'Md. Monjur Alam', 'Father', 'Sadar Rangpur', '01405149619', 'Industrial', NULL, 2020, '<p>Advance</p>', NULL, 3, '2020-02-02 20:29:52', '2020-02-02 20:29:52'),
(207, '207', 'MD. Saikot Rahman Sadhon', 'MD. Aminur Rahman', 'Mst. Shanaz Parvin', NULL, 'Shenpara parbata, Mirpur-10', 'Rajippur Kurigram', '2000-08-23', 'male', 16, '329094', '271300', '01990746822', '01737619963', NULL, 'Bangladeshi', NULL, '20004910857104087', 'B-', 'MD. Aminur Rahman', 'Father', 'Rajippur Kurigram', '01737619963', 'Industrial', NULL, 2020, NULL, NULL, 1, '2020-02-03 09:15:43', '2020-02-03 09:15:43'),
(208, '208', 'Ismezahan Iti', 'MD. Khotib Uddin', 'Mst. Rashida Begum', NULL, 'Shenpara parbata, Mirpur-10', 'Gopalgonj Sadar Dinajpur', '1999-10-17', 'female', 15, '300403', '213337', '01791377207', '01792800711', NULL, 'Bangladeshi', NULL, NULL, NULL, 'MD. Mamunur Rashid', 'Brother', 'Gopalgonj Sadar Dinajpur', '01744900754', 'Industrial', NULL, 2020, NULL, NULL, 1, '2020-02-03 09:31:56', '2020-02-03 09:31:56'),
(212, '212', 'Antora Khatun', 'Opur Mollah', 'Arifa Begum', NULL, 'Mirpur 1', 'Kushtia', '2000-07-18', 'female', 44, '325514', '274808', '01770919803', '01739966444', NULL, 'Bangladeshi', NULL, '2005026012264288', 'B+', 'Arifa Begum', 'Mother', 'Kushtia', '01739966444', 'Industrial', NULL, 2020, NULL, NULL, 1, '2020-02-03 09:56:35', '2020-02-03 09:56:35'),
(214, '214', 'Kamrun Nahar', 'Mukul Hossan', 'Shanaj Nasrin', NULL, 'Shenpara parbata, Mirpur-10', 'Shilkupa. Jhenaidah', '2000-12-10', 'female', 44, '325496', '274826', '01774725934', '01720142655', 'antukhandokar5934@gmail.com', 'Bangladeshi', NULL, NULL, 'O+', 'Mukul Hossan', 'Father', 'Shilkupa. Jhenaidah', '01720142655', 'Industrial', NULL, 2020, NULL, NULL, 1, '2020-02-03 10:05:45', '2020-02-03 10:05:45'),
(215, '215', 'Md. Sulaiman', 'Sayed Md. Mostafa', 'Most. Nasima Begum', NULL, 'Mirpur-10', 'Hizla, Barishal', '2000-01-01', 'male', 57, '344518', '256178', '01772135657', '01785655085', 'smsulaiman2000@gmail.com', 'Bangladeshi', '5102438586', NULL, 'O+', 'Most. Nasima Begum', 'Mother', 'Hizla, Barishal', '01785655085', 'Industrial', NULL, 2020, '<p>Basic</p>', NULL, 3, '2020-02-03 10:12:12', '2020-02-03 10:12:12'),
(217, '217', 'MD. Jahid Hasan Jibon', 'MD. Ataur Rahman', 'Mst. Jahura Begum', NULL, 'Shenpara parbata, Mirpur-10', 'Dinajpur', '1998-06-15', 'male', 31, '301955', '298021', '01796816892', '01773450481', 'infoojibon@gmail.com', 'Bangladeshi', NULL, '199827110230964', 'O+', 'MD. Ataur Rahman', 'Father', 'Dinajpur', '01773450481', 'Industrial', NULL, 2020, NULL, NULL, 1, '2020-02-03 10:13:56', '2020-02-03 10:13:56'),
(220, '220', 'Md. Moniruzzaman', 'Md. Asir Ali', 'Hamida Begum', NULL, 'Senpara, Mirpur-10', 'Sherpur, Bogra', '1999-12-31', 'male', 57, '344540', '256157', 'i1728709247', 'i1734381810', 'monirkhan344540@gmail.com', 'Bangladeshi', NULL, '19998817860113543', 'O+', 'Md. Hafizul Islam', 'Brother', 'Sirajganj', 'i1734381810', 'Industrial', NULL, 2020, '<p>Basic</p>', NULL, 1, '2020-02-03 10:28:36', '2020-12-31 09:14:13'),
(221, '221', 'MD. Rifat Mahmud Riar', 'MD. Abdul Matin', 'Most. Rashida Khatun', NULL, 'Shamoli', 'Sirajgonj', '1999-02-09', 'male', 60, '249523', '0000138402', '01731955251', '01879774847', 'rifatmahmud36@gmail.com', 'Bangladeshi', NULL, '19998816736113692', 'A+', 'MD. Abdul Matin', 'Father', 'Sirajgonj', '01879774847', 'Industrial', NULL, 2020, NULL, NULL, 1, '2020-02-03 10:28:57', '2020-02-03 10:28:57'),
(224, '224', 'Md. Ashikur Rahman', 'Md. Anowar Hossain', 'Most. Atiara Khatun', NULL, 'Senpara, Mirpur-10', 'Sadar Sirajganj', '2000-08-20', 'male', 60, '321718', '278536', '01307046297', '01728502560', 'ashiq1644shovon@gmail.com', 'Bangladeshi', NULL, '20008817860113775', 'A-', 'Md. Anowar Hossain', 'Father', 'Sadar Sirajganj', '01728502560', 'Industrial', NULL, 2020, '<p>Basic</p>', NULL, 3, '2020-02-03 10:41:15', '2020-02-03 10:41:15'),
(227, '227', 'Musfiqur Rahman', 'Moklesur Rahman', 'Suraya Begum', NULL, 'Mohammadpur, Dhaka', 'Atowari, Panchagarh', '1999-03-25', 'male', 15, '200304', '179736', '01773574077', '01710868707', NULL, NULL, NULL, '19997714810012259', 'O+', 'Moklesur Rahman', 'Father', 'Atowari, Panchagarh', '01710868707', 'Industrial', NULL, 2020, '<p>Basic&nbsp;</p>', NULL, 3, '2020-02-03 10:59:28', '2020-02-03 10:59:28'),
(234, '234', 'Md. Imon Mondol', 'Md. Ibrahim Mondol', 'Nasima Begum', NULL, 'Senpara, Mirpur-10', 'Nagarpur, Tangail', '1998-12-22', 'male', 57, '344568', '256129', '01767774913', '01884612104', 'sunviislamimon@gmail.com', 'Bangladeshi', '3304658291', NULL, NULL, 'Nasima Begum', 'Mother', 'Nagarpur, Tangail', '01884612104', 'Industrial', NULL, 2020, '<p>Basic</p>', NULL, 3, '2020-02-03 11:41:07', '2020-02-03 11:41:07'),
(238, '238', 'Kayum', 'Sawpan Dewan', 'Nargish Begum', NULL, 'Mirpur-12', 'Sadar Shariatpur', '1999-05-01', 'male', 57, '344580', '256117', '01982652859', '01921115968', 'kaiyumdaywan1599@gmail.com', 'Bangladeshi', NULL, '19998616957106934', 'A+', 'Nargish Begum', 'Mother', 'Sadar Shariatpur', '01921115968', 'Industrial', NULL, 2020, '<p>Basic</p>', NULL, 3, '2020-02-03 11:54:52', '2020-02-03 11:54:52'),
(240, '240', 'Ripan Barai', 'Ranjit Barai', 'Sabita Mallik', NULL, 'Senpara, Mirpur-10', 'Kotalipara, Gopalganj', '2001-09-08', 'male', 57, '344543', '256154', '01993803381', '01937227186', 'rripanbarai@gmail.com', 'Bangladeshi', NULL, '20013515139005611', 'O+', 'Sabita Mallik', 'Mother', 'Kotalipara, Gopalganj', '01937227186', 'Industrial', NULL, 2020, '<p>Basic</p>', NULL, 3, '2020-02-03 12:08:44', '2020-02-03 12:08:44'),
(246, '246', 'MD. Saeed Hosen', 'MD. Abdullah', 'Mst. Siddika', NULL, 'Gajipur', 'Dinajpur', '2001-12-12', 'male', 16, '308204', '291775', '01767294442', '01521338790', 'saeedkpik@gmail.com', 'Bangladeshi', NULL, '20012711785013011', 'A+', 'MD. Abubokkor Siddik', 'Brother', 'Gajipur', '01521338790', 'Industrial', NULL, 2020, NULL, NULL, 1, '2020-02-03 12:52:12', '2020-02-03 12:52:12'),
(247, '247', 'Sumon Chandra Roy', 'Dulal  Chandra Roy', 'Mina Rani Roy', NULL, 'Gazipur', 'Dinajpur', '1999-10-04', 'male', 16, '308249', '209807', '01796106966', '01734301899', 'sumonkpi2019@gmail.com', 'Bangladeshi', '8254198792', NULL, 'AB+', 'Dulal  Chandra Roy', 'Father', 'Dinajpur', '01734301899', 'Industrial', NULL, 2020, '<p>Basic</p>', NULL, 3, '2020-02-03 12:54:55', '2020-02-12 13:02:29'),
(248, '248', 'Md. Yeasin', 'Md. Ibrahim', 'Monowara Begum', NULL, 'I/14 Block-E, Lalmatia, Dhaka', 'Sonagazi, Feni', '2001-01-01', 'male', 68, '350943', '249800', '01797160222', '01818013095', 'mdyeasin.sakil@gmail.com', 'Bangladeshi', NULL, NULL, 'O+', 'Md. Ismail', 'Brother', 'Sonagazi, Feni', '01817759801', 'Industrial', NULL, 2020, '<p>Basic</p>', NULL, 3, '2020-02-03 14:41:06', '2020-02-03 14:43:14'),
(251, '251', 'Sadril Amin Shuvo', 'Md. Sharif Miah', 'Halima Begum', NULL, 'Mohammadpur, Dhaka', 'Bajetpur, Kishoreganj', '1999-12-04', 'male', 68, '350975', '249770', '01762632731', '01716812550', 'sadrilshuvo420@gmail.com', 'Bangladeshi', NULL, NULL, 'A+', 'Md. Sharif Miah', 'Father', 'Bajetpur, Kishoreganj', '01716812550', 'Industrial', NULL, 2020, '<p>Basic</p>', NULL, 3, '2020-02-03 14:57:18', '2020-02-03 14:57:18'),
(253, '253', 'Md. Shaharia Hossain Shuvo', 'Md. Badal Mallik', 'Mrs. Sarmin Nahar', NULL, 'Moddha, Badda', 'Bakergonj, Barishal', '1999-08-27', 'male', 68, '350966', '249778', '01870477737', '01635163380', NULL, NULL, NULL, NULL, 'O+', 'Md. Badal Mallik', 'Father', 'Moddha, Badda', '01635163380', 'Industrial', NULL, 2020, '<p>Basic</p>', NULL, 3, '2020-02-03 15:06:42', '2020-02-03 15:06:42'),
(258, '258', 'Faisal Islam Fahim', 'Md. Rafiqul Islam', 'Roksana Islam', NULL, '21/1, Dhakhingaon, Basabo, Dhaka', '21/1, Dhakhingaon, Basabo, Dhaka', '2000-07-11', 'male', 68, '350979', '249766', '01611766557', '01720153839', 'saiyanfaisal@gmail.com', 'Bangladeshi', NULL, NULL, 'O+', 'Md. Rafiqul Islam', 'Father', '21/1, Dhakhingaon, Basabo, Dhaka', '01720153839', 'Industrial', NULL, 2020, '<p>Basic</p>', NULL, 3, '2020-02-03 15:18:47', '2020-02-03 15:18:47'),
(260, '260', 'Md. Habibur Rahman', 'Md. Moniruzzaman', 'Beauty Begum', NULL, 'Senpara, Mirpur-10', 'Sadar Sherpur', '2001-02-08', 'male', 34, '346534', '254185', '01965088705', '01925313285', NULL, 'Bangladeshi', NULL, '20018918874033820', 'O+', 'Md. Moniruzzaman', 'Father', 'Sadar Sherpur', '01925313285', 'Industrial', NULL, 2020, '<p>Advance</p>', NULL, 3, '2020-02-03 16:22:47', '2020-02-03 16:22:47');
INSERT INTO `students` (`id`, `reg_no`, `name`, `fathers_name`, `mothers_name`, `photo`, `present_address`, `permanent_address`, `dob`, `gender`, `institute_id`, `board_roll`, `board_reg`, `phone`, `parents_phone`, `email`, `nationality`, `nid`, `birth`, `blood_group`, `emergency_contact_name`, `emergency_contact_relation`, `emergency_contact_address`, `emergency_contact_phone`, `student_as`, `district`, `year`, `note`, `career_info`, `user_id`, `created_at`, `updated_at`) VALUES
(261, '261', 'Md. Jahangir Hossain', 'Md. Al-mas Hossain', 'Banu Begum', NULL, 'Airport, Dhaka', 'Airport, Dhaka', '1999-08-15', 'male', 34, '346571', '254148', '01534799666', '01989456974', NULL, 'Bangladeshi', NULL, '19992619038001279', 'B+', 'Banu Begum', 'Mother', 'Airport, Dhaka', '01989456974', 'Industrial', NULL, 2020, '<p>Advance</p>', NULL, 3, '2020-02-03 16:35:47', '2020-02-03 16:35:47'),
(265, '265', 'Ronobir Kumar Roy', 'Pranesh Barman', 'Bulbuli Rani', NULL, 'Mirpur-10', 'Pirgacha, Rangpur', '2001-05-20', 'male', 16, '308171', '291826', '01719427572', '01737822385', 'ranobirroy1234@gmail.com', 'Bangladeshi', NULL, '20018517317103683', 'B+', 'Uzzal Roy', 'Brother', 'Mymensingh', '01751211425', 'Industrial', NULL, 2020, '<p>Advance</p>', NULL, 3, '2020-02-03 17:32:53', '2020-02-03 17:32:53'),
(266, '266', 'Ariful Islam', 'Md. Idrish Ali', 'Arifa Begum', NULL, 'Mirpur-10', 'Sundorganj, Gaibandha', '2000-06-01', 'male', 16, '308181', '291813', '01767953943', '01740134521', 'arifulislam017679@gmail.com', 'Bangladeshi', NULL, '20003219194011620', 'O+', 'Md. Idrish Ali', 'Father', 'Sundorganj, Gaibandha', '01740134521', 'Industrial', NULL, 2020, '<p>Advance</p>', NULL, 3, '2020-02-03 17:54:38', '2020-02-03 17:54:38'),
(275, '275', 'Mahibullah Siddiq', 'Md. Nur Kibria Alam', 'Ruma Begum', NULL, 'Mirpur-11, Dhaka', 'Boalmari, Faridpur', '2001-09-11', 'male', 63, '347736', '252983', '01732329071', '01718348773', NULL, 'Bangladeshi', NULL, '20012921805010320', NULL, 'Md. Nur Kibria Alam', 'Father', 'Boalmari, Faridpur', '01718348773', 'Industrial', NULL, 2020, '<p>Basic</p>', NULL, 3, '2020-02-04 10:06:39', '2020-02-04 10:14:37'),
(277, '277', 'Suvo Roy', 'Ausu Roy', 'Mukti Rani Roy', NULL, 'Senpara, Mirpur-10', 'Santinager, Thakurgaon', '2001-01-11', 'male', 61, '310714', '289313', '01706756917', '01723590557', 'royshuvo1150@gmail.com', 'Bangladeshi', NULL, '20019429401071776', 'B+', 'Mukti Rani Roy', 'Mother', 'Tetuliya Panchagarh', '01723590557', 'Industrial', NULL, 2020, '<p>Basic</p>', NULL, 3, '2020-02-04 10:43:16', '2020-02-04 10:43:16'),
(279, '279', 'MD. Abdul Momin', 'MD. Rofikul Alam', 'Most. Moyful Khatun', NULL, 'Salimuddin market, Mirpur-1', 'Bogura', '2000-08-05', 'male', 61, '310717', '289310', '01764749014', '01764987125', 'mdmominislam9014@gmail.com', 'Bangladeshi', NULL, '20001019447021694', 'O+', 'MD. Rofiqul', 'Father', 'Bogura', '01764987125', 'Industrial', NULL, 2020, NULL, NULL, 1, '2020-02-04 10:43:42', '2020-02-04 11:31:18'),
(281, '281', 'MD. Kamruzzaman', 'MD. Khoybor Hossain', 'Mst. Kamrunnahar Begum', NULL, 'Shewrapara,Mirpur 10', 'Dinazpur', '2000-12-30', 'male', 31, '301934', '298042', '01720503145', '01728459793', NULL, 'Bangladeshi', NULL, NULL, 'AB+', 'MD. Khoybor Hossain', 'Father', 'Dinazpur', '01728459793', 'Industrial', NULL, 2020, NULL, NULL, 1, '2020-02-04 10:54:22', '2020-02-04 10:54:22'),
(283, '283', 'Mst. Jemi Khatun', 'Md. Borhan Ali', 'Mst. Kohinur Begum', NULL, 'Senpara, Mirpur-10', 'Sadar Bogra', '1999-06-25', 'female', 61, '310716', '289311', '01764100950', '01754326812', NULL, 'Bangladeshi', '4204045258', NULL, 'A+', 'Md. Aslam Hossen', 'Husband', 'Sadar Bogra', '01744486708', 'Industrial', NULL, 2020, '<p>Basic</p>', NULL, 3, '2020-02-04 11:00:15', '2020-02-04 11:00:15'),
(285, '285', 'Md. Raihan Hossen', 'Md. Piarul Islam', 'Mst. Rina Khatun', NULL, 'Mirpur-1, Dhaka', 'Sadar Magura', '1999-12-10', 'male', 42, '330448', '269959', '01728545111', '01792885848', 'www.raihan97@gmail.com', 'Bangladeshi', NULL, '19995525702037241', 'B+', 'Md. Piarul Islam', 'Father', 'Sadar Magura', '01792885848', 'Industrial', NULL, 2020, '<p>Basic</p>', NULL, 3, '2020-02-04 11:20:17', '2020-02-04 11:20:17'),
(287, '287', 'Adittoy Bhoumik', 'Ashis Bhoumik', 'Kallyani Bhoumik', NULL, 'Mirpur - 1, Dhaka', 'Magura', '2001-03-13', 'male', 42, '330446', '269961', '01706115446', '01713903290', NULL, 'Bangladeshi', NULL, '200015516663014406', 'B+', 'Ashis Bhoumik', 'Father', 'Magura', '01713903290', 'Industrial', NULL, 2020, '<p>Web Design &amp; Development</p>', NULL, 1, '2020-02-04 11:21:06', '2020-02-04 11:21:06'),
(289, '289', 'Md. Rashedul Islam', 'Md. Aminul Islam', 'Merina Parven', NULL, 'Nabinagar, Savar', 'Tikebilla, Sreepur, Magura', '1999-08-08', 'male', 42, '330462', '269945', '01750229513', '01735901756', NULL, 'Bangladeshi', NULL, NULL, 'O+', 'Md. Aminul Islam', 'Father', 'Tikebilla, Sreepur, Magura', '01735901756', 'Industrial', NULL, 2020, '<p>Basic</p>', NULL, 3, '2020-02-04 11:30:03', '2020-02-04 11:30:03'),
(292, '292', 'MD. Noyan Babu', 'MD. Anisur Rahman', 'Mst. Nargis Khatun', NULL, 'Shenpara parbata, Mirpur-10', 'Kazipur, Sirajgonj', '2000-07-11', 'male', 61, '310732', '289295', '01756285899', '01754270252', NULL, 'Bangladeshi', NULL, '20008815025102217', 'O+', 'MD. Anisur Rahman', 'Father', NULL, '01754270252', 'Industrial', NULL, 2020, NULL, NULL, 1, '2020-02-04 11:45:19', '2020-02-04 11:45:19'),
(293, '293', 'Pappu Kumar Shaha', 'Noren Chendro Shaha', 'Radha Rani', NULL, 'Shenpara parbata, Mirpur-10', 'Sherpur, Bogra', '2001-05-25', 'male', 61, '310745', '289282', '01718285189', '01762438277', NULL, 'Bangladeshi', NULL, NULL, NULL, 'MD. Momin', 'Friend', NULL, '01764749014', 'Industrial', NULL, 2020, NULL, NULL, 1, '2020-02-04 11:54:30', '2020-02-04 11:58:22'),
(294, '294', 'Tulshi Das Ghosh', 'Raghunath Ghosh', 'Varoti Rani Ghosh', NULL, 'Shenpara parbata, Mirpur-10', 'Sirajgonj', '2000-09-21', 'male', 61, '310729', '289298', '01742605894', '01731485624', NULL, 'Bangladeshi', NULL, '20008816765125178', NULL, 'MD. Momin', 'Friend', NULL, '01764749014', 'Industrial', NULL, 2020, NULL, NULL, 1, '2020-02-04 12:04:52', '2020-02-04 12:07:15'),
(297, '297', 'Md. Ahsan Habib', 'Md. Hazrat Ali', 'Most. Ayesha Begum', NULL, 'Gazipur', 'Pirgachha, Rangpur', '2000-07-09', 'male', 16, '308366', '209756', '01788116269', '01721700936', 'ahsanashik752@gmail.com', 'Bangladeshi', NULL, '20008517376000814', 'O+', 'Md. Hazrat Ali', 'Father', 'Pirgachha, Rangpur', '01721700936', 'Industrial', NULL, 2020, '<p>Duet</p>', NULL, 3, '2020-02-04 12:29:09', '2020-02-04 12:29:09'),
(298, '298', 'Subrata Kumar Ray', 'Fanindro Nath Ray', 'Sita Rani Ray', NULL, 'Gajipur', 'Lalmonirhat', '1999-03-12', 'male', 16, '318157', '291847', '01318045441', '01704167048', 'subdratakumar839@gmail.com', 'Bangladeshi', NULL, '19995215583001993', 'O+', 'Deb Datta Ray', 'Brother', 'Mymensingh', '01704167048', 'Industrial', NULL, 2020, NULL, NULL, 1, '2020-02-04 12:29:22', '2020-02-04 12:29:22'),
(301, '301', 'Md. Moniruzzaman', 'Md. Faruk Miah', 'Mst. Mukta Begum', NULL, 'Gazipur', 'Mithapukur, Rangpur', '2000-05-05', 'male', 16, '308310', '291661', '01723374913', '01785385779', 'mdmonirm106@gmail.com', 'Bangladeshi', NULL, '20008517663101040', 'AB+', 'Md. Faruk Miah', 'Father', 'Mithapukur, Rangpur', '01785385779', 'Industrial', NULL, 2020, '<p>Duet</p>', NULL, 3, '2020-02-04 12:45:35', '2020-02-04 12:45:35'),
(303, '303', 'Md. Monir Haque', 'Md. Sonarul Haque', 'Most. Monoara Begum', NULL, 'Senpara, Mirpur-10', 'Sadar Panchagarh', '1999-09-15', 'male', 49, '374032', '227044', '01784024729', '01740076426', 'monirhaque1456@gmail.com', 'Bangladeshi', NULL, '7717359001177', 'A+', 'Md. Sonarul Haque', 'Father', 'Sadar Panchagarh', '01740076426', 'Industrial', NULL, 2020, '<p>Basic</p>', NULL, 3, '2020-02-04 13:49:03', '2020-02-04 13:49:03'),
(306, '306', 'Md. Manik Mia', 'Md. Azad Hossain', 'Most. Bilkis Begum', NULL, 'Senpara, Mirpur-10', 'Sandiapur, Sadullapur, Gaibandha', '2000-05-13', 'male', 49, '373987', '227088', '01740306351', '01722980256', 'maniksn100@gmail.com', 'Bangladeshi', NULL, '20003218294015026', 'B+', 'Md. Azad Hossain', 'Father', 'Sandiapur, Sadullapur, Gaibandha', '01722980256', 'Industrial', NULL, 2020, '<p>Basic</p>', NULL, 3, '2020-02-04 14:02:31', '2020-02-04 14:02:31'),
(309, '309', 'Md. Ashraful Islam Hridoy', 'Md. Mabarak Mridha', 'Mst. Fahima Begum', NULL, 'Senpara, Mirpur-10', 'Bonpara, Natore', '2000-02-02', 'male', 27, '315564', '284664', '01766914899', '01793423292', 'asrafulislamhridoy99@gmail.com', 'Bangladeshi', NULL, '2006691502003295', 'O+', 'Md. Mabarak Mridha', 'Father', 'Bonpara, Natore', '01793423292', 'Industrial', NULL, 2020, '<p>Basic</p>', NULL, 3, '2020-02-05 12:12:53', '2020-02-05 12:12:53'),
(312, '312', 'Mizanur Rahman', 'Habibur Rahman', 'Feroza Begum', NULL, 'Senpara, Mirpur-10', 'Beltoli, Shagata, Gaibandha', '1999-01-20', 'male', 27, '315403', '284817', '01755252650', '01821445529', 'mizanuremon55@gmail.com', 'Bangladeshi', '8256720643', NULL, 'A+', 'Imran', 'Brother', 'Gazipur, Dhaka', '01922091904', 'Industrial', NULL, 2020, '<p>Basic</p>', NULL, 3, '2020-02-05 12:30:45', '2020-02-06 19:08:40'),
(313, '313', 'Fozle Rabbi', 'Joynal Abedin', 'Jobeda Begum', NULL, 'Gazipur, Dhaka', 'Sadar Rangpur', '1999-08-07', 'male', 16, '308352', '291658', '01796710416', '01964006820', 'fozlerabbi796@gmail.com', 'Bangladeshi', NULL, '19998597532421377', 'B+', 'Md. Jahidul Islam', 'Brother', 'Asulia, Dhaka', '01789591933', 'Industrial', NULL, 2020, '<p>Duet</p>', NULL, 3, '2020-02-05 13:34:24', '2020-02-05 13:34:24'),
(316, '316', 'Tareq Talukdar', 'Sobuj Talukdar', 'Komola Talukdar', NULL, 'Senpara, Mirpur-10', 'Netrokona', '2000-01-02', 'male', 20, '370888', '230163', '01871416664', NULL, NULL, 'Bangladeshi', NULL, '20007210935031300', 'O+', 'Zonaed', 'Brother', 'Senpara, Mirpur-10', '01788691973', 'Industrial', NULL, 2020, '<p>Basic</p>', NULL, 3, '2020-02-05 13:53:59', '2020-02-05 13:53:59'),
(317, '317', 'Md. Nur Alam Kabir', 'Md. Fazlul Haque', 'Kohinul Begum', NULL, 'Kaziphara, Mirpur - 10', 'Kurigram', '1997-07-24', 'male', 18, '203929', '176112', '01750547850', '01912494126', NULL, 'Bangladeshi', NULL, NULL, 'A+', 'Md. Shofiqul Islam', 'Brother', 'komlapur', '01912494126', 'Professional', NULL, 2020, '<p>Basic</p>', NULL, 1, '2020-02-05 15:18:48', '2020-07-14 12:13:49'),
(321, '321', 'Md. Tamal Hossain', 'Md. Abdul Hanif', 'Mst. Nazma Khatun', NULL, 'Senpara, Mirpur-10', 'Ullapara , Sirajgonj', '2000-08-31', 'male', 34, '346564', '254155', '01869022118', '01788159831', NULL, 'Bangladeshi', NULL, '20008827507063650', NULL, 'Md. Khalil Rahman', 'Brother', 'Ullapara , Sirajgonj', '01788159831', 'Industrial', NULL, 2020, NULL, NULL, 3, '2020-02-05 18:37:38', '2020-02-05 18:37:38'),
(322, '322', 'Mosharof Hossan', 'Md. Forkan Ali', 'Mojida Begum', NULL, '8/17 Block-C, Section-10, Mirpur', 'Nalitabari, Sherpur', '1999-07-14', 'male', 68, '350890', '249851', '01736668430', '01779217173', 'engmosharofcs@gmail.com', 'Bangladeshi', NULL, NULL, 'B+', 'Mojida Begum', 'Mother', '8/17 Block-C, Section-10, Mirpur', '01779217173', 'Industrial', NULL, 2020, '<p>Basic</p>', NULL, 3, '2020-02-06 10:43:34', '2020-02-06 10:43:34'),
(325, '325', 'Md. Adnan Hul Huq Babul', 'Md. Ashraful Alam', 'Mrs. Nasima Akther', NULL, 'Jonota Housing, Adabor, Shamoly, Dhaka', 'Bheramara, Kushtia', '2001-11-30', 'male', 68, '350949', '249794', '01789143872', '01761770797', 'adnanbabulcse@gmail.com', 'Bangladeshi', NULL, NULL, 'A+', 'Md. Faisal Alam', 'Brother', 'Jonota Housing, Adabor, Shamoly, Dhaka', '01761770797', 'Industrial', NULL, 2020, '<p>Advance</p>', NULL, 3, '2020-02-06 18:31:21', '2020-02-06 18:31:21'),
(331, '331', 'Shirina Khatun', 'Afil Uddin', 'Khodeza', NULL, 'Mirpur-10, Dhaka', 'Kalaroya, Satkhira', '1997-03-03', 'female', 19, '388555', '207826', '01784363258', NULL, NULL, 'Bangladeshi', NULL, '19978714339005895', NULL, 'Suman Ali', 'Brother', 'Mirpur-10', '01733652265', 'Industrial', NULL, 2020, '<p>Basic</p>', NULL, 3, '2020-02-11 07:11:49', '2020-02-11 07:11:49'),
(332, '332', 'Alina Rahman Hira', 'Ataur Rahman', 'Most. Rokeya Khatun', NULL, 'Mirpur-10', 'Agordari, Satkhira', '1998-09-12', 'female', 19, '334222', '266360', '01789991460', '01745665789', NULL, 'Bangladeshi', NULL, '2007878213002003', NULL, 'Most. Rokeya Khatun', 'Mother', 'Agordari, Satkhira', '01745665789', 'Industrial', NULL, 2020, '<p>Basic</p>', NULL, 3, '2020-02-11 07:22:55', '2020-02-11 07:22:55'),
(333, '333', 'Sumita Yeasmin', 'Md. Nasir Islam', 'Mist. Sajadea Khatun', NULL, 'Gazipur', 'kushtia Doulatpur', '1999-04-29', 'female', 44, '325495', '274827', '01725299025', '01722532685', NULL, 'Bangladeshi', NULL, '19995013994106820', 'AB +', 'Mist. Sajadea Khatun', 'Mother', 'kushtia Doulatpur', '01722532685', 'Industrial', NULL, 2020, '<p>Basic</p>', NULL, 1, '2020-02-12 08:50:42', '2020-07-02 09:34:55'),
(334, '334', 'Md. Robeul Islam', 'Md. Arman Khan', 'Mst. Rahela Begum', NULL, 'Nabinagar, Savar, Dhaka', 'Aminpur, Pabna', '2000-06-03', 'male', 61, '310753', '289274', '01850686176', '01739056916', NULL, 'Bangladeshi', NULL, NULL, NULL, 'Md. Arman Khan', 'Father', 'Aminpur, Pabna', '01739056916', 'Industrial', NULL, 2020, '<p>Basic</p>', NULL, 3, '2020-02-13 09:47:46', '2020-02-13 09:47:46'),
(337, '03', 'Md. Maruf Ahammed', 'Md. Abdul Mannan', 'Mst. Mousumi Begum', NULL, 'Farmgate', 'Sardar para, Kurigram Sadar', '1999-10-12', 'male', NULL, NULL, NULL, '01408294877', '01922082343', 'ajjibon87786@gmail.com', 'Bangladeshi', NULL, NULL, NULL, 'Mst. Mousumi Begum', 'Mother', 'Sardar para, Kurigram Sadar', '01922082343', 'Professional', 'Kurigram', 2020, '<p>Proxy Student</p>', NULL, 3, '2020-02-15 13:39:07', '2020-02-15 13:39:07'),
(338, '01', 'Hridoy Mollah', 'Faruk Mollah', 'Piyara Begum', NULL, 'Shimuliya', 'Shimuliya', '1999-01-01', 'male', NULL, NULL, NULL, '01863427960', NULL, NULL, 'Bangladeshi', NULL, NULL, NULL, NULL, NULL, NULL, NULL, 'Professional', 'Dhaka', 2019, NULL, NULL, 1, '2020-02-15 13:42:33', '2020-02-15 13:42:33'),
(339, '04', 'Mostofa Kamal', 'Kamal Uddin (Mohon)', 'Saleha Begum', NULL, 'Norabo, kachohen, Rupganj, Narayanganj', 'Norabo, kachohen, Rupganj, Narayanganj', '1998-10-03', 'male', NULL, NULL, NULL, '01625702765', '01846704659', 'tipus7141@gmail.com', 'Bangladeshi', NULL, NULL, NULL, NULL, NULL, NULL, NULL, 'Professional', 'Narayanganj', 2020, NULL, NULL, 1, '2020-02-15 13:46:43', '2020-02-15 13:46:43'),
(340, '02', 'MD. Mahedi Hassan', 'Hazi Md Khague Munshi', 'Hazera Begum', NULL, 'H#40, R#11, South Baridhara', 'Merul Badda Dhaka', '1984-02-10', 'male', NULL, NULL, NULL, '01819007811', NULL, NULL, 'Bangladeshi', NULL, NULL, 'A+', NULL, NULL, NULL, NULL, 'Professional', 'Dhaka', 2019, NULL, NULL, 1, '2020-02-15 13:51:11', '2020-02-15 13:51:11'),
(341, '05', 'Md. Elias Hossen', 'Md. Khalilur Rahman', 'Mst. Fatema Khatun', NULL, 'Shewrapara, Mirpur, Dhaka', 'Pabna', '1999-09-08', 'male', NULL, NULL, NULL, '01753055402', '01955056705', 'elias221628@gmail.com', 'Bangladeshi', NULL, NULL, 'O+', NULL, NULL, NULL, NULL, 'Professional', 'Pabna', 2020, '<p>Proxy student</p>', NULL, 3, '2020-02-15 13:54:57', '2020-02-15 13:54:57'),
(342, '03', 'Shifati Rabbi', 'MD. Shafiqul Alam', 'Shaheen Sultana', NULL, 'Jahangirnagar University , Savar', 'Nabinagar, Brahmanbaria', '2000-06-04', 'male', NULL, NULL, NULL, '01316713970', NULL, 'shifatirabbi2000@gmail.com', 'Bangladeshi', NULL, NULL, 'B+', 'Shihabul Minhaz', 'Brother', 'Trishal Mymenshing', '01631300956', 'Professional', 'Savar', 2019, NULL, NULL, 1, '2020-02-15 13:55:14', '2020-02-15 13:55:14'),
(343, '04', 'Bayzid Ahmad', 'Abdul Kalac', 'Jahanara Akter', NULL, 'Mirpur-1 Dhaka 1216 Janata H2120', 'Mirpur-1 Dhaka 1216 Janata H2120', '2000-12-25', 'male', NULL, NULL, NULL, '01995094759', '01957949453', 'byzid01782@gmail.com', 'Bangladeshi', NULL, NULL, 'O+', NULL, NULL, NULL, NULL, 'Professional', 'Dhaka', 2019, NULL, NULL, 1, '2020-02-15 13:58:36', '2020-02-15 13:58:36'),
(344, '06', 'Amena Akter', 'Md. Anichur Rahman', 'Most. Altuma Begum', NULL, 'Farmgate', 'Kurigram', '1999-11-01', 'female', NULL, NULL, NULL, '01710053273', '01855884810', 'amenaakterasha1@gmail.com', 'Bangladeshi', NULL, NULL, NULL, 'Md. Afshar', 'Uncle', 'Farmgate', '01855884810', 'Professional', 'Kurigram', 2020, '<p>Proxy student</p>', NULL, 3, '2020-02-15 13:59:13', '2020-02-15 13:59:13'),
(345, '07', 'MD. Mamun ur Rashid', 'MD. Faizul Islam', 'Rahima Begum', NULL, '183, South Pirer Bag Mirpur Dhaka 1216', '183, South Pirer Bag Mirpur Dhaka 1216', '1988-01-10', 'male', NULL, NULL, NULL, '01612505552', NULL, 'mamoon.phrd@gmail.com', 'Bangladeshi', NULL, NULL, 'A+', 'Rahima Begum', 'Mother', '183 South Pirer Bag Mirpur', '01716547891', 'Professional', 'Dhaka', 2020, NULL, NULL, 1, '2020-02-15 14:02:33', '2020-02-15 14:02:33'),
(346, '08', 'Riya Sultana', 'Md. Nasair Gazi', 'Mrs. Jorina Begum', NULL, 'Middle Badda', 'Badda', '1997-06-17', 'female', NULL, NULL, NULL, '01630471444', NULL, NULL, 'Bangladeshi', NULL, NULL, NULL, 'Md. Rasel', 'Husband', 'Badda', '01628063970', 'Professional', 'Dhaka', 2020, '<p>Professional</p>', NULL, 3, '2020-02-15 14:03:35', '2020-02-15 14:03:35'),
(347, '09', 'Md. Saidur Rahman Biplob', 'Md. Ashraf Ali', 'Mrs. Anjanara Begum', NULL, 'Dhaka', 'Alamdanga, College para, Chuadanga', '1978-08-22', 'male', NULL, NULL, NULL, '01938928683', NULL, 'saidur_biplob@yahoo.com', 'Bangladeshi', '2693004769759', NULL, 'B+', NULL, NULL, NULL, NULL, 'Professional', 'Chuadanga', 2020, '<p>professional</p>', NULL, 3, '2020-02-16 04:51:19', '2020-02-16 04:51:19'),
(348, '10', 'Hridoy Mollah', 'Faruk Mollah', 'Piyara Begum', NULL, 'Shimuliya', 'Shimuliya', '1999-01-01', 'male', NULL, NULL, NULL, '01863497960', '01757634180', 'hridoyrupg@gmail.com', 'Bangladeshi', NULL, NULL, 'AB+', 'Mostofa', 'Friend', 'Kanchan', '01625702765', 'Professional', 'Dhaka', 2020, '<p>professional</p>', NULL, 3, '2020-02-16 05:21:06', '2020-02-16 05:21:06'),
(349, '11', 'Esrat Islam Swety', 'Md. Belayet Hossain', 'Jobeda Begum', NULL, 'Mazukhan, Ratanpur, Kalaiakair, Gazipur', 'Mazukhan, Ratanpur, Kalaiakair, Gazipur', '1996-12-15', 'female', NULL, NULL, NULL, '01319412619', '01712674591', 'esmat722@gmail.com', 'Bangladeshi', '6876784809', NULL, 'A+', 'Belayet', 'Father', 'Mazukhan, Ratanpur, Kalaiakair, Gazipur', '01712674591', 'Professional', 'Gazipur', 2020, '<p>professional</p>', NULL, 3, '2020-02-16 05:27:53', '2020-02-16 05:27:53'),
(350, '12', 'Shimul Kumar Modak', 'Late Ramkrishna Modak', 'Archana Modak', NULL, 'Janata housing, Mirpur-1, Dhaka', 'Kanchanpur, Adamdighi, Bogura', '1985-02-01', 'male', NULL, NULL, NULL, '01722461204', '01814124695', 'shimulkumar14@gmail.com', 'Bangladeshi', NULL, NULL, 'B+', 'Dipa Karmakar', 'Wife', 'Janata housing, Mirpur-1, Dhaka', '01766642132', 'Professional', 'Bogura', 2020, '<p>professional</p>', NULL, 3, '2020-02-16 05:55:20', '2020-02-16 05:55:20'),
(351, '13', 'Md. Rokib Khan', 'Md. Nazrul Islam', 'Mst. Rokeya Khanom', NULL, 'Ring road, Shyamoli, Dhaka', 'Savar, Dhaka', '1996-06-26', 'male', NULL, NULL, NULL, '01737544114', NULL, 'rokib.email@gmail.com', 'Bangladeshi', NULL, NULL, NULL, 'Mr. Dipu', 'Friend', NULL, '01858708076', 'Professional', 'Dhaka', 2020, '<p>professional</p>', NULL, 3, '2020-02-16 06:00:26', '2020-02-16 06:00:26'),
(352, '14', 'Tamanna Sultana', 'Md. Samsul Haque Mollik', 'Most. Taslima Begum', NULL, 'N/A', 'N/A', '1986-01-01', 'female', NULL, NULL, NULL, '01760163256', NULL, NULL, NULL, '0907601312', NULL, NULL, NULL, NULL, NULL, NULL, 'Professional', 'N/A', 2020, '<p>professional</p>', NULL, 3, '2020-02-16 06:03:43', '2020-02-16 06:03:43'),
(353, '15', 'Md. Shafiqul Islam', 'Md. Majnu Miah', 'Jahura Begum', NULL, 'N/A', 'N/A', '1999-03-01', 'male', NULL, NULL, NULL, '01911779610', '01911779613', NULL, 'Bangladeshi', NULL, NULL, 'B+', NULL, NULL, NULL, NULL, 'Professional', 'N/A', 2020, '<p>professional</p>', NULL, 3, '2020-02-16 06:10:17', '2020-02-16 06:10:17'),
(354, '16', 'Md. Rajan Ahmed', 'Md. Khalil Ahmed', 'Sokina Begum', NULL, '34 No lalasorai, Dhaka', 'Itna, Kishoreganj', '2000-01-01', 'male', NULL, NULL, NULL, '01914040002', '01744322449', 'rajanali7572@gmail.com', 'Bangladeshi', '4204940698', NULL, NULL, NULL, NULL, NULL, NULL, 'Professional', 'Kishoreganj', 2020, '<p>professional</p>', NULL, 3, '2020-02-16 06:16:02', '2020-02-16 06:16:02'),
(355, '17', 'Md. Shawon', 'Ashaduzzaman', 'Roshida Khatun', NULL, 'Meherpur', 'Meherpur', '1999-01-01', 'male', NULL, NULL, NULL, '01999750029', NULL, NULL, 'Bangladeshi', NULL, NULL, NULL, NULL, NULL, NULL, NULL, 'Professional', 'Meherpur', 2020, '<p>professional</p>', NULL, 3, '2020-02-16 06:21:05', '2020-02-16 06:21:05'),
(356, '05', 'Md. Yeasin Arafat', 'Md. Liakat Ali', 'Sajeda Khatun', NULL, 'Akorkandi, Jajera Shariatpur', 'Akorkandi, Jajera Shariatpur', '1998-10-30', 'male', NULL, NULL, NULL, '01316060769', NULL, 'yeasinarafat19980@gmail.com', 'Bangladeshi', NULL, NULL, 'A+', 'Md. Junayed Ahmed', 'Brother', 'Mohammodpur Dhaka 1207', '01772381199', 'Professional', 'Shariatpur', 2019, NULL, NULL, 1, '2020-02-16 06:21:41', '2020-02-16 06:21:41'),
(357, '18', 'Priya Akter', 'Md. Abdul Motolab', 'Mrs. Pannu Begum', NULL, 'Middle Badda', 'Badda', '1999-09-11', 'female', NULL, NULL, NULL, '01968247404', NULL, NULL, NULL, NULL, NULL, NULL, 'Mukta', 'Sister', 'Badda', '01867579035', 'Professional', 'Dhaka', 2020, '<p>professional</p>', NULL, 3, '2020-02-16 06:25:26', '2020-02-16 06:25:26'),
(358, '06', 'Kazi Taiyabur Rahman', 'Kazi Bodrul Islam', 'Tahamina Islam', NULL, '2-A/12, Pallabi, Mirpur, Dhaka', 'vill: Pangiprohari, Post: Baruakhali, PS: Nawabganj Dhaka', '2000-11-12', 'male', NULL, NULL, NULL, '01979524400', '01319407459', 'abirhajjumrah@gmail.com', 'Bangladeshi', NULL, NULL, 'O+', NULL, NULL, NULL, NULL, 'Professional', 'Dhaka', 2019, NULL, NULL, 1, '2020-02-16 06:28:37', '2020-02-16 06:28:37'),
(359, '19', 'Md. Maksudul Islam', 'Md. Nurul Islam', 'Taluara Begum', NULL, '39/ West kafrul, Shere-E-Bangla Nagar, Dhaka', 'Dauki, Alamdanga, Chuadanga', '1989-07-15', 'male', NULL, NULL, NULL, '01937048686', '01711281046', 'maksudulislam01@gmail.com', 'Bangladeshi', '2693016108500', NULL, 'AB+', 'Jane Alam Rajo', 'Friend', '23/1 West Kafrul', '01911721461', 'Professional', 'Chuadanga', 2020, '<p>professional</p>', NULL, 3, '2020-02-16 06:36:06', '2020-02-16 06:36:06'),
(360, '20', 'Shahidul Islam Poyel', 'Shahab Uddin', 'Monoara Begum', NULL, 'Mirpur-6, Dhaka', 'Vobanipur, Gazipur', '1989-03-15', 'male', NULL, NULL, NULL, '01710267945', '01715008014', 'poyel.islam@gmail.com', 'Bangladeshi', '6001257804', NULL, 'A+', 'Shahab Uddin', 'Father', 'Vobanipur, Gazipur', '01715008014', 'Professional', 'Gazipur', 2020, '<p>professional</p>', NULL, 3, '2020-02-16 06:42:06', '2020-02-16 06:42:06'),
(361, '21', 'Ronit Raihan Rahi', 'Md. Jamal Uddin', 'Nazrin Akhtar Rina', NULL, '516/1, North Ibrahimpur, Mirpur-14, Dhaka', '516/1, North Ibrahimpur, Mirpur-14, Dhaka', '1999-02-12', 'male', NULL, NULL, NULL, '01674121124', '01683223484', 'ronitraihanrahiron@gmail.com', 'Bangladeshi', NULL, NULL, 'A+', 'Nazrin Akhtar Rina', 'Mother', '516/1, North Ibrahimpur, Mirpur-14, Dhaka', '01683223484', 'Professional', 'Dhaka', 2020, '<p>professional</p>', NULL, 3, '2020-02-16 06:53:33', '2020-02-16 06:53:33'),
(362, '22', 'Tanvir Hosen Bappy', 'Joj Mia', 'Shahena Akther', NULL, 'Mirpur-6, Dhaka', 'Mohongonj, Netrokona', '2005-12-30', 'male', NULL, NULL, NULL, '01797439657', '01723098563', 'freelancerbappy2020@gmail.com', 'Bangladeshi', NULL, NULL, 'O-', 'Muaj Bin Yousuf', 'Brother', 'Mirpur-6, Dhaka', '01511000095', 'Professional', 'Netrokona', 2020, '<p>professional</p>', NULL, 3, '2020-02-16 07:02:44', '2020-02-16 07:02:44'),
(363, '23', 'Tamanna Haidar', 'Md. Masud Haidar', 'Aliza Begum', NULL, '6/2/A, Borabag, Mirpur-2, Dhaka-1216', 'Bannyakandi, Ullapara', '2000-10-05', 'female', NULL, NULL, NULL, '01740094216', NULL, 'ananalam034@gmail.com', 'Bangladeshi', NULL, '19978819451000142', 'O+', 'Zerin Haider', 'Sister', '149/F, West Monipur, Mirpur', '01993853628', 'Professional', 'Sirajganj', 2020, '<p>professional</p>', NULL, 3, '2020-02-16 07:10:21', '2020-02-16 07:10:21'),
(364, '24', 'Md. Sohag Chowdhury', 'Late Abdul Bashar', 'Resma Khatun', NULL, 'Mirpur-11, Dhaka', 'Chorbata, Subarnochor, Noakhali', '2001-01-30', 'male', NULL, NULL, NULL, '01864016058', '01795549982', NULL, 'Bangladeshi', '033703', NULL, NULL, 'Tanifur Rahman', 'Cousin', 'Mirpur-11, Dhaka', '01755761973', 'Professional', 'Noakhali', 2020, '<p>professional</p>', NULL, 3, '2020-02-16 07:21:44', '2020-02-16 07:21:44'),
(365, '25', 'Mohammad Shafiuul Islam', 'Mohammad Jahangir Aalam', 'Morjina Alam', NULL, 'Noyapara, Ashulia, Savar, Dhaka', 'Delpara, Kutubpur, Narayanganj', '1990-06-03', 'male', NULL, NULL, NULL, '01674991833', NULL, 'sofik2777bifl@gmail.com', 'Bangladeshi', NULL, NULL, 'AB+', 'Jahangir Alam', NULL, NULL, '01921490111', 'Professional', 'Narayanganj', 2020, '<p>professional</p>', NULL, 3, '2020-02-16 07:27:09', '2020-02-16 07:27:09'),
(366, '26', 'Md. Tanifur Rahman', 'Md. Akbor Hossen', 'Humayra Khanom', NULL, 'Mirpur-11, Dhaka', 'Chorbata, Subornochor, Noakhali', '2000-12-30', 'male', NULL, NULL, NULL, '01755761973', '01795801493', 'tanipurtasin@gmail.com', 'Bangladeshi', NULL, NULL, 'A+', 'Abdullah Al-Mamun', 'Friend', 'Mirpur-10, Dhaka', '01742887124', 'Professional', 'Noakhali', 2020, '<p>professional</p>', NULL, 3, '2020-02-16 07:33:03', '2020-02-16 07:33:03'),
(367, '27', 'Noshin Sayeara Arthe', 'Md. Oliar Rahman', 'Gazi Shemul', NULL, 'Mirpur-13, Dhaka', 'Mohammadpur, Magura', '1999-05-28', 'female', NULL, NULL, NULL, '01904858885', '01957477505', NULL, 'Bangladeshi', NULL, NULL, 'B+', 'Gazi Shemul', 'Mother', 'Mohammadpur, Magura', '01957477505', 'Professional', 'Magura', 2020, '<p>professional</p>', NULL, 7, '2020-02-16 08:44:25', '2020-10-15 09:58:28'),
(368, '28', 'Zabid Iqbal', 'Abdul Ahad', 'Nargis Begam', NULL, '164, West Shewrapara, Mirpur, Dhaka', 'Jaleswaritola, Bogra Sadar', '1975-07-08', 'male', NULL, NULL, NULL, '01707368028', NULL, 'iqbalbgbg12@gmail.com', 'Bangladeshi', '3741626833', NULL, NULL, NULL, NULL, NULL, NULL, 'Professional', 'Bogra', 2020, '<p>professional</p>', NULL, 7, '2020-02-16 08:49:45', '2020-10-15 09:59:38'),
(369, '29', 'Laboni Akter', 'Khorshed Alom', 'Taklima', NULL, 'Airport', 'Gajipur', '2000-06-29', 'female', NULL, NULL, NULL, '01643396645', '01622681690', NULL, 'Bangladeshi', NULL, NULL, NULL, 'Morshed Alam Molla', 'Father', NULL, '01622681690', 'Professional', 'Gajipur', 2020, NULL, NULL, 1, '2020-02-16 08:57:21', '2020-02-16 08:57:21'),
(372, '31', 'Shahidul Islam', 'Rashed Ahmed', 'Nilufa Yasmin', NULL, '9A/ C Block Mirpur 10', 'House 6/A kaptai', '1994-08-10', 'male', NULL, NULL, NULL, '01822481215', '01814326066', 'shahidshojib8@gmail.com', 'Bangladeshi', NULL, NULL, NULL, 'Roshid Ahmed', 'Father', NULL, '01814326066', 'Professional', 'Kaptai', 2020, NULL, NULL, 3, '2020-02-16 09:16:25', '2020-02-16 09:16:25'),
(373, '32', 'Abdul Latif Khan', 'Hossin Khan', 'Rushia Begum', NULL, 'Mohammodpur', 'Sigair Manikgonj', '1994-03-15', 'male', NULL, NULL, NULL, '01723184686', NULL, NULL, 'Bangladeshi', NULL, NULL, NULL, NULL, NULL, NULL, '01723184686', 'Professional', 'Manikganj', 2020, NULL, NULL, 3, '2020-02-16 09:19:09', '2020-02-16 09:19:09'),
(374, '335', 'Nayan Kapuria', 'Biddut Kapuria', 'Gita Kapuria', NULL, 'Mirpur 2- Dhaka', 'Purulia, Kalia, Narail', '1999-06-12', 'male', 6, '345348', '255358', '01998620257', '01912868855', 'nayankapuria201949@gmil.com', 'Bangladeshi', NULL, NULL, 'A+', 'Rajesh', 'Uncle', 'Mirpur 2- Dhaka', '01912868855', 'Industrial', NULL, 2020, '<p>Basic</p>', NULL, 3, '2020-02-16 11:12:40', '2020-02-16 11:12:40'),
(375, '336', 'Md.Musa Khandaker', 'MD. Mukul Khandaker', 'Mst. Hasina Begum', NULL, 'Mirpur-13', 'Pirganj Rangpur', '1999-01-05', 'male', 15, '200394', '179646', '01402973035', '01776758453', 'mrkhandakerhimel786224@gmail.com', 'Bangladeshi', NULL, NULL, NULL, 'Khandaker Shihad', 'Brother', 'Pirganj Rangpur', '01717039119', 'Industrial', NULL, 2020, NULL, NULL, 1, '2020-02-17 05:43:23', '2020-02-17 05:43:23'),
(380, '37', 'MD. Fahim Shahriyen', 'MD. Monirul Islam', 'Mst. Nazmin Ara Khatun', NULL, 'Tejgaon', 'Tejgaon', '2001-12-05', 'male', NULL, NULL, NULL, '01751718658', '01737473115', NULL, 'Bangladeshi', NULL, '20015026003304709', 'B+', 'MD. Monirul Islam', 'Father', 'Tejgaon', '01737473115', 'Professional', 'Dhaka', 2020, NULL, NULL, 1, '2020-02-23 09:20:35', '2020-02-23 09:20:35'),
(392, '318', 'Md. Shahrin Alfi', 'Md. Babul Aktar', 'Saifunnesa', NULL, 'Mirpur 1- Dhaka', 'Bahuka, Sirajgonj Sadar', '2000-11-15', 'male', NULL, NULL, NULL, '01794040824', '01621116642', 'shahrinalfi@gmail.com', 'Bangladeshi', NULL, NULL, 'AB-', 'Toufiq Pranto', 'Brother', 'Mirpur 1- Dhaka', '01760959869', 'Professional', 'Sirajgonj', 2020, '<p>Basic</p>', NULL, 7, '2020-08-17 13:03:27', '2020-09-07 08:13:39'),
(399, '325', 'Ashraf Shaikh', 'Late: Baka Shaikh', 'Late: Ohironnema', NULL, 'Mirpur-Dhaka', 'Gopalgonj', '1977-03-01', 'male', NULL, NULL, NULL, '01913352170', NULL, 'shaikhairaf@yahoo.com', 'Bangladeshi', NULL, NULL, 'B+', NULL, NULL, NULL, NULL, 'Professional', 'Gopalgonj', 2020, '<p>Basic</p>', NULL, 1, '2020-10-15 06:16:04', '2020-10-15 09:05:48'),
(416, '342', 'Md. Mokbul Hossein', 'Late Sofar Ali', 'Most. Khotaja', NULL, 'Zirani Bazar, Kasimpur, Gazipur', 'Birgonj, Dinajpur', '1987-08-13', 'male', NULL, NULL, NULL, '01792455088', NULL, 'mokbulhossein88@gmail.com', 'Bangladeshi', '5092664563', NULL, 'B+', 'Jakya aktar', 'Wife', 'Zirani Bazar, Kasimpur, Gazipur', '01798036027', 'Professional', 'Dhaka', 2020, '<p>Basic</p>', NULL, 7, '2020-11-20 08:52:44', '2020-11-30 08:11:53'),
(418, '344', 'Mahamudul Hasan Seyam', 'Zakir Hossain', 'Aklima Begum', NULL, 'Salimullah Road, Mohammadpur, Dhaka', 'Chandpur Sadar, Chandpur', '1996-10-18', 'male', NULL, NULL, NULL, '01795417940', '01795417940', 'mhseyam66@gmail.com', 'Bangladeshi', NULL, NULL, NULL, NULL, NULL, NULL, NULL, 'Professional', 'Dhaka', 2020, '<p>Pending Document: NID/Birth/Passport No, Photo...</p>', NULL, 1, '2020-12-03 06:23:01', '2020-12-03 06:23:01'),
(419, '345', 'SOHEL ARMAN', 'Md. Moslem Uddin', 'Mst. Nazmun Nahar', NULL, 'Road-12, House-57, DIT Project, South baridhara, badda, Dhaka', 'Thana: Gabtoli, Dist: Bogura', '1987-05-21', 'male', NULL, NULL, NULL, '01842955999', '01714972215', 'sarhan.vive@gmail.com', 'Bangladeshi', '1987104011101335', NULL, 'AB+', NULL, NULL, NULL, NULL, 'Professional', 'Dhaka', 2020, '<h2>Online Batch</h2>', NULL, 1, '2020-12-08 07:38:57', '2020-12-08 07:38:57'),
(420, '346', 'Tagar chanddra singha', 'Bahadur Sing', 'Mina Rani', NULL, 'Hamedpur, Saver, Dhaka', 'Thaqurgon', '2002-11-22', 'male', NULL, NULL, NULL, '01773053534', '01791717938', 'tagarsing@gmail.com', 'Bangladeshi', NULL, NULL, NULL, 'Hafizul Islam ( Akash )', 'Uncle', 'Hamedpur, Saver', '01740239167', 'Professional', 'Dhaka', 2020, NULL, NULL, 1, '2020-12-14 09:38:58', '2020-12-14 09:38:58'),
(421, '347', 'Md. Moniruzzaman', 'Md. Asir Ali', 'Mst. Hamida Beggum', NULL, 'Paris Road', 'Bogra', '1999-12-31', 'male', NULL, NULL, NULL, 'p1728709247', 'p1734381810', 'monirkhan344540@gmail.com', 'Bangladeshi', '7358405467', NULL, NULL, NULL, NULL, NULL, NULL, 'Professional', 'Dhaka', 2020, NULL, NULL, 1, '2020-12-31 09:18:38', '2020-12-31 09:18:38'),
(422, '01', 'Md, Ismail Hossin', 'Md. Moyin Uddin', 'Foreda', NULL, 'Paris Road', 'tengil, kalihati, deypur', '1999-10-10', 'male', NULL, NULL, NULL, 'p1780426887', '01921707757', 'md.ismailhossen502@gmail.com', 'Bangladeshi', NULL, NULL, NULL, NULL, NULL, NULL, NULL, 'Professional', 'Dhaka', 2021, NULL, NULL, 1, '2021-01-01 10:08:42', '2021-01-01 10:08:42'),
(423, '02', 'Toriqul Islam', 'Azharul hooue', 'Ms.. Shikha Akter', NULL, 'Heart Foundation', 'Mymeanshinge', '2000-11-10', 'male', NULL, NULL, NULL, '01798060887', '01403870061', 'torikkulislam222000@gmail.com', 'Bangladeshi', NULL, NULL, NULL, NULL, NULL, NULL, NULL, 'Professional', 'Dhaka', 2021, NULL, NULL, 1, '2021-01-01 10:17:04', '2021-01-01 10:17:04'),
(424, '03', 'Md. Julhash Uddin Mir', 'JMD Abdul Kayum Mir', 'MRS. Julekha Khatun', NULL, 'Savar', 'Biddaygonj, Mymensingh', '1992-07-16', 'male', NULL, NULL, NULL, '01928760175', NULL, 'julhascadmaster@gmail.com', 'Bangladeshi', NULL, NULL, 'A=', 'Md. Sorrifuzzaman Sorif', 'brother', 'Mymensingh', '01949800747', 'Professional', 'Dhaka', 2021, NULL, NULL, 1, '2021-01-01 10:28:58', '2021-01-01 10:28:58'),
(425, '04', 'MOHAMMED FIROZ KHAN', 'Md. Shahjahan Khan', 'Ms. Niru Samsunnahar', NULL, 'Dhaka, Matuail, uttar Para', 'Dhaka, Matuail, uttar Para', '1980-10-21', 'male', NULL, NULL, NULL, '01962676312', NULL, NULL, 'Bangladeshi', NULL, NULL, 'A+', 'Sultana afrin', 'Wife', 'Dhaka, Matuail, Uttar, Para', '01575440718', 'Professional', 'Dhaka', 2021, NULL, NULL, 1, '2021-01-07 09:06:16', '2021-01-07 09:06:16'),
(426, '05', 'Bisnu Roy', 'Rabinranath Roy', 'Robi Dasi', NULL, 'Baramonharia, Atibazar, Keranigonj, Dhaka', 'Baramonharia,,  Atibazar, Keranigonj, Dhaka', '1999-11-10', 'male', NULL, NULL, NULL, '01791778050', '01825583224', 'mdxbisnu@gmail.com', 'Bangladeshi', NULL, '19992613877119169', 'B+', NULL, NULL, NULL, NULL, 'Professional', 'Dhaka', 2021, NULL, NULL, 1, '2021-01-12 12:34:59', '2021-01-12 12:34:59'),
(427, '06', 'Md. Akter Hossain', 'Late Mohammad Ali', 'Mrs. Jahanara Bagum', NULL, 'Mirpur-10, Dhaka', 'Binoodpur, PS: Rajbri', '1968-06-23', 'male', NULL, NULL, NULL, '01841544718', '01755618652', 'akter71@gmail.com', 'Bangladeshi', NULL, NULL, NULL, NULL, NULL, NULL, NULL, 'Professional', 'Dhaka', 2021, NULL, NULL, 1, '2021-01-13 14:05:19', '2021-01-13 14:05:19'),
(428, '07', 'Most. Mayesha Mumtaz', 'MD. Mahfuzar Rahman', 'Mst. Sharifa Begum', NULL, 'Mirpur-2, Dhaka', 'Saidpur, Nilphamari', '1999-05-02', 'female', NULL, NULL, NULL, 'p1881979246', '01716694846', 'soumyrhmn234@gmail.com', 'Bangladeshi', NULL, NULL, 'B+', 'MD. Mahfuzar Rahman', 'Father', 'Saidpur, Nilphamari', '01716694846', 'Professional', 'Dhaka', 2021, NULL, NULL, 1, '2021-01-14 07:44:39', '2021-01-14 07:44:39'),
(429, '08', 'MD. Tazmin Ahmed Onny', 'MD. Mizanur Rahman', 'Shamima Pervin', NULL, 'Pallabi, Mirpur', 'Pallabi, Mirpur', '1996-09-10', 'male', NULL, NULL, NULL, '01621133268', '1309317997', 'onny2010@gmail.com', 'Bangladeshi', '1945517983', NULL, NULL, 'Shamima Pervin', 'Mother', 'Pallabi, Mirpur', '1309317997', 'Professional', 'Dhaka', 2021, NULL, NULL, 1, '2021-01-14 07:52:38', '2021-01-14 07:52:38'),
(430, '09', 'M M. Mostafizur Rahman', 'Mostafa Rashidur Rahman', 'Mst. Bilkis Bagum', NULL, 'Army Quatar, Mirpur-14, Dhaka-1212', 'Jashore', '1993-03-18', 'male', NULL, NULL, NULL, '01711354383', '01711433796', 'mmmstfiz@gmail.com', 'Bangladeshi', NULL, NULL, 'B+', 'Nahida Sultaana', 'Sister', 'Army Quatar, Mirpur-14, Dhaka-1212', '01757565999', 'Professional', 'Dhaka', 2021, NULL, NULL, 1, '2021-01-14 11:05:17', '2021-01-14 11:05:17'),
(431, '10', 'Sarif Addito Rupom', 'Md. Shahidul Islam', 'Halima Islam', NULL, 'Dhalkanogor lone Gandaria, Dhaka-1204', 'Dhalkanogor lone Gandaria, Dhaka-1204', '2003-05-01', 'male', NULL, NULL, NULL, '01870185367', '01870185367', 'sar3012@outlook.com', 'Bangladeshi', NULL, NULL, 'O-', 'Halima Islam', 'Mother', 'Dhalkanogor lone Gandaria, Dhaka-1204', '018577774', 'Professional', 'Dhaka', 2021, NULL, NULL, 1, '2021-01-16 07:52:53', '2021-01-16 07:52:53'),
(432, '11', 'Tasnia Hossain Tonni', 'MD. Ismail Hossain', 'Mst. Husneara Begum', NULL, 'Mirpur-2, Dhaka', 'Kaharol, Dinajpur', '1999-11-01', 'female', NULL, NULL, NULL, '01730533158', '01757990323', 'th.tonni9991@gmail.com', 'Bangladeshi', '9156580996', NULL, NULL, 'MD. Ismail Hossain', 'Father', 'Kaharol, Dinajpur', '01757990323', 'Professional', 'Dhaka', 2021, NULL, NULL, 1, '2021-01-16 08:23:12', '2021-01-16 08:23:12'),
(433, '12', 'Saied Afride', 'Habibur Rahman Habib', 'Nasima Akther', NULL, 'Dhaka Uddan, Mohammadpur, Dhaka', 'Dhaka Uddan, Mohammadpur, Dhaka', '2001-11-23', 'female', NULL, NULL, NULL, 'p1730258276', NULL, NULL, 'Bangladeshi', NULL, NULL, 'O+', NULL, NULL, NULL, NULL, 'Professional', 'Dhaka', 2021, NULL, NULL, 1, '2021-01-16 08:29:21', '2021-01-16 08:29:21'),
(434, '13', 'Muktadir Hossain Chowdhary', 'Aftab Uddin Chowdhary', 'Anwara Bagum', NULL, 'Uttara', 'Uttara', '1972-10-16', 'male', NULL, NULL, NULL, '01819226222', NULL, 'muktadir111@gmail.com', 'Bangladeshi', NULL, NULL, NULL, NULL, NULL, NULL, NULL, 'Professional', 'Dhaka', 2021, NULL, NULL, 1, '2021-01-16 08:43:34', '2021-01-16 08:43:34'),
(435, '14', 'Md. Ashique Mahmud', 'Molla Golam Azam', 'Most. Murshida Khatun', NULL, 'Kolhyanpur, Dhaka-1207', 'Kolhyanpur, Dhaka-1207', '1990-07-02', 'male', NULL, NULL, NULL, '01719409380', NULL, 'ashiqmahmudd5@gmail.com', 'Bangladeshi', NULL, NULL, NULL, 'Molla Golam Azam', 'Father', 'Kolhyanpur, Dhaka-1207', '01724392950', 'Professional', 'Dhaka', 2021, NULL, NULL, 1, '2021-01-16 13:15:03', '2021-01-16 13:15:03'),
(436, '15', 'Bishwa Nath Roy', 'Rajani Kanta Roy', 'Binodini Roy', NULL, 'Mirpur-11, Parish Road', 'Dokhin Chawarabara Gacha, Nilphamari Sadar', '2000-07-22', 'male', NULL, NULL, NULL, 'p1768411874', '01737374972', 'mbishwa2415@gmail.com', 'Bangladeshi', NULL, NULL, NULL, NULL, NULL, NULL, NULL, 'Professional', 'Dhaka', 2021, NULL, NULL, 1, '2021-01-20 09:32:44', '2021-01-20 09:32:44'),
(437, '16', 'Md. Rubel Ahmed Sagor', 'Morshed Alom', 'Shamsun Nahar', NULL, 'Sherpur Sador, Sherpur', 'Sherpur Sador, Sherpur', '2000-08-12', 'male', NULL, NULL, NULL, 'p1838377452', 'p1904932290', 'rubelahmed7452@gmail.com', 'Bangladeshi', NULL, NULL, NULL, NULL, NULL, NULL, NULL, 'Professional', 'Dhaka', 2021, NULL, NULL, 1, '2021-01-21 14:15:12', '2021-01-21 14:15:12'),
(438, '17', 'Md. Solaiman', 'Md. Sofiqul Islam', 'Saniara Begum', NULL, 'Sherpur Sador, Sherpur', 'Sherpur Sador, Sherpur', '2000-02-15', 'male', NULL, NULL, NULL, 'p1774960511', '01716477947', 'md.solaiman366882@gmail.com', 'Bangladeshi', NULL, NULL, 'AB+', NULL, NULL, NULL, NULL, 'Professional', 'Dhaka', 2021, NULL, NULL, 1, '2021-01-21 14:19:32', '2021-01-21 14:19:32'),
(439, '18', 'Md. Abu Hanzal', 'Md. Abu Bakkar', 'Anowara Begum', NULL, 'Sherpur Sador, Sherpur', 'Sherpur Sador, Sherpur', '2000-02-03', 'male', NULL, NULL, NULL, 'p1933690444', '01925418757', 'spihanzal0444@gmail.com', 'Bangladeshi', NULL, NULL, NULL, NULL, NULL, NULL, NULL, 'Professional', 'Dhaka', 2021, NULL, NULL, 1, '2021-01-21 14:22:54', '2021-01-21 14:22:54'),
(440, '19', 'Aiman Noushin Tithy', 'Abul Hoshain', 'Mahenur Akter', NULL, '29/5- A, west Matika, Dhaka Cantorment, Dhaka1206', 'Piroojpur', '2004-07-05', 'female', NULL, NULL, NULL, '01318788344', NULL, 'aimannoushintithy@gmail.com', 'Bangladeshi', NULL, '20042692023050749', 'B+', NULL, NULL, NULL, NULL, 'Professional', 'Dhaka', 2021, NULL, NULL, 1, '2021-01-26 12:30:19', '2021-01-26 12:30:19'),
(441, '20', 'Aiman Noushin Tithy', 'Abul Hoshain', 'Mahenur Akter', NULL, '29/5- A, west Matika, Dhaka Cantorment, Dhaka1206', 'Pirojpur', '2004-07-05', 'female', NULL, NULL, NULL, 'W1318788344', NULL, 'aimannoushintithy@gmail.com', 'Bangladeshi', NULL, '20042692023050749', 'B+', NULL, NULL, NULL, NULL, 'Professional', 'Dhaka', 2021, NULL, NULL, 1, '2021-01-26 12:39:10', '2021-01-26 12:39:10'),
(442, '21', 'Md. Mohasin Ali', 'Md. Samsul Alam', 'Earon Nesa', NULL, 'Mirpur-2, Dhaka', 'Chuadanga', '1991-06-11', 'male', NULL, NULL, NULL, '01700771131', '01905059988', NULL, 'Bangladeshi', '19911810755000032', NULL, 'A+', 'Mst: Sumi Islam', 'Wife', 'Khulna', '01708386970', 'Professional', 'Dhaka', 2021, NULL, NULL, 1, '2021-01-27 07:45:24', '2021-01-27 07:45:24'),
(443, '22', 'Md. Mafijur Rahman', 'Md. Shahjahan Miah', 'Hajera Begum', NULL, 'Mirpur-10, Dhaka', 'Tangail', '1999-02-20', 'male', NULL, NULL, NULL, '01786007787', '01758000226', 'mafojkhan786@gmail.com', 'Bangladeshi', '1954744205', NULL, 'B+', 'Md. Shahjahan Miah', 'Father', 'Tangail', '01758000226', 'Professional', 'Dhaka', 2021, NULL, NULL, 1, '2021-01-28 09:16:51', '2021-01-28 09:16:51'),
(444, '23', 'Md. Kawser Hossan Gazi', 'Md. Kabir Hossain', 'Laki Begum', NULL, 'Road no-27, House No-34, Rupnagar R/A, Mirpur, Dhaka-1216', 'Villege-Char Vatara Kanda, Post office-Dakhin Kistakathi, District-Jhalokathi', '2003-01-19', 'male', NULL, NULL, NULL, '01703493716', '01731215083', 'kawserhossan294@gmail.com', 'Bangladeshi', '5565187662', NULL, 'A+', 'Md. Kabir Hossan Gazi', 'Father', 'Road no-27, House No-34, Rupnagar R/A, Mirpur, Dhaka-1216', '01731215083', 'Professional', 'Jhalokathi', 2021, NULL, NULL, 16, '2021-06-12 14:11:53', '2021-06-12 14:11:53');

-- --------------------------------------------------------

--
-- Table structure for table `teachers`
--

CREATE TABLE `teachers` (
  `id` int(10) UNSIGNED NOT NULL,
  `name` varchar(191) NOT NULL,
  `photo` text,
  `designation` varchar(191) NOT NULL,
  `present_address` text,
  `permanent_address` text,
  `biography` text,
  `comments` text,
  `institute_id` int(10) UNSIGNED NOT NULL,
  `user_id` int(10) UNSIGNED DEFAULT NULL,
  `created_at` timestamp NULL DEFAULT NULL,
  `updated_at` timestamp NULL DEFAULT NULL
) ENGINE=InnoDB DEFAULT CHARSET=utf8;

--
-- Dumping data for table `teachers`
--

INSERT INTO `teachers` (`id`, `name`, `photo`, `designation`, `present_address`, `permanent_address`, `biography`, `comments`, `institute_id`, `user_id`, `created_at`, `updated_at`) VALUES
(1, 'Md. Majharul Islam', NULL, 'Cheif Instructor', NULL, NULL, NULL, '<p>He is good person. He takes money</p>', 34, 1, '2020-02-11 06:54:46', '2021-01-28 07:17:20'),
(3, 'Mr. Selim', NULL, 'Chief Instructor', NULL, NULL, NULL, NULL, 2, 1, '2020-02-15 10:15:06', '2020-02-15 10:16:14'),
(7, 'Jihad Hasan Vuia', NULL, 'Chief Instructor', NULL, NULL, NULL, '<p>Teacher Does not take Money. Already we gave discount two thousand taka for students.</p>', 6, 1, '2020-02-20 06:33:01', '2020-02-20 06:33:01'),
(11, 'MD. Kamal Hossain', NULL, 'Chief Instructor', NULL, NULL, NULL, '<p>Teacher takes money</p>', 19, 1, '2020-02-20 06:52:27', '2020-02-20 06:52:27'),
(12, 'Shamim Sultan', NULL, 'Chief Instructor', NULL, NULL, NULL, '<p>Teacher Takes Money</p>', 15, 1, '2020-02-20 07:00:45', '2020-02-20 07:00:45'),
(13, 'Engr. A F M Mushfiqur Rahman', NULL, 'Chief Instructor', NULL, NULL, NULL, '<p>Teacher Takes Money</p>', 16, 1, '2020-02-20 07:03:17', '2020-02-20 07:03:17'),
(15, 'Mr. Maidul', NULL, 'Chief Instructor', NULL, NULL, NULL, '<p>Teacher Takes money</p>', 18, 1, '2020-02-20 07:29:19', '2020-02-20 07:29:19'),
(16, 'Mr. Kamrul', NULL, 'Chief Instructor', NULL, NULL, NULL, '<p>Teacher takes Money</p>', 20, 1, '2020-02-20 07:30:40', '2020-02-20 07:30:40'),
(17, 'Narus Shams Chowdhury', NULL, 'Chief Instructor', NULL, NULL, NULL, '<p>Teacher takes Money</p>', 26, 1, '2020-02-20 07:32:10', '2020-02-20 07:32:10'),
(18, 'Zahangir Alam', NULL, 'Chief Instructor', NULL, NULL, NULL, '<p>Teacher Doesnot take Money. Already we gave discount one thousand taka.</p>', 27, 1, '2020-02-20 07:41:57', '2020-02-20 07:41:57'),
(19, 'Abu Sayem', NULL, 'Academic Incharge', NULL, NULL, NULL, '<p>we talked with him. But he is now Academic Incharge.</p>', 31, 1, '2020-02-20 07:47:09', '2020-02-20 07:47:09'),
(20, 'Mr. Joydev', NULL, 'Instructor', NULL, NULL, NULL, NULL, 31, 1, '2020-02-20 07:47:51', '2020-02-20 07:47:51'),
(21, 'Shahabuddin', NULL, 'Principal', NULL, NULL, NULL, '<p>He does not take money. but principal told me if possible send a gift for our Institute</p>', 42, 1, '2020-02-20 07:52:43', '2020-02-20 07:52:43'),
(22, 'MD. Ayub hasan Torofdar', NULL, 'Chief Instructor', NULL, NULL, NULL, '<p>Teacher does not take money</p>', 44, 1, '2020-02-20 08:48:23', '2020-02-20 08:48:23'),
(23, 'Azizunnahar', NULL, 'Chief Instructor', NULL, NULL, NULL, NULL, 45, 1, '2020-02-20 08:52:48', '2020-02-20 08:52:48'),
(24, 'Rana', NULL, 'Guest teacher', NULL, NULL, NULL, NULL, 45, 1, '2020-02-20 08:54:37', '2020-02-20 08:54:37'),
(25, 'Md. Parves', NULL, 'Vice Principal', NULL, NULL, NULL, NULL, 48, 1, '2020-02-20 08:58:46', '2020-02-20 08:58:46'),
(26, 'Khaleda Akhter', NULL, 'Instructor', NULL, NULL, NULL, '<p>she does not take money. she told me , please give discount students</p>', 49, 1, '2020-02-20 09:01:13', '2020-02-20 09:01:13'),
(27, 'MD. Nasir Uddin', NULL, 'Chief Instructor', NULL, NULL, NULL, '<p>Teacher takes Money</p>', 57, 1, '2020-02-20 09:02:19', '2020-02-20 09:02:19'),
(28, 'Mr. Ujjol', NULL, 'Chief Instructor', NULL, NULL, NULL, '<p>Teacher does not take money</p>', 59, 1, '2020-02-20 09:05:17', '2020-02-20 09:05:17'),
(29, 'Ashraful Islam', NULL, 'Vice Principal', NULL, NULL, NULL, '<p>Teacher takes money</p>', 60, 1, '2020-02-20 09:06:44', '2020-02-20 09:06:44'),
(30, 'Shafiqul Islam', NULL, 'Chief Instructor', NULL, NULL, NULL, '<p>He told me, please discount my students one thousand taka, and also give me 1500 taka.</p>', 61, 1, '2020-02-20 09:08:55', '2020-02-20 09:08:55'),
(31, 'Susanto Kumar', NULL, 'Chief Instructor', NULL, NULL, NULL, '<p>Teacher takes money</p>', 62, 1, '2020-02-20 09:10:34', '2020-02-20 09:10:34'),
(32, 'MD. Mirajul Islam', NULL, 'Chief Instructor', NULL, NULL, NULL, '<p>Teachers takes money</p>', 63, 1, '2020-02-20 09:11:50', '2020-02-20 09:11:50'),
(34, 'Saifur', NULL, 'Junior Instructor', NULL, NULL, NULL, '<p>Teacher does not take money. He told please discount my students 2000 taka.</p>', 68, 1, '2020-02-20 09:16:49', '2020-02-20 09:16:49'),
(35, 'Mr. Zahid', NULL, 'Instructor', NULL, NULL, NULL, '<p>He is most important for us</p>', 59, 1, '2020-02-23 08:08:57', '2020-02-23 08:08:57');

-- --------------------------------------------------------

--
-- Table structure for table `teacher_emails`
--

CREATE TABLE `teacher_emails` (
  `id` int(10) UNSIGNED NOT NULL,
  `email` varchar(191) NOT NULL,
  `teacher_id` int(10) UNSIGNED NOT NULL,
  `created_at` timestamp NULL DEFAULT NULL,
  `updated_at` timestamp NULL DEFAULT NULL
) ENGINE=InnoDB DEFAULT CHARSET=utf8;

--
-- Dumping data for table `teacher_emails`
--

INSERT INTO `teacher_emails` (`id`, `email`, `teacher_id`, `created_at`, `updated_at`) VALUES
(1, '74mushfiqur@gmail.com', 13, '2020-09-30 09:11:02', '2020-09-30 09:11:02');

-- --------------------------------------------------------

--
-- Table structure for table `teacher_payments`
--

CREATE TABLE `teacher_payments` (
  `id` int(10) UNSIGNED NOT NULL,
  `amount` decimal(10,2) NOT NULL,
  `teacher_payment_info_id` int(10) UNSIGNED NOT NULL,
  `user_id` int(10) UNSIGNED NOT NULL,
  `created_at` timestamp NULL DEFAULT NULL,
  `updated_at` timestamp NULL DEFAULT NULL
) ENGINE=InnoDB DEFAULT CHARSET=utf8;

--
-- Dumping data for table `teacher_payments`
--

INSERT INTO `teacher_payments` (`id`, `amount`, `teacher_payment_info_id`, `user_id`, `created_at`, `updated_at`) VALUES
(1, 14000.00, 26, 1, '2020-02-23 08:11:19', '2020-02-23 08:11:19'),
(2, 15000.00, 10, 1, '2020-02-26 06:42:18', '2020-02-27 06:42:18'),
(3, 63000.00, 13, 1, '2020-03-01 09:09:41', '2020-03-01 09:09:41'),
(4, 40000.00, 16, 1, '2020-03-09 07:12:59', '2020-03-09 07:12:59'),
(5, 34000.00, 19, 1, '2020-06-04 10:07:40', '2020-06-04 10:07:40'),
(6, 30000.00, 13, 1, '2020-06-04 11:07:37', '2020-06-04 11:07:37'),
(7, 26000.00, 25, 1, '2020-06-14 07:02:22', '2020-06-14 07:02:22'),
(8, 30000.00, 22, 1, '2020-06-14 07:03:30', '2020-06-14 07:03:30'),
(9, 6000.00, 4, 1, '2020-06-30 10:44:03', '2020-06-30 10:44:03'),
(10, 50000.00, 12, 1, '2020-06-30 10:46:16', '2020-06-30 10:46:16'),
(11, 32000.00, 6, 1, '2020-06-30 10:46:54', '2020-06-30 10:46:54'),
(12, 33000.00, 13, 1, '2020-07-10 12:44:42', '2020-07-10 12:44:42'),
(13, 22000.00, 11, 1, '2020-07-16 16:43:21', '2020-07-16 16:43:21'),
(14, 15000.00, 10, 1, '2020-07-16 16:44:01', '2020-07-16 16:44:01'),
(15, 40000.00, 16, 1, '2020-07-20 06:23:00', '2020-07-20 06:23:00'),
(17, 12000.00, 9, 1, '2020-07-20 10:53:50', '2020-07-20 10:53:50'),
(18, 12000.00, 20, 1, '2020-07-20 10:54:16', '2020-07-20 10:54:16'),
(19, 10000.00, 31, 7, '2020-07-27 05:58:51', '2020-07-27 05:58:51'),
(20, 12000.00, 27, 7, '2020-07-27 05:59:39', '2020-07-27 05:59:39'),
(21, 4000.00, 29, 7, '2020-07-27 06:00:19', '2020-07-27 06:00:19'),
(22, 4000.00, 15, 7, '2020-07-27 08:30:14', '2020-07-27 08:30:14'),
(23, 12000.00, 8, 7, '2021-01-28 08:20:56', '2021-01-28 08:20:56');

-- --------------------------------------------------------

--
-- Table structure for table `teacher_payment_infos`
--

CREATE TABLE `teacher_payment_infos` (
  `id` int(10) UNSIGNED NOT NULL,
  `institute_id` int(10) UNSIGNED NOT NULL,
  `teacher_id` int(10) UNSIGNED DEFAULT NULL,
  `responsible_teacher_name` varchar(255) DEFAULT NULL,
  `designation` varchar(255) DEFAULT NULL,
  `phone` varchar(255) DEFAULT NULL,
  `year` year(4) NOT NULL,
  `per_student_payment` decimal(10,2) NOT NULL,
  `created_at` timestamp NULL DEFAULT NULL,
  `updated_at` timestamp NULL DEFAULT NULL
) ENGINE=InnoDB DEFAULT CHARSET=utf8;

--
-- Dumping data for table `teacher_payment_infos`
--

INSERT INTO `teacher_payment_infos` (`id`, `institute_id`, `teacher_id`, `responsible_teacher_name`, `designation`, `phone`, `year`, `per_student_payment`, `created_at`, `updated_at`) VALUES
(4, 4, 4, 'Mr. Alauddin', 'Chief Instructor', '01712618588', 2020, 2000.00, '2020-02-15 10:18:57', '2020-02-15 10:18:57'),
(5, 66, 5, 'Mr. Debasis', 'Principal', '01719564920', 2020, 2000.00, '2020-02-20 06:24:01', '2020-02-20 06:24:01'),
(6, 5, 6, 'Mst. Ruma', 'Instructor', '01701500543', 2020, 2000.00, '2020-02-20 06:28:41', '2020-02-20 06:28:41'),
(7, 6, 7, 'Jihad Hasan Vuia', 'Chief Instructor', '01948248085', 2020, 0.00, '2020-02-20 06:33:30', '2020-02-20 06:33:30'),
(8, 7, 8, 'Shakil Ahmed', 'Chief Instructor', '01716440759', 2020, 2000.00, '2020-02-20 06:35:30', '2020-02-20 06:35:30'),
(9, 10, 9, 'MD. Shahadat Hasu', 'Chief Instructor', '01712570312', 2020, 2000.00, '2020-02-20 06:50:31', '2020-02-20 06:50:31'),
(10, 11, 10, 'MD. Shahat Hossan Manik', 'Chief Instructor', '01773727252', 2020, 2000.00, '2020-02-20 06:51:37', '2020-02-20 06:51:37'),
(11, 19, 11, 'MD. Kamal Hossain', 'Chief Instructor', '01842841752', 2020, 2000.00, '2020-02-20 06:52:49', '2020-02-20 06:52:49'),
(12, 15, 12, 'Shamim Sultan', 'Chief Instructor', '01718256174', 2020, 2500.00, '2020-02-20 07:01:00', '2020-02-20 07:01:00'),
(13, 16, 13, 'Engr. A F M Mushfiqur Rahman', 'Chief Instructor', '01716111580', 2020, 2000.00, '2020-02-20 07:03:31', '2020-02-20 07:03:31'),
(14, 17, 14, 'Nurun Nahar Begum', 'Chief Instructor', '01743900440', 2020, 2000.00, '2020-02-20 07:28:32', '2020-02-20 07:28:32'),
(15, 18, 15, 'Mr. Maidul', 'Chief Instructor', '01714605598', 2020, 2000.00, '2020-02-20 07:29:50', '2020-02-20 07:29:50'),
(16, 20, 16, 'Mr. Kamrul', 'Chief Instructor', '01716553242', 2020, 2000.00, '2020-02-20 07:31:04', '2020-02-20 07:31:04'),
(17, 26, 17, 'Narus Shams Chowdhury', 'Chief Instructor', '01927136489', 2020, 2000.00, '2020-02-20 07:32:23', '2020-02-20 07:32:23'),
(18, 27, 18, 'Zahangir Alam', 'Chief Instructor', '01740845143', 2020, 0.00, '2020-02-20 07:42:20', '2020-02-20 07:42:20'),
(19, 31, 20, 'Mr. Joydev', 'Instructor', '01713786496', 2020, 2000.00, '2020-02-20 07:48:09', '2020-02-20 07:48:09'),
(20, 42, 21, 'Shahabuddin', 'Principal', '01711048807', 2020, 2000.00, '2020-02-20 07:52:57', '2020-06-30 13:27:39'),
(21, 44, 22, 'MD. Ayub hasan Torofdar', 'Chief Instructor', '01710129997', 2020, 0.00, '2020-02-20 08:48:48', '2020-02-20 08:48:48'),
(22, 45, 23, 'Azizunnahar', 'Chief Instructor', '01712354391', 2020, 2000.00, '2020-02-20 08:54:53', '2020-02-20 08:54:53'),
(23, 48, 25, 'Md. Parves', 'Vice Principal', '01727809190', 2020, 2000.00, '2020-02-20 08:59:03', '2020-02-20 08:59:03'),
(24, 49, 26, 'Khaleda Akhter', 'Instructor', '01734678691', 2020, 0.00, '2020-02-20 09:01:26', '2020-02-20 09:01:26'),
(25, 57, 27, 'MD. Nasir Uddin', 'Chief Instructor', '01720321166', 2020, 2000.00, '2020-02-20 09:02:36', '2020-02-20 09:02:36'),
(26, 59, 35, 'Mr. Zahid', 'Instructor', '01723716788', 2020, 2000.00, '2020-02-20 09:05:38', '2020-02-23 08:11:04'),
(27, 60, 29, 'Ashraful Islam', 'Vice Principal', '01721883976', 2020, 2000.00, '2020-02-20 09:06:54', '2020-02-20 09:06:54'),
(28, 62, 31, 'Susanto Kumar', 'Chief Instructor', '01728663637', 2020, 2000.00, '2020-02-20 09:10:49', '2020-02-20 09:10:49'),
(29, 63, 32, 'MD. Mirajul Islam', 'Chief Instructor', '01725944581', 2020, 2000.00, '2020-02-20 09:12:07', '2020-02-20 09:12:07'),
(30, 64, 33, 'Engr. Chinmoy Mazmder', 'Chief Instructor', '01710450143', 2020, 2000.00, '2020-02-20 09:14:25', '2020-02-20 09:14:25'),
(31, 61, 30, 'Shafiqul Islam', 'Chief Instructor', '01712687937', 2020, 1000.00, '2020-07-24 10:13:04', '2020-07-24 10:13:04');

-- --------------------------------------------------------

--
-- Table structure for table `teacher_phones`
--

CREATE TABLE `teacher_phones` (
  `id` int(10) UNSIGNED NOT NULL,
  `phone` varchar(191) NOT NULL,
  `teacher_id` int(10) UNSIGNED NOT NULL,
  `created_at` timestamp NULL DEFAULT NULL,
  `updated_at` timestamp NULL DEFAULT NULL
) ENGINE=InnoDB DEFAULT CHARSET=utf8;

--
-- Dumping data for table `teacher_phones`
--

INSERT INTO `teacher_phones` (`id`, `phone`, `teacher_id`, `created_at`, `updated_at`) VALUES
(4, '01712233197', 3, '2020-02-15 10:16:14', '2020-02-15 10:16:14'),
(8, '01948248085', 7, '2020-02-20 06:33:01', '2020-02-20 06:33:01'),
(12, '01842841752', 11, '2020-02-20 06:52:27', '2020-02-20 06:52:27'),
(13, '01718256174', 12, '2020-02-20 07:00:45', '2020-02-20 07:00:45'),
(16, '01714605598', 15, '2020-02-20 07:29:19', '2020-02-20 07:29:19'),
(17, '01716553242', 16, '2020-02-20 07:30:40', '2020-02-20 07:30:40'),
(18, '01927136489', 17, '2020-02-20 07:32:11', '2020-02-20 07:32:11'),
(19, '01740845143', 18, '2020-02-20 07:41:57', '2020-02-20 07:41:57'),
(20, '01913040840', 19, '2020-02-20 07:47:09', '2020-02-20 07:47:09'),
(21, '01713786496', 20, '2020-02-20 07:47:51', '2020-02-20 07:47:51'),
(22, '01711048807', 21, '2020-02-20 07:52:43', '2020-02-20 07:52:43'),
(23, '01710129997', 22, '2020-02-20 08:48:23', '2020-02-20 08:48:23'),
(24, '01712354391', 23, '2020-02-20 08:52:48', '2020-02-20 08:52:48'),
(25, '01673981374', 24, '2020-02-20 08:54:37', '2020-02-20 08:54:37'),
(26, '01727809190', 25, '2020-02-20 08:58:46', '2020-02-20 08:58:46'),
(27, '01734678691', 26, '2020-02-20 09:01:13', '2020-02-20 09:01:13'),
(28, '01720321166', 27, '2020-02-20 09:02:19', '2020-02-20 09:02:19'),
(29, '01723277913', 28, '2020-02-20 09:05:17', '2020-02-20 09:05:17'),
(30, '01721883976', 29, '2020-02-20 09:06:44', '2020-02-20 09:06:44'),
(31, '01712687937', 30, '2020-02-20 09:08:55', '2020-02-20 09:08:55'),
(32, '01728663637', 31, '2020-02-20 09:10:34', '2020-02-20 09:10:34'),
(33, '01725944581', 32, '2020-02-20 09:11:50', '2020-02-20 09:11:50'),
(35, '01718754433', 34, '2020-02-20 09:16:49', '2020-02-20 09:16:49'),
(36, '01723716788', 35, '2020-02-23 08:08:57', '2020-02-23 08:08:57'),
(37, '01716111580', 13, '2020-09-30 09:11:02', '2020-09-30 09:11:02'),
(38, '01717085770', 1, '2021-01-28 07:17:20', '2021-01-28 07:17:20');

-- --------------------------------------------------------

--
-- Table structure for table `users`
--

CREATE TABLE `users` (
  `id` int(10) UNSIGNED NOT NULL,
  `name` varchar(191) NOT NULL,
  `username` varchar(191) NOT NULL,
  `password` varchar(191) NOT NULL,
  `role` varchar(191) DEFAULT NULL,
  `mentor_id` int(10) UNSIGNED DEFAULT NULL,
  `remember_token` varchar(100) DEFAULT NULL,
  `created_at` timestamp NULL DEFAULT NULL,
  `updated_at` timestamp NULL DEFAULT NULL
) ENGINE=InnoDB DEFAULT CHARSET=utf8;

--
-- Dumping data for table `users`
--

INSERT INTO `users` (`id`, `name`, `username`, `password`, `role`, `mentor_id`, `remember_token`, `created_at`, `updated_at`) VALUES
(1, 'Faruk Ahmed', 'euitssols', '$2y$10$FrrWH1r4wlhmOQoYOBqbeOlRt6Jy/QiXbb30cJEWhrndJ08V58.Ce', 'admin', 0, 'lXlDHAJoHlo9dfRpqRphaEVhXVtK5Wm6ugIQUGWuuvz8DrIZVHs369J7VnfH', '2020-01-26 01:28:39', '2020-01-31 14:24:43'),
(3, 'Rakib Islam', 'rakib', '$2y$10$zXhAHv4JNr4bqVXXxt9WdOqD/4dNKICN/IH5.ZQtIzTZ2.Bj1DcmC', 'user', 0, 'tx3kpiyu2jmMgKZhylVf4nF02vzR9KxqBvbK7XAyooDnnrrmEAWonc0iYRfL', '2020-01-26 18:52:29', '2020-01-31 14:22:39'),
(7, 'Superadmin', 'super-admin', '$2y$10$Pyc1iUQrXAWkgZK3dqvaE.Nnj1STYBiLyOBmlDFh9wWWmg68YKhrW', 'superadmin', 0, '8hQNtJpjAt1s5lhgNNr2xLUmdu1I6fmSsxwsLzKU9BiPv2jFMwP51lm3IDXX', NULL, '2020-02-04 13:12:23'),
(9, 'AL KAFI SOHAG', 'qwaszx', '$2y$10$BCqgO/Ic1GI1fx8H9Xp.ROEhn.Xwcr8ekzRZfG2wz61Na8ylwV7TG', 'admin', NULL, 'qfdp32KUcxqTx5b39dXCZsJiR0DnCoOqDWQQKT9a7ApbnBK4MoBWUQMiWo0X', '2021-06-02 11:02:48', '2021-06-02 11:02:48'),
(11, 'Test_mentor', 'Test_mentor', '$2y$10$BCqgO/Ic1GI1fx8H9Xp.ROEhn.Xwcr8ekzRZfG2wz61Na8ylwV7TG', 'mentor', NULL, NULL, NULL, NULL),
(14, 'test-user-1', 'test-user-1', '$2y$10$qFoR40bALZA0dDf8zACFgeUwdG4WyV/l0CW1zkfkbiTZof9Pv61Xu', 'user', NULL, NULL, '2021-06-02 11:26:28', '2021-06-02 11:26:28'),
(16, 'Rajia Sultana', 'rajia', '$2y$10$CsVyHEKdyyyyDm1ZwUcy5uGgOZv5YZnanek7lQigliiNHTbr9B8Nm', 'user', NULL, NULL, '2021-06-02 12:19:09', '2021-06-02 12:19:09'),
(17, 'AL Reza Shimon', 'reza', '$2y$10$E46ytyN.1yYHovKxjCEVTOobA1WI3mX23UFlzd5L1bnTtsBnE/PZa', 'user', NULL, NULL, '2021-06-11 14:22:44', '2021-06-11 14:22:44');

--
-- Indexes for dumped tables
--

--
-- Indexes for table `accounts`
--
ALTER TABLE `accounts`
  ADD PRIMARY KEY (`id`),
  ADD KEY `accounts_student_id_foreign` (`student_id`),
  ADD KEY `accounts_course_id_foreign` (`course_id`),
  ADD KEY `accounts_user_id_foreign` (`user_id`);

--
-- Indexes for table `batches`
--
ALTER TABLE `batches`
  ADD PRIMARY KEY (`id`),
  ADD KEY `batches_course_id_foreign` (`course_id`),
  ADD KEY `batches_user_id_foreign` (`user_id`);

--
-- Indexes for table `batch_mentor`
--
ALTER TABLE `batch_mentor`
  ADD PRIMARY KEY (`id`),
  ADD KEY `batch_mentor_mentor_id_foreign` (`mentor_id`);

--
-- Indexes for table `batch_student`
--
ALTER TABLE `batch_student`
  ADD PRIMARY KEY (`id`),
  ADD KEY `batch_student_batch_id_foreign` (`batch_id`),
  ADD KEY `batch_student_student_id_foreign` (`student_id`);

--
-- Indexes for table `courses`
--
ALTER TABLE `courses`
  ADD PRIMARY KEY (`id`),
  ADD KEY `courses_user_id_foreign` (`user_id`),
  ADD KEY `courses_course_type_id_foreign` (`course_type_id`);

--
-- Indexes for table `course_mentor`
--
ALTER TABLE `course_mentor`
  ADD PRIMARY KEY (`id`);

--
-- Indexes for table `course_migrations`
--
ALTER TABLE `course_migrations`
  ADD PRIMARY KEY (`id`),
  ADD KEY `course_migrations_student_id_foreign` (`student_id`);

--
-- Indexes for table `course_student`
--
ALTER TABLE `course_student`
  ADD PRIMARY KEY (`id`),
  ADD KEY `course_student_course_id_foreign` (`course_id`),
  ADD KEY `course_student_student_id_foreign` (`student_id`);

--
-- Indexes for table `course_types`
--
ALTER TABLE `course_types`
  ADD PRIMARY KEY (`id`),
  ADD KEY `course_types_user_id_foreign` (`user_id`);

--
-- Indexes for table `csv_data`
--
ALTER TABLE `csv_data`
  ADD PRIMARY KEY (`id`),
  ADD KEY `promotion_type_id` (`promotion_type_id`);

--
-- Indexes for table `discount`
--
ALTER TABLE `discount`
  ADD PRIMARY KEY (`id`),
  ADD KEY `course_id` (`course_id`),
  ADD KEY `user_id` (`user_id`);

--
-- Indexes for table `eit_mainnav`
--
ALTER TABLE `eit_mainnav`
  ADD PRIMARY KEY (`mN_id`),
  ADD KEY `user_id` (`user_id`);

--
-- Indexes for table `eit_navassign_bkdn`
--
ALTER TABLE `eit_navassign_bkdn`
  ADD PRIMARY KEY (`nB_id`),
  ADD KEY `nA_id` (`nA_id`),
  ADD KEY `mN_id` (`mN_id`),
  ADD KEY `sN_id` (`sN_id`),
  ADD KEY `user_id` (`user_id`);

--
-- Indexes for table `eit_nav_assign`
--
ALTER TABLE `eit_nav_assign`
  ADD PRIMARY KEY (`nA_id`),
  ADD KEY `user_id` (`user_id`);

--
-- Indexes for table `eit_subnav`
--
ALTER TABLE `eit_subnav`
  ADD PRIMARY KEY (`sN_id`),
  ADD KEY `mN_id` (`mN_id`),
  ADD KEY `user_id` (`user_id`);

--
-- Indexes for table `exam_add`
--
ALTER TABLE `exam_add`
  ADD PRIMARY KEY (`id`),
  ADD KEY `add_by` (`add_by`);

--
-- Indexes for table `exam_questions`
--
ALTER TABLE `exam_questions`
  ADD PRIMARY KEY (`id`);

--
-- Indexes for table `exam_question_types`
--
ALTER TABLE `exam_question_types`
  ADD PRIMARY KEY (`id`),
  ADD KEY `question_id` (`question_id`);

--
-- Indexes for table `installment_dates`
--
ALTER TABLE `installment_dates`
  ADD PRIMARY KEY (`id`),
  ADD KEY `installment_dates_account_id_foreign` (`account_id`);

--
-- Indexes for table `institutes`
--
ALTER TABLE `institutes`
  ADD PRIMARY KEY (`id`),
  ADD KEY `institutes_user_id_foreign` (`user_id`);

--
-- Indexes for table `marketingcomments`
--
ALTER TABLE `marketingcomments`
  ADD PRIMARY KEY (`id`),
  ADD KEY `marketingcomments_marketing_id_index` (`marketing_id`);

--
-- Indexes for table `marketings`
--
ALTER TABLE `marketings`
  ADD PRIMARY KEY (`id`);

--
-- Indexes for table `mentors`
--
ALTER TABLE `mentors`
  ADD PRIMARY KEY (`id`),
  ADD KEY `mentors_user_id_foreign` (`user_id`);

--
-- Indexes for table `mentor_education`
--
ALTER TABLE `mentor_education`
  ADD PRIMARY KEY (`id`),
  ADD KEY `mentor_education_mentor_id_foreign` (`mentor_id`);

--
-- Indexes for table `mentor_employment_histories`
--
ALTER TABLE `mentor_employment_histories`
  ADD PRIMARY KEY (`id`),
  ADD KEY `mentor_employment_histories_mentor_id_foreign` (`mentor_id`);

--
-- Indexes for table `mentor_payments`
--
ALTER TABLE `mentor_payments`
  ADD PRIMARY KEY (`id`),
  ADD KEY `mentor_payments_mentor_payment_info_id_foreign` (`mentor_payment_info_id`),
  ADD KEY `mentor_payments_user_id_foreign` (`user_id`);

--
-- Indexes for table `mentor_payment_infos`
--
ALTER TABLE `mentor_payment_infos`
  ADD PRIMARY KEY (`id`);

--
-- Indexes for table `mentor_specializations`
--
ALTER TABLE `mentor_specializations`
  ADD PRIMARY KEY (`id`),
  ADD KEY `mentor_specializations_mentor_id_foreign` (`mentor_id`);

--
-- Indexes for table `messages`
--
ALTER TABLE `messages`
  ADD PRIMARY KEY (`id`),
  ADD KEY `promotion_type_id` (`promotion_type_id`),
  ADD KEY `messages_ibfk_2` (`user_id`);

--
-- Indexes for table `migrations`
--
ALTER TABLE `migrations`
  ADD PRIMARY KEY (`id`);

--
-- Indexes for table `online_registration`
--
ALTER TABLE `online_registration`
  ADD PRIMARY KEY (`id`);

--
-- Indexes for table `payments`
--
ALTER TABLE `payments`
  ADD PRIMARY KEY (`id`),
  ADD KEY `payments_account_id_foreign` (`account_id`),
  ADD KEY `payments_user_id_foreign` (`user_id`);

--
-- Indexes for table `promotion_types`
--
ALTER TABLE `promotion_types`
  ADD PRIMARY KEY (`id`),
  ADD KEY `user_id` (`user_id`);

--
-- Indexes for table `sms_history`
--
ALTER TABLE `sms_history`
  ADD PRIMARY KEY (`id`),
  ADD KEY `user_id` (`user_id`);

--
-- Indexes for table `students`
--
ALTER TABLE `students`
  ADD PRIMARY KEY (`id`),
  ADD KEY `students_institute_id_foreign` (`institute_id`),
  ADD KEY `students_user_id_foreign` (`user_id`);

--
-- Indexes for table `teachers`
--
ALTER TABLE `teachers`
  ADD PRIMARY KEY (`id`),
  ADD KEY `teachers_institute_id_foreign` (`institute_id`),
  ADD KEY `teachers_user_id_foreign` (`user_id`);

--
-- Indexes for table `teacher_emails`
--
ALTER TABLE `teacher_emails`
  ADD PRIMARY KEY (`id`),
  ADD KEY `teacher_emails_teacher_id_foreign` (`teacher_id`);

--
-- Indexes for table `teacher_payments`
--
ALTER TABLE `teacher_payments`
  ADD PRIMARY KEY (`id`),
  ADD KEY `teacher_payments_teacher_payment_info_id_foreign` (`teacher_payment_info_id`),
  ADD KEY `teacher_payments_user_id_foreign` (`user_id`);

--
-- Indexes for table `teacher_payment_infos`
--
ALTER TABLE `teacher_payment_infos`
  ADD PRIMARY KEY (`id`);

--
-- Indexes for table `teacher_phones`
--
ALTER TABLE `teacher_phones`
  ADD PRIMARY KEY (`id`),
  ADD KEY `teacher_phones_teacher_id_foreign` (`teacher_id`);

--
-- Indexes for table `users`
--
ALTER TABLE `users`
  ADD PRIMARY KEY (`id`);

--
-- AUTO_INCREMENT for dumped tables
--

--
-- AUTO_INCREMENT for table `accounts`
--
ALTER TABLE `accounts`
  MODIFY `id` int(10) UNSIGNED NOT NULL AUTO_INCREMENT, AUTO_INCREMENT=442;

--
-- AUTO_INCREMENT for table `batches`
--
ALTER TABLE `batches`
  MODIFY `id` int(10) UNSIGNED NOT NULL AUTO_INCREMENT, AUTO_INCREMENT=46;

--
-- AUTO_INCREMENT for table `batch_mentor`
--
ALTER TABLE `batch_mentor`
  MODIFY `id` int(10) UNSIGNED NOT NULL AUTO_INCREMENT, AUTO_INCREMENT=20;

--
-- AUTO_INCREMENT for table `batch_student`
--
ALTER TABLE `batch_student`
  MODIFY `id` int(10) UNSIGNED NOT NULL AUTO_INCREMENT, AUTO_INCREMENT=594;

--
-- AUTO_INCREMENT for table `courses`
--
ALTER TABLE `courses`
  MODIFY `id` int(10) UNSIGNED NOT NULL AUTO_INCREMENT, AUTO_INCREMENT=18;

--
-- AUTO_INCREMENT for table `course_mentor`
--
ALTER TABLE `course_mentor`
  MODIFY `id` int(10) UNSIGNED NOT NULL AUTO_INCREMENT, AUTO_INCREMENT=12;

--
-- AUTO_INCREMENT for table `course_migrations`
--
ALTER TABLE `course_migrations`
  MODIFY `id` int(10) UNSIGNED NOT NULL AUTO_INCREMENT, AUTO_INCREMENT=7;

--
-- AUTO_INCREMENT for table `course_student`
--
ALTER TABLE `course_student`
  MODIFY `id` int(10) UNSIGNED NOT NULL AUTO_INCREMENT, AUTO_INCREMENT=481;

--
-- AUTO_INCREMENT for table `course_types`
--
ALTER TABLE `course_types`
  MODIFY `id` int(10) UNSIGNED NOT NULL AUTO_INCREMENT, AUTO_INCREMENT=5;

--
-- AUTO_INCREMENT for table `csv_data`
--
ALTER TABLE `csv_data`
  MODIFY `id` int(11) NOT NULL AUTO_INCREMENT, AUTO_INCREMENT=874;

--
-- AUTO_INCREMENT for table `discount`
--
ALTER TABLE `discount`
  MODIFY `id` int(11) NOT NULL AUTO_INCREMENT, AUTO_INCREMENT=21;

--
-- AUTO_INCREMENT for table `eit_mainnav`
--
ALTER TABLE `eit_mainnav`
  MODIFY `mN_id` int(11) NOT NULL AUTO_INCREMENT, AUTO_INCREMENT=25;

--
-- AUTO_INCREMENT for table `eit_navassign_bkdn`
--
ALTER TABLE `eit_navassign_bkdn`
  MODIFY `nB_id` int(11) NOT NULL AUTO_INCREMENT, AUTO_INCREMENT=932;

--
-- AUTO_INCREMENT for table `eit_nav_assign`
--
ALTER TABLE `eit_nav_assign`
  MODIFY `nA_id` int(11) NOT NULL AUTO_INCREMENT, AUTO_INCREMENT=234;

--
-- AUTO_INCREMENT for table `eit_subnav`
--
ALTER TABLE `eit_subnav`
  MODIFY `sN_id` int(11) NOT NULL AUTO_INCREMENT, AUTO_INCREMENT=37;

--
-- AUTO_INCREMENT for table `exam_add`
--
ALTER TABLE `exam_add`
  MODIFY `id` int(11) NOT NULL AUTO_INCREMENT, AUTO_INCREMENT=2;

--
-- AUTO_INCREMENT for table `exam_questions`
--
ALTER TABLE `exam_questions`
  MODIFY `id` int(11) NOT NULL AUTO_INCREMENT, AUTO_INCREMENT=35;

--
-- AUTO_INCREMENT for table `exam_question_types`
--
ALTER TABLE `exam_question_types`
  MODIFY `id` int(11) NOT NULL AUTO_INCREMENT, AUTO_INCREMENT=25;

--
-- AUTO_INCREMENT for table `installment_dates`
--
ALTER TABLE `installment_dates`
  MODIFY `id` int(10) UNSIGNED NOT NULL AUTO_INCREMENT, AUTO_INCREMENT=445;

--
-- AUTO_INCREMENT for table `institutes`
--
ALTER TABLE `institutes`
  MODIFY `id` int(10) UNSIGNED NOT NULL AUTO_INCREMENT, AUTO_INCREMENT=70;

--
-- AUTO_INCREMENT for table `marketingcomments`
--
ALTER TABLE `marketingcomments`
  MODIFY `id` bigint(20) UNSIGNED NOT NULL AUTO_INCREMENT, AUTO_INCREMENT=360;

--
-- AUTO_INCREMENT for table `marketings`
--
ALTER TABLE `marketings`
  MODIFY `id` bigint(20) UNSIGNED NOT NULL AUTO_INCREMENT, AUTO_INCREMENT=336;

--
-- AUTO_INCREMENT for table `mentors`
--
ALTER TABLE `mentors`
  MODIFY `id` int(10) UNSIGNED NOT NULL AUTO_INCREMENT, AUTO_INCREMENT=11;

--
-- AUTO_INCREMENT for table `mentor_education`
--
ALTER TABLE `mentor_education`
  MODIFY `id` int(10) UNSIGNED NOT NULL AUTO_INCREMENT, AUTO_INCREMENT=14;

--
-- AUTO_INCREMENT for table `mentor_employment_histories`
--
ALTER TABLE `mentor_employment_histories`
  MODIFY `id` int(10) UNSIGNED NOT NULL AUTO_INCREMENT, AUTO_INCREMENT=9;

--
-- AUTO_INCREMENT for table `mentor_payments`
--
ALTER TABLE `mentor_payments`
  MODIFY `id` int(10) UNSIGNED NOT NULL AUTO_INCREMENT, AUTO_INCREMENT=32;

--
-- AUTO_INCREMENT for table `mentor_payment_infos`
--
ALTER TABLE `mentor_payment_infos`
  MODIFY `id` int(10) UNSIGNED NOT NULL AUTO_INCREMENT, AUTO_INCREMENT=14;

--
-- AUTO_INCREMENT for table `mentor_specializations`
--
ALTER TABLE `mentor_specializations`
  MODIFY `id` int(10) UNSIGNED NOT NULL AUTO_INCREMENT, AUTO_INCREMENT=10;

--
-- AUTO_INCREMENT for table `messages`
--
ALTER TABLE `messages`
  MODIFY `id` int(10) UNSIGNED NOT NULL AUTO_INCREMENT, AUTO_INCREMENT=53;

--
-- AUTO_INCREMENT for table `migrations`
--
ALTER TABLE `migrations`
  MODIFY `id` int(10) UNSIGNED NOT NULL AUTO_INCREMENT, AUTO_INCREMENT=26;

--
-- AUTO_INCREMENT for table `online_registration`
--
ALTER TABLE `online_registration`
  MODIFY `id` int(11) NOT NULL AUTO_INCREMENT, AUTO_INCREMENT=23;

--
-- AUTO_INCREMENT for table `payments`
--
ALTER TABLE `payments`
  MODIFY `id` int(10) UNSIGNED NOT NULL AUTO_INCREMENT, AUTO_INCREMENT=798;

--
-- AUTO_INCREMENT for table `promotion_types`
--
ALTER TABLE `promotion_types`
  MODIFY `id` int(11) NOT NULL AUTO_INCREMENT, AUTO_INCREMENT=32;

--
-- AUTO_INCREMENT for table `sms_history`
--
ALTER TABLE `sms_history`
  MODIFY `id` int(10) NOT NULL AUTO_INCREMENT, AUTO_INCREMENT=1078;

--
-- AUTO_INCREMENT for table `students`
--
ALTER TABLE `students`
  MODIFY `id` int(10) UNSIGNED NOT NULL AUTO_INCREMENT, AUTO_INCREMENT=445;

--
-- AUTO_INCREMENT for table `teachers`
--
ALTER TABLE `teachers`
  MODIFY `id` int(10) UNSIGNED NOT NULL AUTO_INCREMENT, AUTO_INCREMENT=36;

--
-- AUTO_INCREMENT for table `teacher_emails`
--
ALTER TABLE `teacher_emails`
  MODIFY `id` int(10) UNSIGNED NOT NULL AUTO_INCREMENT, AUTO_INCREMENT=2;

--
-- AUTO_INCREMENT for table `teacher_payments`
--
ALTER TABLE `teacher_payments`
  MODIFY `id` int(10) UNSIGNED NOT NULL AUTO_INCREMENT, AUTO_INCREMENT=24;

--
-- AUTO_INCREMENT for table `teacher_payment_infos`
--
ALTER TABLE `teacher_payment_infos`
  MODIFY `id` int(10) UNSIGNED NOT NULL AUTO_INCREMENT, AUTO_INCREMENT=32;

--
-- AUTO_INCREMENT for table `teacher_phones`
--
ALTER TABLE `teacher_phones`
  MODIFY `id` int(10) UNSIGNED NOT NULL AUTO_INCREMENT, AUTO_INCREMENT=39;

--
-- AUTO_INCREMENT for table `users`
--
ALTER TABLE `users`
  MODIFY `id` int(10) UNSIGNED NOT NULL AUTO_INCREMENT, AUTO_INCREMENT=18;

--
-- Constraints for dumped tables
--

--
-- Constraints for table `accounts`
--
ALTER TABLE `accounts`
  ADD CONSTRAINT `accounts_course_id_foreign` FOREIGN KEY (`course_id`) REFERENCES `courses` (`id`) ON DELETE CASCADE,
  ADD CONSTRAINT `accounts_student_id_foreign` FOREIGN KEY (`student_id`) REFERENCES `students` (`id`) ON DELETE CASCADE,
  ADD CONSTRAINT `accounts_user_id_foreign` FOREIGN KEY (`user_id`) REFERENCES `users` (`id`) ON DELETE CASCADE;

--
-- Constraints for table `batches`
--
ALTER TABLE `batches`
  ADD CONSTRAINT `batches_course_id_foreign` FOREIGN KEY (`course_id`) REFERENCES `courses` (`id`) ON DELETE CASCADE,
  ADD CONSTRAINT `batches_user_id_foreign` FOREIGN KEY (`user_id`) REFERENCES `users` (`id`) ON DELETE CASCADE;

--
-- Constraints for table `batch_mentor`
--
ALTER TABLE `batch_mentor`
  ADD CONSTRAINT `batch_mentor_mentor_id_foreign` FOREIGN KEY (`mentor_id`) REFERENCES `mentors` (`id`) ON DELETE CASCADE;

--
-- Constraints for table `batch_student`
--
ALTER TABLE `batch_student`
  ADD CONSTRAINT `batch_student_batch_id_foreign` FOREIGN KEY (`batch_id`) REFERENCES `batches` (`id`) ON DELETE CASCADE,
  ADD CONSTRAINT `batch_student_student_id_foreign` FOREIGN KEY (`student_id`) REFERENCES `students` (`id`) ON DELETE CASCADE;

--
-- Constraints for table `courses`
--
ALTER TABLE `courses`
  ADD CONSTRAINT `courses_course_type_id_foreign` FOREIGN KEY (`course_type_id`) REFERENCES `course_types` (`id`) ON DELETE CASCADE,
  ADD CONSTRAINT `courses_user_id_foreign` FOREIGN KEY (`user_id`) REFERENCES `users` (`id`) ON DELETE CASCADE;

--
-- Constraints for table `course_migrations`
--
ALTER TABLE `course_migrations`
  ADD CONSTRAINT `course_migrations_student_id_foreign` FOREIGN KEY (`student_id`) REFERENCES `students` (`id`) ON DELETE CASCADE;

--
-- Constraints for table `course_student`
--
ALTER TABLE `course_student`
  ADD CONSTRAINT `course_student_course_id_foreign` FOREIGN KEY (`course_id`) REFERENCES `courses` (`id`) ON DELETE CASCADE,
  ADD CONSTRAINT `course_student_student_id_foreign` FOREIGN KEY (`student_id`) REFERENCES `students` (`id`) ON DELETE CASCADE;

--
-- Constraints for table `course_types`
--
ALTER TABLE `course_types`
  ADD CONSTRAINT `course_types_user_id_foreign` FOREIGN KEY (`user_id`) REFERENCES `users` (`id`) ON DELETE CASCADE;

--
-- Constraints for table `csv_data`
--
ALTER TABLE `csv_data`
  ADD CONSTRAINT `csv_data_ibfk_1` FOREIGN KEY (`promotion_type_id`) REFERENCES `promotion_types` (`id`) ON DELETE CASCADE ON UPDATE CASCADE;

--
-- Constraints for table `discount`
--
ALTER TABLE `discount`
  ADD CONSTRAINT `discount_ibfk_1` FOREIGN KEY (`course_id`) REFERENCES `courses` (`id`) ON DELETE CASCADE ON UPDATE CASCADE,
  ADD CONSTRAINT `discount_ibfk_2` FOREIGN KEY (`user_id`) REFERENCES `users` (`id`);

--
-- Constraints for table `exam_add`
--
ALTER TABLE `exam_add`
  ADD CONSTRAINT `exam_add_ibfk_1` FOREIGN KEY (`add_by`) REFERENCES `users` (`id`) ON DELETE CASCADE ON UPDATE CASCADE;

--
-- Constraints for table `installment_dates`
--
ALTER TABLE `installment_dates`
  ADD CONSTRAINT `installment_dates_account_id_foreign` FOREIGN KEY (`account_id`) REFERENCES `accounts` (`id`) ON DELETE CASCADE;

--
-- Constraints for table `institutes`
--
ALTER TABLE `institutes`
  ADD CONSTRAINT `institutes_user_id_foreign` FOREIGN KEY (`user_id`) REFERENCES `users` (`id`) ON DELETE CASCADE;

--
-- Constraints for table `mentors`
--
ALTER TABLE `mentors`
  ADD CONSTRAINT `mentors_user_id_foreign` FOREIGN KEY (`user_id`) REFERENCES `users` (`id`) ON DELETE CASCADE;

--
-- Constraints for table `mentor_education`
--
ALTER TABLE `mentor_education`
  ADD CONSTRAINT `mentor_education_mentor_id_foreign` FOREIGN KEY (`mentor_id`) REFERENCES `mentors` (`id`) ON DELETE CASCADE;

--
-- Constraints for table `mentor_employment_histories`
--
ALTER TABLE `mentor_employment_histories`
  ADD CONSTRAINT `mentor_employment_histories_mentor_id_foreign` FOREIGN KEY (`mentor_id`) REFERENCES `mentors` (`id`) ON DELETE CASCADE;

--
-- Constraints for table `mentor_payments`
--
ALTER TABLE `mentor_payments`
  ADD CONSTRAINT `mentor_payments_mentor_payment_info_id_foreign` FOREIGN KEY (`mentor_payment_info_id`) REFERENCES `mentor_payment_infos` (`id`) ON DELETE CASCADE,
  ADD CONSTRAINT `mentor_payments_user_id_foreign` FOREIGN KEY (`user_id`) REFERENCES `users` (`id`);

--
-- Constraints for table `mentor_specializations`
--
ALTER TABLE `mentor_specializations`
  ADD CONSTRAINT `mentor_specializations_mentor_id_foreign` FOREIGN KEY (`mentor_id`) REFERENCES `mentors` (`id`) ON DELETE CASCADE;

--
-- Constraints for table `payments`
--
ALTER TABLE `payments`
  ADD CONSTRAINT `payments_account_id_foreign` FOREIGN KEY (`account_id`) REFERENCES `accounts` (`id`) ON DELETE CASCADE,
  ADD CONSTRAINT `payments_user_id_foreign` FOREIGN KEY (`user_id`) REFERENCES `users` (`id`) ON DELETE CASCADE;

--
-- Constraints for table `students`
--
ALTER TABLE `students`
  ADD CONSTRAINT `students_institute_id_foreign` FOREIGN KEY (`institute_id`) REFERENCES `institutes` (`id`) ON DELETE CASCADE,
  ADD CONSTRAINT `students_user_id_foreign` FOREIGN KEY (`user_id`) REFERENCES `users` (`id`) ON DELETE CASCADE;

--
-- Constraints for table `teachers`
--
ALTER TABLE `teachers`
  ADD CONSTRAINT `teachers_institute_id_foreign` FOREIGN KEY (`institute_id`) REFERENCES `institutes` (`id`) ON DELETE CASCADE,
  ADD CONSTRAINT `teachers_user_id_foreign` FOREIGN KEY (`user_id`) REFERENCES `users` (`id`) ON DELETE CASCADE;

--
-- Constraints for table `teacher_emails`
--
ALTER TABLE `teacher_emails`
  ADD CONSTRAINT `teacher_emails_teacher_id_foreign` FOREIGN KEY (`teacher_id`) REFERENCES `teachers` (`id`) ON DELETE CASCADE;

--
-- Constraints for table `teacher_payments`
--
ALTER TABLE `teacher_payments`
  ADD CONSTRAINT `teacher_payments_teacher_payment_info_id_foreign` FOREIGN KEY (`teacher_payment_info_id`) REFERENCES `teacher_payment_infos` (`id`) ON DELETE CASCADE,
  ADD CONSTRAINT `teacher_payments_user_id_foreign` FOREIGN KEY (`user_id`) REFERENCES `users` (`id`);

--
-- Constraints for table `teacher_phones`
--
ALTER TABLE `teacher_phones`
  ADD CONSTRAINT `teacher_phones_teacher_id_foreign` FOREIGN KEY (`teacher_id`) REFERENCES `teachers` (`id`) ON DELETE CASCADE;
COMMIT;

/*!40101 SET CHARACTER_SET_CLIENT=@OLD_CHARACTER_SET_CLIENT */;
/*!40101 SET CHARACTER_SET_RESULTS=@OLD_CHARACTER_SET_RESULTS */;
/*!40101 SET COLLATION_CONNECTION=@OLD_COLLATION_CONNECTION */;
